File	Sheet	StateAbbreviation	RequestingAgency	ItemDescription	RecordDate	AcquisitionValue	Quantity	UnitIncrement	Item_FSG	Item_FSC	Item_CC	Item_Code	Justification	NSN	FSC	NIIN	DEMILCode	DEMILIC	StationType	RequisitionID	CancelledBy	RTDRef	ReasonCancelled
DISP_Shipments_Cancellations_01012020_03312020.xlsx	SHIPMENTS	DC	DHS/CBP WASHINGTON DC	SHIPPING AND STORAG	2020-01-17 00:00:00	4278.98	1	EA	81	45	01	3262578	THIS SHIPPING AND STORAGE CONTAINER CAN BE USED TO HOUSE CRITICAL EQUIPMENT THAT DOESN'T REQUIRE CLIMATE CONTROL BUT DOES REQUIRE SECURITY AND SHELTER FROM THE ELEMENTS. THIS CONTAINER WILL ENHANCE THE SECURITY OF VULNERABLE EQUIPMENT.	not in file	8145	013262578	not in file	not in file	not in file	2YTRGK93414225	not in file	not in file	not in file
DISP_Shipments_Cancellations_01012020_03312020.xlsx	SHIPMENTS	DC	DHS/CBP WASHINGTON DC	SHIPPING AND STORAGE CONTAINER,MISCELLAN	2020-01-17 00:00:00	632.6	1	EA	81	45	00	8721285	THIS SHIPPING AND STORAGE CONTAINER CAN BE USED TO HOUSE CRITICAL EQUIPMENT THAT DOESN'T REQUIRE CLIMATE CONTROL BUT DOES REQUIRE SECURITY AND SHELTER FROM THE ELEMENTS. THIS CONTAINER WILL ENHANCE THE SECURITY OF VULNERABLE EQUIPMENT.	not in file	8145	008721285	not in file	not in file	not in file	2YTRGK93414226	not in file	not in file	not in file
DISP_Shipments_Cancellations_01012020_03312020.xlsx	SHIPMENTS	DC	DHS/CBP WASHINGTON DC	SHIPPING AND STORAGE CONTAINER,MISCELLAN	2020-01-17 00:00:00	632.6	1	EA	81	45	00	8721285	THIS SHIPPING AND STORAGE CONTAINER CAN BE USED TO HOUSE CRITICAL EQUIPMENT THAT DOESN'T REQUIRE CLIMATE CONTROL BUT DOES REQUIRE SECURITY AND SHELTER FROM THE ELEMENTS. THIS CONTAINER WILL ENHANCE THE SECURITY OF VULNERABLE EQUIPMENT.	not in file	8145	008721285	not in file	not in file	not in file	2YTRGK93414227	not in file	not in file	not in file
DISP_Shipments_Cancellations_01012020_03312020.xlsx	SHIPMENTS	DC	DHS/CBP WASHINGTON DC	BOOTS,COMBAT	2020-01-17 00:00:00	101.69	1	PR	84	30	01	5161708	THESE BOOTS WILL BE USED TO ENABLE CBP OFFICERS TO PERFORM THEIR DUTIES AND CONDUCT OPERATIONS SAFELY.	not in file	8430	015161708	not in file	not in file	not in file	2YTRGK93505888	not in file	not in file	not in file
DISP_Shipments_Cancellations_01012020_03312020.xlsx	SHIPMENTS	DC	DHS/CBP WASHINGTON DC	BOOTS,COMBAT	2020-01-17 00:00:00	101.69	1	PR	84	30	01	5161691	THESE BOOTS WILL BE USED TO ENABLE CBP OFFICERS TO PERFORM THEIR DUTIES AND CONDUCT OPERATIONS SAFELY.	not in file	8430	015161691	not in file	not in file	not in file	2YTRGK93505889	not in file	not in file	not in file
DISP_Shipments_Cancellations_01012020_03312020.xlsx	SHIPMENTS	DC	DHS/CBP WASHINGTON DC	BOOTS,COMBAT	2020-01-17 00:00:00	101.69	1	PR	84	30	01	5161659	THESE BOOTS WILL BE USED TO ENABLE CBP OFFICERS TO PERFORM THEIR DUTIES AND CONDUCT OPERATIONS SAFELY.	not in file	8430	015161659	not in file	not in file	not in file	2YTRGK93505890	not in file	not in file	not in file
DISP_Shipments_Cancellations_01012020_03312020.xlsx	SHIPMENTS	DC	DHS/CBP WASHINGTON DC	BOOTS,COMBAT	2020-01-17 00:00:00	101.69	1	PR	84	30	01	5161679	THESE BOOTS WILL BE USED TO ENABLE CBP OFFICERS TO PERFORM THEIR DUTIES AND CONDUCT OPERATIONS SAFELY.	not in file	8430	015161679	not in file	not in file	not in file	2YTRGK93505891	not in file	not in file	not in file
DISP_Shipments_Cancellations_01012020_03312020.xlsx	SHIPMENTS	DC	DHS/CBP WASHINGTON DC	BOOTS,COMBAT	2020-01-17 00:00:00	101.69	1	PR	84	30	01	5161652	THESE BOOTS WILL BE USED TO ENABLE CBP OFFICERS TO PERFORM THEIR DUTIES AND CONDUCT OPERATIONS SAFELY.	not in file	8430	015161652	not in file	not in file	not in file	2YTRGK93505892	not in file	not in file	not in file
DISP_Shipments_Cancellations_01012020_03312020.xlsx	SHIPMENTS	DC	DHS/CBP WASHINGTON DC	MULTIMETER	2020-01-17 00:00:00	600.0	1	EA	66	25	01	5859211	THIS MULTIMETER WILL ENABLE CBP OPERATIONS BY PROVIDING A KEY PIECE OF EQUIPMENT AT A MINIMAL COST. OFFICERS WILL USE THIS EQUIPMENT TO MAINTAIN GENERATORS, VEHICLES, AND OTHER ELECTRICAL EQUIPMENT.	not in file	6625	015859211	not in file	not in file	not in file	2YTRGK93505894	not in file	not in file	not in file
DISP_Shipments_Cancellations_01012020_03312020.xlsx	SHIPMENTS	DC	DHS/CBP WASHINGTON DC	BOARD,MARKER	2020-01-17 00:00:00	63.17	1	EA	71	10	01	5680401	REQUESTING THIS WHITE BOARD FOR OFFICE USE AT THE CBP PORTS OF ENTRY TO ENHANCE ADMINISTRATIVE OPERATIONS AND PLANNING.	not in file	7110	015680401	not in file	not in file	not in file	2YTRGK93505901	not in file	not in file	not in file
DISP_Shipments_Cancellations_01012020_03312020.xlsx	SHIPMENTS	DC	DHS/CBP WASHINGTON DC	WORK SURFACE,ADJUSTABLE	2020-01-17 00:00:00	517.5	1	EA	71	10	01	6535901	REQUESTING THESE WORK SURFACES TO USE IN THE CBP OFFICES TO ENHANCE THE ADMINISTRATIVE CAPABILITIES OF THE OFFICES.	not in file	7110	016535901	not in file	not in file	not in file	2YTRGK93505902	not in file	not in file	not in file
DISP_Shipments_Cancellations_01012020_03312020.xlsx	SHIPMENTS	DC	DHS/CBP WASHINGTON DC	WHISKER,HELMET	2020-03-17 00:00:00	70.4	2	EA	42	20	01	3311973	FOR BORDER SECURITY LAW ENFORCEMENT OPERATIONS. ALSO, RESPONDING TO NATURAL AND MANMADE DISASTERS. CONDUCTING SEARCH AND RESCUE MISSION AND OPERATIONS. USE WITH ATV OPERATIONS.	not in file	4220	013311973	not in file	not in file	not in file	2YTRGK00568554	not in file	not in file	not in file
DISP_Shipments_Cancellations_01012020_03312020.xlsx	CANCELLATIONS	DC	DHS/CBP WASHINGTON DC	CHEST,COLLAPSIBLE	2020-02-27 15:24:50	114.5	15	EA	84	60	00	2128086	FOR BORDER SECURITY LAW ENFORCEMENT OPERATIONS AND TRAINING.  ALSO, FOR STORAGE RESPONDING TO NATURAL AND MANMADE DISASTERS.	not in file	8460	002128086	not in file	not in file	not in file	not in file	LESOHQ	2515141	CYCLE: This item has moved into the unapproved General Services Administration GSA cycle and cannot be approved to LESO customers.
DISP_Shipments_Cancellations_01012020_03312020.xlsx	CANCELLATIONS	DC	DHS/CBP WASHINGTON DC	TOOL KIT,VEHICULAR,	2020-03-10 14:38:57	1466.0	30	KT	51	80	01	3875455	TOOL KITS WILL BE USED TO INSPECT VEHICLES ENTERING THE US BY US CUSTOMS AND BORDER PROTECTION (DEPARTMENT OF HOMELAND SECURITY) LAW ENFORCEMENT OFFICERS IN PURSUANCE OF NATIONAL SECURITY.	not in file	5180	013875455	not in file	not in file	not in file	not in file	LESOHQ	2522390	CYCLE: This item has moved into the unapproved General Services Administration GSA cycle and cannot be approved to LESO customers.
DISP_Shipments_Cancellations_01012020_03312020.xlsx	CANCELLATIONS	DC	DHS/CBP WASHINGTON DC	ASSAULT PACK	2020-03-11 15:18:38	77.14	9	EA	84	65	01	5245250	FOR USE BY CUSTOMS AND BORDER PROTECTION LAW ENFORCEMENT OFFICERS IN PURSUANCE OF NATIONAL SECURITY, BORDER CROSSING COMPLIANCE, OFFICER SAFETY, AND HUMANITARIAN AID.	not in file	8465	015245250	not in file	not in file	not in file	not in file	LESOHQ	2523272	CYCLE: This item has moved into the unapproved General Services Administration GSA cycle and cannot be approved to LESO customers.
DISP_Shipments_Cancellations_01012020_03312020.xlsx	CANCELLATIONS	DC	DHS/CBP WASHINGTON DC	ASSAULT PACK	2020-03-11 15:24:14	77.14	2	EA	84	65	01	5245250	FOR USE BY CUSTOMS AND BORDER PROTECTION LAW ENFORCEMENT OFFICERS IN PURSUANCE OF NATIONAL SECURITY, BORDER CROSSING COMPLIANCE, OFFICER SAFETY, AND HUMANITARIAN AID.	not in file	8465	015245250	not in file	not in file	not in file	not in file	LESOHQ	2523308	CYCLE: This item has moved into the unapproved General Services Administration GSA cycle and cannot be approved to LESO customers.
DISP_Shipments_Cancellations_01012020_03312020.xlsx	CANCELLATIONS	DC	DHS/CBP WASHINGTON DC	MWD WORLDWIDE DEPLOYABLE KENNEL SYSTEM	2020-01-15 13:34:16	8925.0	2	EA	37	70	01	6307307	CUSTOMS AND BORDER PROTECTION IS REQUESTING THESE KENNELS TO PROVIDE PROTECTION FROM THE ELEMENTS FOR LAW ENFORCEMENT K-9S IN SUPPORT OF THE NATIONAL SECURITY MISSION.	not in file	3770	016307307	not in file	not in file	not in file	not in file	SYSTEM	2494438	"\nSales Order #: 2147340884\nRTD Screening Code: DOD"
DISP_Shipments_Cancellations_01012020_03312020.xlsx	CANCELLATIONS	DC	DHS/CBP WASHINGTON DC	BLANKET,INSULATION	2020-03-10 16:02:12	297.1	3	EA	16	60	00	7914150	FOR USE BY CUSTOMS AND BORDER PROTECTION LAW ENFORCEMENT OFFICERS IN PURSUANCE OF NATIONAL SECURITY, BORDER CROSSING COMPLIANCE, OFFICER SAFETY, AND HUMANITARIAN AID.	not in file	1660	007914150	not in file	not in file	not in file	not in file	SYSTEM	2522643	"\nSales Order #: 2152372347\nRTD Screening Code: DOD"
DISP_Shipments_Cancellations_01012020_03312020.xlsx	CANCELLATIONS	DC	DHS/CBP WASHINGTON DC	BLANKET,STERILIZER,	2020-03-11 15:18:38	77.99	10	EA	65	30	01	1137450	FOR USE BY CUSTOMS AND BORDER PROTECTION LAW ENFORCEMENT OFFICERS IN PURSUANCE OF NATIONAL SECURITY, BORDER CROSSING COMPLIANCE, OFFICER SAFETY, AND HUMANITARIAN AID.	not in file	6530	011137450	not in file	not in file	not in file	not in file	SYSTEM	2523271	Requested DTID is no longer in the inventory.
DISP_Shipments_Cancellations_01012020_03312020.xlsx	CANCELLATIONS	DC	DHS/CBP WASHINGTON DC	BANDAGE,GAUZE	2020-03-10 16:02:12	1.26	66	EA	65	10	01	5271972	FOR USE BY CUSTOMS AND BORDER PROTECTION LAW ENFORCEMENT OFFICERS IN PURSUANCE OF NATIONAL SECURITY, BORDER CROSSING COMPLIANCE, OFFICER SAFETY, AND HUMANITARIAN AID.	not in file	6510	015271972	not in file	not in file	not in file	not in file	SYSTEM	2522642	Requested DTID is no longer in the inventory.
DISP_Shipments_Cancellations_01012020_03312020.xlsx	CANCELLATIONS	DC	DHS/CBP WASHINGTON DC	BANDAGE,GAUZE	2020-03-11 15:18:38	8.16	1	PG	65	10	00	5827993	FOR USE BY CUSTOMS AND BORDER PROTECTION LAW ENFORCEMENT OFFICERS IN PURSUANCE OF NATIONAL SECURITY, BORDER CROSSING COMPLIANCE, OFFICER SAFETY, AND HUMANITARIAN AID.	not in file	6510	005827993	not in file	not in file	not in file	not in file	SYSTEM	2523270	Requested DTID is no longer in the inventory.
DISP_Shipments_Cancellations_01012020_03312020.xlsx	CANCELLATIONS	DC	DHS/CBP WASHINGTON DC	BLANKET,INSULATION	2020-03-11 15:18:38	297.1	3	EA	16	60	00	7914150	FOR USE BY CUSTOMS AND BORDER PROTECTION LAW ENFORCEMENT OFFICERS IN PURSUANCE OF NATIONAL SECURITY, BORDER CROSSING COMPLIANCE, OFFICER SAFETY, AND HUMANITARIAN AID.	not in file	1660	007914150	not in file	not in file	not in file	not in file	SYSTEM	2523268	"\nSales Order #: 2152372330\nRTD Screening Code: DOD"
DISP_Shipments_Cancellations_01012020_03312020.xlsx	CANCELLATIONS	DC	DHS/CBP WASHINGTON DC	BANDAGE,GAUZE	2020-03-11 15:18:38	25.87	1	EA	65	10	01	4568055	FOR USE BY CUSTOMS AND BORDER PROTECTION LAW ENFORCEMENT OFFICERS IN PURSUANCE OF NATIONAL SECURITY, BORDER CROSSING COMPLIANCE, OFFICER SAFETY, AND HUMANITARIAN AID.	not in file	6510	014568055	not in file	not in file	not in file	not in file	SYSTEM	2523267	Requested DTID is no longer in the inventory.
DISP_Shipments_Cancellations_01012020_03312020.xlsx	CANCELLATIONS	DC	DHS/CBP WASHINGTON DC	BASKET,TOURNIQUET S	2020-03-11 15:18:38	219.59	4	EA	65	15	01	5232821	FOR USE BY CUSTOMS AND BORDER PROTECTION LAW ENFORCEMENT OFFICERS IN PURSUANCE OF NATIONAL SECURITY, BORDER CROSSING COMPLIANCE, OFFICER SAFETY, AND HUMANITARIAN AID.	not in file	6515	015232821	not in file	not in file	not in file	not in file	SYSTEM	2523266	Requested DTID is no longer in the inventory.
DISP_Shipments_Cancellations_01012020_03312020.xlsx	CANCELLATIONS	DC	DHS/CBP WASHINGTON DC	MASK,ORONASAL	2020-03-11 15:18:38	82.07	1	PG	65	15	01	3716467	FOR USE BY CUSTOMS AND BORDER PROTECTION LAW ENFORCEMENT OFFICERS IN PURSUANCE OF NATIONAL SECURITY, BORDER CROSSING COMPLIANCE, OFFICER SAFETY, AND HUMANITARIAN AID.	not in file	6515	013716467	not in file	not in file	not in file	not in file	SYSTEM	2523264	"\nSales Order #: 2152175599\nRTD Screening Code: DOD"
DISP_Shipments_Cancellations_01012020_03312020.xlsx	CANCELLATIONS	DC	DHS/CBP WASHINGTON DC	TOWEL PACK,SURGICAL	2020-03-11 15:18:38	300.22	1	PG	65	10	00	1101854	FOR USE BY CUSTOMS AND BORDER PROTECTION LAW ENFORCEMENT OFFICERS IN PURSUANCE OF NATIONAL SECURITY, BORDER CROSSING COMPLIANCE, OFFICER SAFETY, AND HUMANITARIAN AID.	not in file	6510	001101854	not in file	not in file	not in file	not in file	SYSTEM	2523263	
DISP_Shipments_Cancellations_01012020_03312020.xlsx	CANCELLATIONS	DC	DHS/CBP WASHINGTON DC	CUFF,TOURNIQUET	2020-03-11 15:18:38	514.81	50	EA	65	15	01	1738896	FOR USE BY CUSTOMS AND BORDER PROTECTION LAW ENFORCEMENT OFFICERS IN PURSUANCE OF NATIONAL SECURITY, BORDER CROSSING COMPLIANCE, OFFICER SAFETY, AND HUMANITARIAN AID.	not in file	6515	011738896	not in file	not in file	not in file	not in file	SYSTEM	2523261	Requested DTID is no longer in the inventory.
DISP_Shipments_Cancellations_01012020_03312020.xlsx	CANCELLATIONS	DC	DHS/CBP WASHINGTON DC	MASK,ORONASAL	2020-03-11 15:18:38	82.07	30	PG	65	15	01	3716467	FOR USE BY CUSTOMS AND BORDER PROTECTION LAW ENFORCEMENT OFFICERS IN PURSUANCE OF NATIONAL SECURITY, BORDER CROSSING COMPLIANCE, OFFICER SAFETY, AND HUMANITARIAN AID.	not in file	6515	013716467	not in file	not in file	not in file	not in file	SYSTEM	2523260	Requested DTID is no longer in the inventory.
DISP_Shipments_Cancellations_01012020_03312020.xlsx	CANCELLATIONS	DC	DHS/CBP WASHINGTON DC	CUFF,TOURNIQUET	2020-03-11 15:18:38	514.81	47	EA	65	15	01	1738896	FOR USE BY CUSTOMS AND BORDER PROTECTION LAW ENFORCEMENT OFFICERS IN PURSUANCE OF NATIONAL SECURITY, BORDER CROSSING COMPLIANCE, OFFICER SAFETY, AND HUMANITARIAN AID.	not in file	6515	011738896	not in file	not in file	not in file	not in file	SYSTEM	2523258	Requested DTID is no longer in the inventory.
DISP_Shipments_Cancellations_01012020_03312020.xlsx	CANCELLATIONS	DC	DHS/CBP WASHINGTON DC	BANDAGE,GAUZE	2020-03-10 14:38:57	8.16	169	PG	65	10	00	5827993	FOR USE BY CUSTOMS AND BORDER PROTECTION OFFICERS (DEPARTMENT OF HOMELAND SECURITY) IN PURSUANCE OF NATIONAL SECURITY, LAW ENFORCEMENT, BORDER CROSSING COMPLIANCE, AND HUMANITARIAN AID.	not in file	6510	005827993	not in file	not in file	not in file	not in file	SYSTEM	2522395	Requested DTID is no longer in the inventory.
DISP_Shipments_Cancellations_01012020_03312020.xlsx	CANCELLATIONS	DC	DHS/CBP WASHINGTON DC	BANDAGE,GAUZE	2020-03-10 14:38:57	25.87	1	EA	65	10	01	4568055	FOR USE BY CUSTOMS AND BORDER PROTECTION OFFICERS (DEPARTMENT OF HOMELAND SECURITY) IN PURSUANCE OF NATIONAL SECURITY, LAW ENFORCEMENT, BORDER CROSSING COMPLIANCE, AND HUMANITARIAN AID.	not in file	6510	014568055	not in file	not in file	not in file	not in file	SYSTEM	2522394	Requested DTID is no longer in the inventory.
DISP_Shipments_Cancellations_01012020_03312020.xlsx	CANCELLATIONS	DC	DHS/CBP WASHINGTON DC	BLANKET,SURVIVAL	2020-03-10 14:38:57	47.47	27	EA	65	32	01	5246932	FOR USE BY CUSTOMS AND BORDER PROTECTION OFFICERS (DEPARTMENT OF HOMELAND SECURITY) IN PURSUANCE OF NATIONAL SECURITY, LAW ENFORCEMENT, BORDER CROSSING COMPLIANCE, AND HUMANITARIAN AID.	not in file	6532	015246932	not in file	not in file	not in file	not in file	SYSTEM	2522392	Requested DTID is no longer in the inventory.
DISP_Shipments_Cancellations_01012020_03312020.xlsx	CANCELLATIONS	DC	DHS/CBP WASHINGTON DC	RACK, COMMERCIAL STORAGE	2020-03-10 14:38:57	125.0	46	EA	71	25	DS	RACK002	FOR USE BY CUSTOMS AND BORDER PROTECTION LAW ENFORCEMENT OFFICER EQUIPMENT IN PURSUANCE OF NATIONAL SECURITY.	not in file	7125	DSRACK002	not in file	not in file	not in file	not in file	SYSTEM	2522391	"\nSales Order #: 2152343786\nRTD Screening Code: DOD"
DISP_Shipments_Cancellations_01012020_03312020.xlsx	CANCELLATIONS	DC	DHS/CBP WASHINGTON DC	DESK	2020-02-27 11:12:50	225.0	20	EA	71	10	DS	DESK001	FOR USE IN ESTABLISHING A NEW OPERATIONS FACILITY SUPPORTING NATIONAL SECURITY VIA THE DEPARTMENT OF HOMELAND SECURITY.	not in file	7110	DSDESK001	not in file	not in file	not in file	not in file	SYSTEM	2514898	"\nSales Order #: 2151234182\nRTD Screening Code: DOD"
DISP_Shipments_Cancellations_01012020_03312020.xlsx	CANCELLATIONS	DC	DHS/CBP WASHINGTON DC	PAD,HELMET,ADVANCED	2020-02-25 15:31:05	5.76	250	EA	84	70	01	5469356	FOR BORDER SECURITY LAW ENFORCEMENT OPERATIONS. ALSO, RESPONDING TO NATURAL AND MANMADE DISASTERS. CONDUCTING SEARCH AND RESCUE MISSION AND OPERATIONS. USE WITH ATV OPERATIONS.	not in file	8470	015469356	not in file	not in file	not in file	not in file	SYSTEM	2513774	"\nSales Order #: 2151234185\nRTD Screening Code: DOD"
DISP_Shipments_Cancellations_01012020_03312020.xlsx	CANCELLATIONS	DC	DHS/CBP WASHINGTON DC	PAD,HELMET,ADVANCED	2020-02-25 15:31:05	9.11	100	EA	84	70	01	5066626	FOR BORDER SECURITY LAW ENFORCEMENT OPERATIONS. ALSO, RESPONDING TO NATURAL AND MANMADE DISASTERS. CONDUCTING SEARCH AND RESCUE MISSION AND OPERATIONS. USE WITH ATV OPERATIONS.	not in file	8470	015066626	not in file	not in file	not in file	not in file	SYSTEM	2513773	"\nSales Order #: 2151234184\nRTD Screening Code: DOD"
DISP_Shipments_Cancellations_01012020_03312020.xlsx	CANCELLATIONS	DC	DHS/CBP WASHINGTON DC	GLOVES,FLYERS'	2020-02-25 15:31:05	22.69	81	PR	84	15	01	4614920	FOR BORDER SECURITY LAW ENFORCEMENT OPERATIONS. ALSO, RESPONDING TO NATURAL AND MANMADE DISASTERS. CONDUCTING SEARCH AND RESCUE MISSION AND OPERATIONS	not in file	8415	014614920	not in file	not in file	not in file	not in file	SYSTEM	2513771	Requested DTID is no longer in the inventory.
DISP_Shipments_Cancellations_01012020_03312020.xlsx	CANCELLATIONS	DC	DHS/CBP WASHINGTON DC	GLOVES,FLYERS'	2020-02-25 15:31:05	22.69	122	PR	84	15	01	4828688	FOR BORDER SECURITY LAW ENFORCEMENT OPERATIONS. ALSO, RESPONDING TO NATURAL AND MANMADE DISASTERS. CONDUCTING SEARCH AND RESCUE MISSION AND OPERATIONS	not in file	8415	014828688	not in file	not in file	not in file	not in file	SYSTEM	2513770	Requested DTID is no longer in the inventory.
DISP_Shipments_Cancellations_01012020_03312020.xlsx	CANCELLATIONS	DC	DHS/CBP WASHINGTON DC	CARRIER,HYDRATION	2020-02-25 15:31:05	34.04	11	EA	84	65	01	5248362	FOR BORDER SECURITY LAW ENFORCEMENT OPERATIONS. ALSO, RESPONDING TO NATURAL AND MANMADE DISASTERS	not in file	8465	015248362	not in file	not in file	not in file	not in file	SYSTEM	2513769	"\nSales Order #: 2151234167\nRTD Screening Code: DOD"
DISP_Shipments_Cancellations_01012020_03312020.xlsx	CANCELLATIONS	DC	USPS/USPIS WASHINGTON DC DIV	BANDAGE,GAUZE,IMPRE	2020-01-07 11:26:14	42.1	135	EA	65	10	01	5623325	REQUEST BY THE WASHINGTON DIVISION, U.S. POSTAL INSPECTION SERVICE FOR USE IN INDIVIDUAL FIRST AID KITS AND OFFICE FIRST AID KITS.  THIS ITEM WILL AUGMENT OUR EXISTING TRAUMA KITS FOR OUR UNIFORMED OFFICERS AND PLAIN-CLOTHES AGENTS FOR USE DURING LAW ENFORCEMENT OPERATIONS AND TRAINING, PARTICULARLY IN THE EVENT OF ACTIVE SHOOTER OR MASS CASUALTY INCIDENTS.  THIS REQUEST IS UNDER OUR 162 PAX COMPLEMENT DUE TO REQUESTED ITEM HAVING AN EXPIRATION DATE, FOR MASS CASUALTY INCIDENTS, AND TRAINING.	not in file	6510	015623325	not in file	not in file	not in file	not in file	SYSTEM	2491249	Requested DTID is no longer in the inventory.
DISP_Shipments_Cancellations_01012020_03312020.xlsx	CANCELLATIONS	DC	USPS/USPIS WASHINGTON DC DIV	BANDAGE,HEMORAGE CO	2020-01-30 09:50:31	8.6	30	EA	65	10	01	5864314	REQUEST BY THE WASHINGTON DIVISION, U.S. POSTAL INSPECTION SERVICE FOR USE IN INDIVIDUAL FIRST AID KITS AND OFFICE FIRST AID KITS.  THIS ITEM WILL AUGMENT OUR EXISTING TRAUMA KITS FOR OUR UNIFORMED OFFICERS AND PLAIN-CLOTHES AGENTS FOR USE DURING LAW ENFORCEMENT OPERATIONS AND TRAINING, PARTICULARLY IN THE EVENT OF ACTIVE SHOOTER OR MASS CASUALTY INCIDENTS.  THIS REQUEST IS BELOW OUR 162 PAX COMPLEMENT DUE TO REQUESTED ITEM HAVING AN EXPIRATION DATE, FOR MASS CASUALTY INCIDENTS, AND TRAINING.	not in file	6510	015864314	not in file	not in file	not in file	not in file	SYSTEM	2501396	"\nSales Order #: 2148588678\nRTD Screening Code: DOD"
DISP_Shipments_Cancellations_04012020_06302020.xlsx	SHIPMENTS	DC	DHS/CBP WASHINGTON DC	MASK,ORONASAL	2020-05-19 00:00:00	82.07	1	PG	65	15	01	3716467	FOR USE BY CUSTOMS AND BORDER PROTECTION OFFICERS (DEPARTMENT OF HOMELAND SECURITY) IN PURSUANCE OF NATIONAL SECURITY, LAW ENFORCEMENT, BORDER CROSSING COMPLIANCE, AND HUMANITARIAN AID.	not in file	6515	013716467	not in file	not in file	not in file	2YTRGK00702115	not in file	not in file	not in file
DISP_Shipments_Cancellations_04012020_06302020.xlsx	SHIPMENTS	DC	DHS/CBP WASHINGTON DC	MASK,ORONASAL	2020-05-19 00:00:00	82.07	1	PG	65	15	01	3716467	FOR USE BY CUSTOMS AND BORDER PROTECTION OFFICERS (DEPARTMENT OF HOMELAND SECURITY) IN PURSUANCE OF NATIONAL SECURITY, LAW ENFORCEMENT, BORDER CROSSING COMPLIANCE, AND HUMANITARIAN AID.	not in file	6515	013716467	not in file	not in file	not in file	2YTRGK00702118	not in file	not in file	not in file
DISP_Shipments_Cancellations_04012020_06302020.xlsx	SHIPMENTS	DC	DHS/CBP WASHINGTON DC	TOURNIQUET,NONPNEUM	2020-05-19 00:00:00	41.04	2	PG	65	15	01	5350128	FOR USE BY CUSTOMS AND BORDER PROTECTION LAW ENFORCEMENT OFFICERS IN PURSUANCE OF NATIONAL SECURITY, BORDER CROSSING COMPLIANCE, OFFICER SAFETY, AND HUMANITARIAN AID.	not in file	6515	015350128	not in file	not in file	not in file	2YTRGK00712408	not in file	not in file	not in file
DISP_Shipments_Cancellations_04012020_06302020.xlsx	SHIPMENTS	DC	DHS/CBP WASHINGTON DC	MASK,ORONASAL	2020-05-19 00:00:00	82.07	3	PG	65	15	01	3716467	FOR USE BY CUSTOMS AND BORDER PROTECTION LAW ENFORCEMENT OFFICERS IN PURSUANCE OF NATIONAL SECURITY, BORDER CROSSING COMPLIANCE, OFFICER SAFETY, AND HUMANITARIAN AID.	not in file	6515	013716467	not in file	not in file	not in file	2YTRGK00712410	not in file	not in file	not in file
DISP_Shipments_Cancellations_04012020_06302020.xlsx	SHIPMENTS	DC	DHS/CBP WASHINGTON DC	MASK,ORONASAL	2020-05-19 00:00:00	96.22	5	PG	65	15	01	4659512	FOR USE BY CUSTOMS AND BORDER PROTECTION LAW ENFORCEMENT OFFICERS IN PURSUANCE OF NATIONAL SECURITY, BORDER CROSSING COMPLIANCE, OFFICER SAFETY, AND HUMANITARIAN AID.	not in file	6515	014659512	not in file	not in file	not in file	2YTRGK00712419	not in file	not in file	not in file
DISP_Shipments_Cancellations_04012020_06302020.xlsx	SHIPMENTS	DC	DHS/CBP WASHINGTON DC	CUFF,TOURNIQUET,PNE	2020-05-19 00:00:00	382.05	2	PG	65	15	01	3854347	FOR USE BY CUSTOMS AND BORDER PROTECTION LAW ENFORCEMENT OFFICERS IN PURSUANCE OF NATIONAL SECURITY, BORDER CROSSING COMPLIANCE, OFFICER SAFETY, AND HUMANITARIAN AID.	not in file	6515	013854347	not in file	not in file	not in file	2YTRGK00712426	not in file	not in file	not in file
DISP_Shipments_Cancellations_04012020_06302020.xlsx	SHIPMENTS	DC	DHS/CBP WASHINGTON DC	MASK,ORONASAL	2020-05-19 00:00:00	82.07	1	PG	65	15	01	3716467	FOR USE BY CUSTOMS AND BORDER PROTECTION LAW ENFORCEMENT OFFICERS IN PURSUANCE OF NATIONAL SECURITY, BORDER CROSSING COMPLIANCE, OFFICER SAFETY, AND HUMANITARIAN AID.	not in file	6515	013716467	not in file	not in file	not in file	2YTRGK00712440	not in file	not in file	not in file
DISP_Shipments_Cancellations_04012020_06302020.xlsx	SHIPMENTS	DC	DHS/CBP WASHINGTON DC	DRESSING,BURN	2020-05-19 00:00:00	11.32	22	EA	65	10	01	6193322	FOR USE BY CUSTOMS AND BORDER PROTECTION LAW ENFORCEMENT OFFICERS IN PURSUANCE OF NATIONAL SECURITY, BORDER CROSSING COMPLIANCE, OFFICER SAFETY, AND HUMANITARIAN AID.	not in file	6510	016193322	not in file	not in file	not in file	2YTRGK00712454	not in file	not in file	not in file
DISP_Shipments_Cancellations_04012020_06302020.xlsx	SHIPMENTS	DC	DHS/CBP WASHINGTON DC	CAMOUFLAGE NET SYSTEM,RADAR SCATTERING	2020-06-24 00:00:00	1072.0	2	EA	10	80	01	4750696	FOR US CUSTOMS BORDER SECURITY FACILITY	not in file	1080	014750696	not in file	not in file	not in file	2YTRGK01470734	not in file	not in file	not in file
DISP_Shipments_Cancellations_04012020_06302020.xlsx	SHIPMENTS	DC	DHS/CBP WASHINGTON DC	CONTAINER,FREIGHT,S	2020-06-25 00:00:00	32401.2	1	EA	81	50	01	4731213	FOR STORAGE OF BORDER SECURITY INSPECTION TOOLS AND PERSONAL PROTECTIVE EQUIPMENT	not in file	8150	014731213	not in file	not in file	not in file	2YTRGK01551549	not in file	not in file	not in file
DISP_Shipments_Cancellations_04012020_06302020.xlsx	SHIPMENTS	DC	DHS/CBP WASHINGTON DC	CONTAINER,FREIGHT,S	2020-06-26 00:00:00	32401.2	1	EA	81	50	01	4731213	FOR STORAGE OF BORDER SECURITY INSPECTION TOOLS AND CBP PERSONAL PROTECTIVE EQUIPMENT	not in file	8150	014731213	not in file	not in file	not in file	2YTRGK01551551	not in file	not in file	not in file
DISP_Shipments_Cancellations_04012020_06302020.xlsx	SHIPMENTS	DC	DHS/CBP WASHINGTON DC	CONTAINER,FREIGHT,S	2020-06-25 00:00:00	32401.2	1	EA	81	50	01	4731213	FOR STORAGE OF BORDER SECURITY INSPECTION TOOLS AND CBP PERSONAL PROTECTIVE EQUIPMENT	not in file	8150	014731213	not in file	not in file	not in file	2YTRGK01551552	not in file	not in file	not in file
DISP_Shipments_Cancellations_04012020_06302020.xlsx	SHIPMENTS	DC	DHS/CBP WASHINGTON DC	CONTAINER,FREIGHT,S	2020-06-25 00:00:00	32401.2	1	EA	81	50	01	4731213	FOR STORAGE OF BORDER SECURITY INSPECTION TOOLS AND CBP PERSONAL PROTECTIVE EQUIPMENT	not in file	8150	014731213	not in file	not in file	not in file	2YTRGK01551553	not in file	not in file	not in file
DISP_Shipments_Cancellations_04012020_06302020.xlsx	CANCELLATIONS	DC	DHS/CBP WASHINGTON DC	WARRIOR AID LITTER	2020-05-27 14:57:53	1412.17	2	KT	65	45	01	5324962	FOR US CUSTOMS EMERGENCY MEDICAL TECHNICIANS FIRST RESPONDERS, LINE OF DUTY USE	not in file	6545	015324962	not in file	not in file	not in file	not in file	LESOHQ	2554139	CANCELLED: Due to the COVID-19 pandemic and the need by HHS, all medical equipment and supplies (FSG 65) in Condition Code A or B are currently suspended and unable to be approved at this time.
DISP_Shipments_Cancellations_04012020_06302020.xlsx	CANCELLATIONS	DC	DHS/CBP WASHINGTON DC	TRUCK,LIFT,FORK	2020-05-21 14:37:46	100199.0	1	EA	39	30	01	4172886	FORK LIFT WILL BE USED TO SUPPORT THE NATIONAL SECURITY MISSION OF THE DEPARTMENT OF HOMELAND SECURITY, CUSTOMS AND BORDER PROTECTION TO INCREASE OPERATIONS CAPACITY, OFFICER SAFETY, AND LOGISTICS MANAGEMENT.	not in file	3930	014172886	not in file	not in file	not in file	not in file	LESOHQ	2552708	CANCELLED:  Item(s) has already been approved for another agency.
DISP_Shipments_Cancellations_04012020_06302020.xlsx	CANCELLATIONS	DC	DHS/CBP WASHINGTON DC	THERMAL GUARD,ABSOR	2020-05-27 14:40:58	2443.52	5	PG	65	30	01	5626008	FOR US CUSTOMS EMERGENCY MEDICAL TECHNICIANS FIRST RESPONDERS IN THE LINE OF DUTY	not in file	6530	015626008	not in file	not in file	not in file	not in file	LESOHQ	2554138	CANCELLED: Due to the COVID-19 pandemic and the need by HHS, all medical equipment and supplies (FSG 65) in Condition Code A or B are currently suspended and unable to be approved at this time.
DISP_Shipments_Cancellations_04012020_06302020.xlsx	CANCELLATIONS	DC	DHS/CBP WASHINGTON DC	THERMAL GUARD,ABSOR	2020-05-27 14:40:58	2443.52	20	PG	65	30	01	5626008	FOR US CUSTOMS EMERGENCY MEDICAL TECHNICIANS FIRST RESPONDERS IN THE LINE OF DUTY	not in file	6530	015626008	not in file	not in file	not in file	not in file	LESOHQ	2554137	CANCELLED: Due to the COVID-19 pandemic and the need by HHS, all medical equipment and supplies (FSG 65) in Condition Code A or B are currently suspended and unable to be approved at this time.
DISP_Shipments_Cancellations_04012020_06302020.xlsx	CANCELLATIONS	DC	USPS/USPIS WASHINGTON DC DIV	BANDAGE,GAUZE,IMPRE	2020-06-28 09:41:39	42.1	80	EA	65	10	01	5623325	REQUEST BY THE WASHINGTON DIVISION, U.S. POSTAL INSPECTION SERVICE FOR USE IN INDIVIDUAL FIRST AID KITS AND OFFICE FIRST AID KITS.  THIS ITEM WILL AUGMENT OUR EXISTING TRAUMA KITS FOR OUR UNIFORMED OFFICERS AND PLAIN-CLOTHES AGENTS FOR USE DURING LAW ENFORCEMENT OPERATIONS AND TRAINING, PARTICULARLY IN THE EVENT OF ACTIVE SHOOTER OR MASS CASUALTY INCIDENTS.  THIS REQUEST IS BELOW OUR 162 PAX COMPLEMENT DUE TO REQUESTED ITEM HAVING AN EXPIRATION DATE, FOR MASS CASUALTY INCIDENTS, AND TRAINING.	not in file	6510	015623325	not in file	not in file	not in file	not in file	LESOHQ	2562602	CANCELLED: Due to the COVID-19 pandemic and the need by HHS, all medical equipment and supplies (FSG 65) in Condition Code A or B are currently suspended and unable to be approved at this time.
DISP_Shipments_Cancellations_04012020_06302020.xlsx	CANCELLATIONS	DC	DHS/CBP WASHINGTON DC	STORAGE BIN	2020-03-11 15:18:38	800.0	3	EA	71	25	DS	STORAG2	FOR USE BY CUSTOMS AND BORDER PROTECTION LAW ENFORCEMENT OFFICERS IN PURSUANCE OF NATIONAL SECURITY, BORDER CROSSING COMPLIANCE, OFFICER SAFETY, AND HUMANITARIAN AID.	not in file	7125	DSSTORAG2	not in file	not in file	not in file	not in file	SYSTEM	2523255	"\nSales Order #: 2152372376\nRTD Screening Code: DOD"
DISP_Shipments_Cancellations_04012020_06302020.xlsx	CANCELLATIONS	DC	DHS/CBP WASHINGTON DC	TRUCKS AND TRUCK TRACTORS	2020-05-20 07:06:13	105000.0	1	EA	23	20	DS	TRUCK00	HIGH WATER VEHICLE WILL BE USED BY DHS CBP IN SUPPORT OF NATIONAL SECURITY MISSIONS AND FOR DISASTER RECOVERY OPERATIONS IN SAN JUAN, PUERTO RICO.	not in file	2320	DSTRUCK00	not in file	not in file	not in file	not in file	SYSTEM	2551635	Requested DTID is no longer in the inventory.
DISP_Shipments_Cancellations_04012020_06302020.xlsx	CANCELLATIONS	DC	DHS/CBP WASHINGTON DC	INDIVIDUAL BAG	2020-06-01 15:30:20	68.0	19	EA	84	65	DS	BAG0002	FOR US CUSTOMS SPECIAL RESPONSE TEAM TO BE USED FOR LAW ENFORCEMENT OPERATIONS	not in file	8465	DSBAG0002	not in file	not in file	not in file	not in file	SYSTEM	2555656	"\nSales Order #: 2156931072\nRTD Screening Code: DOD"
DISP_Shipments_Cancellations_04012020_06302020.xlsx	CANCELLATIONS	DC	DHS/CBP WASHINGTON DC	TRUCK,LIFT,FORK	2020-05-21 11:39:04	100010.0	1	EA	39	30	01	0543833	THIS FORK LIFT WILL BE USED TO SUPPORT NATIONAL SECURITY, BORDER SECURITY, AND TO FACILITATE LEGITIMATE TRADE AND TRAVEL BY U.S. CUSTOMS AND BORDER PROTECTION.	not in file	3930	010543833	not in file	not in file	not in file	not in file	SYSTEM	2552396	"\nSales Order #: 2156434618\nRTD Screening Code: DOD"
DISP_Shipments_Cancellations_04012020_06302020.xlsx	CANCELLATIONS	DC	DHS/CBP WASHINGTON DC	TRUCK,LIFT,FORK	2020-05-21 11:39:04	100010.0	1	EA	39	30	01	0543833	THIS FORK LIFT WILL BE USED TO SUPPORT NATIONAL SECURITY, BORDER SECURITY, AND TO FACILITATE LEGITIMATE TRADE AND TRAVEL BY U.S. CUSTOMS AND BORDER PROTECTION.	not in file	3930	010543833	not in file	not in file	not in file	not in file	SYSTEM	2552397	"\nSales Order #: 2156434619\nRTD Screening Code: DOD"
DISP_Shipments_Cancellations_04012020_06302020.xlsx	CANCELLATIONS	DC	DHS/CBP WASHINGTON DC	TRUCK,LIFT,FORK	2020-05-21 11:39:04	100010.0	1	EA	39	30	01	0543833	THIS FORK LIFT WILL BE USED TO SUPPORT NATIONAL SECURITY, BORDER SECURITY, AND TO FACILITATE LEGITIMATE TRADE AND TRAVEL BY U.S. CUSTOMS AND BORDER PROTECTION.	not in file	3930	010543833	not in file	not in file	not in file	not in file	SYSTEM	2552398	"\nSales Order #: 2156434660\nRTD Screening Code: DOD"
DISP_Shipments_Cancellations_04012020_06302020.xlsx	CANCELLATIONS	DC	DHS/CBP WASHINGTON DC	TRUCKS AND TRUCK TRACTORS	2020-05-19 15:35:38	23070.0	1	EA	23	20	DS	TRUCK00	TRUCKS WILL BE USED IN DISASTER RECOVERY OPERATIONS BY DHS CBP IN SAN JUAN, PUERTO RICO.	not in file	2320	DSTRUCK00	not in file	not in file	not in file	not in file	SYSTEM	2551435	
DISP_Shipments_Cancellations_04012020_06302020.xlsx	CANCELLATIONS	DC	DHS/CBP WASHINGTON DC	TRUCKS AND TRUCK TRACTORS	2020-05-19 15:35:38	17887.0	1	EA	23	20	DS	TRUCK00	TRUCKS WILL BE USED IN DISASTER RECOVERY OPERATIONS BY DHS CBP IN SAN JUAN, PUERTO RICO.	not in file	2320	DSTRUCK00	not in file	not in file	not in file	not in file	SYSTEM	2551436	
DISP_Shipments_Cancellations_04012020_06302020.xlsx	CANCELLATIONS	DC	DHS/CBP WASHINGTON DC	LIGHT,INFRARED TRAN	2020-05-26 15:21:49	1418.45	25	EA	58	55	01	5576277	FOR US CUSTOMS SPECIAL RESPONSE TEAM FOR USE WITH NIGHT VISION DEVICES ON LAW ENFORCEMENT OPERATIONS	not in file	5855	015576277	not in file	not in file	not in file	not in file	SYSTEM	2553751	"\nSales Order #: 2156654925\nRTD Screening Code: DOD"
DISP_Shipments_Cancellations_04012020_06302020.xlsx	CANCELLATIONS	DC	DHS/CBP WASHINGTON DC	GENERATOR SET,DIESEL ENGINE	2020-05-29 14:41:49	9922.25	1	EA	61	15	01	2853012	GENERATORS FOR US CUSTOMS SPECIAL RESPONSE TEAM DURING LAW ENFORCEMENT OPERATIONS.	not in file	6115	012853012	not in file	not in file	not in file	not in file	SYSTEM	2555267	"\nSales Order #: 2156931063\nRTD Screening Code: DOD"
DISP_Shipments_Cancellations_04012020_06302020.xlsx	CANCELLATIONS	DC	DHS/CBP WASHINGTON DC	TRUCKS AND TRUCK TRACTORS	2020-05-26 15:02:11	105000.0	1	EA	23	20	DS	TRUCK00	VEHICLE IS FOR US CUSTOMS PUERTO RICO TO ASSIST WITH NATURAL DISASTER RESPONSE	not in file	2320	DSTRUCK00	not in file	not in file	not in file	not in file	SYSTEM	2553742	
DISP_Shipments_Cancellations_04012020_06302020.xlsx	CANCELLATIONS	DC	DHS/CBP WASHINGTON DC	TENT,TEMPER AIR SUPPORTED TYPE XLI-TAN	2020-05-21 17:15:05	38009.58	1	EA	83	40	01	5588707	FOR OUR FIRST RESPONDERS SETTING UP TEMPORARY SHELTERS DURING TIMES OF CRISIS.	not in file	8340	015588707	not in file	not in file	not in file	not in file	SYSTEM	2552837	"\nSales Order #: 2156654921\nRTD Screening Code: DOD"
DISP_Shipments_Cancellations_04012020_06302020.xlsx	CANCELLATIONS	DC	DHS/CBP WASHINGTON DC	TRUCK,LIFT,FORK	2020-05-21 17:26:12	100010.0	1	EA	39	30	01	0543833	FOR US CUSTOMS WEARHOUSE LAW ENFORCEMENT OPERATIONS	not in file	3930	010543833	not in file	not in file	not in file	not in file	SYSTEM	2552838	Requested DTID is no longer in the inventory.
DISP_Shipments_Cancellations_04012020_06302020.xlsx	CANCELLATIONS	DC	DHS/CBP WASHINGTON DC	TRUCK,LIFT,FORK	2020-05-21 17:26:12	100199.0	1	EA	39	30	01	4172886	FOR US CUSTOMS LAW ENFORCEMENT WEARHOUSE OPERATIONS	not in file	3930	014172886	not in file	not in file	not in file	not in file	SYSTEM	2552839	Requested DTID is no longer in the inventory.
DISP_Shipments_Cancellations_04012020_06302020.xlsx	CANCELLATIONS	DC	DHS/CBP WASHINGTON DC	TRUCKS AND TRUCK TRACTORS	2020-05-26 15:02:11	105000.0	1	EA	23	20	DS	TRUCK00	VEHICLE IS FOR US CUSTOMS PUERTO RICO TO ASSIST WITH NATURAL DISASTER RESPONSE	not in file	2320	DSTRUCK00	not in file	not in file	not in file	not in file	SYSTEM	2553741	Requested DTID is no longer in the inventory.
DISP_Shipments_Cancellations_07012020_09302020.xlsx	SHIPMENTS	DC	DHS/CBP WASHINGTON DC	TRUCKS AND TRUCK TRACTORS	2020-09-04 00:00:00	105000.0	1	EA	23	20	DS	TRUCK00	HIGH WATER VEHICLE WILL BE USED BY DHS CBP IN SUPPORT OF NATIONAL SECURITY MISSIONS AND FOR DISASTER RECOVERY OPERATIONS IN SAN JUAN, PUERTO RICO.	not in file	2320	DSTRUCK00	not in file	not in file	not in file	2YTRGK01410222	not in file	not in file	not in file
DISP_Shipments_Cancellations_07012020_09302020.xlsx	SHIPMENTS	DC	DHS/CBP WASHINGTON DC	TRAILER	2020-07-17 00:00:00	16466.0	1	EA	23	30	DS	TRAILE1	FOR BORDER SECURITY OPERATIONS IN TUCSON, AZ. USED TO REHYDRATES OFFICERS, AGENTS ALONG THE BORDER.	not in file	2330	DSTRAILE1	not in file	not in file	not in file	2YTRGK01551511	not in file	not in file	not in file
DISP_Shipments_Cancellations_07012020_09302020.xlsx	SHIPMENTS	DC	DHS/CBP WASHINGTON DC	FORKLIFT	2020-08-25 00:00:00	76580.0	1	EA	39	30	DS	FORKLIF	FOR US CUSTOMS WAREHOUSE OPERATIONS AND LANE MANAGEMENT USE.	not in file	3930	DSFORKLIF	not in file	not in file	not in file	2YTRGK01824023	not in file	not in file	not in file
DISP_Shipments_Cancellations_07012020_09302020.xlsx	SHIPMENTS	DC	DHS/CBP WASHINGTON DC	GENERATOR SET,DIESEL ENGINE	2020-08-03 00:00:00	4491.0	14	EA	61	15	01	4492108	FOR US CUSTOMS AND BORDER PROTECTION EMERGENCY AND DISASTER SUSTAINMENT OPERATIONS	not in file	6115	014492108	not in file	not in file	not in file	2YTRGK01954990	not in file	not in file	not in file
DISP_Shipments_Cancellations_07012020_09302020.xlsx	SHIPMENTS	DC	DHS/CBP WASHINGTON DC	GENERATOR SET,DIESEL ENGINE	2020-08-03 00:00:00	4491.0	2	EA	61	15	01	4492108	FOR US CUSTOMS AND BORDER PROTECTION EMERGENCY AND DISASTER SUSTAINMENT OPERATIONS	not in file	6115	014492108	not in file	not in file	not in file	2YTRGK01954991	not in file	not in file	not in file
DISP_Shipments_Cancellations_07012020_09302020.xlsx	SHIPMENTS	DC	DHS/CBP WASHINGTON DC	MEAL, READY-TO-EAT, IND,	2020-09-11 00:00:00	116.52	48	BX	89	70	00	1491094	FOR US CUSTOMS AND BORDER PROTECTION SUSTAINMENT SECURITY AND NATURAL DISASTER RESPONSE MISSIONS	not in file	8970	001491094	not in file	not in file	not in file	2YTRGK01995451	not in file	not in file	not in file
DISP_Shipments_Cancellations_07012020_09302020.xlsx	SHIPMENTS	DC	DHS/CBP WASHINGTON DC	MEAL, READY-TO-EAT, IND,	2020-09-11 00:00:00	116.52	48	BX	89	70	00	1491094	FOR US CUSTOMS AND BORDER PROTECTION SUSTAINMENT SECURITY AND NATURAL DISASTER RESPONSE MISSIONS	not in file	8970	001491094	not in file	not in file	not in file	2YTRGK01995452	not in file	not in file	not in file
DISP_Shipments_Cancellations_07012020_09302020.xlsx	SHIPMENTS	DC	DHS/CBP WASHINGTON DC	MEAL, READY-TO-EAT, IND,	2020-09-11 00:00:00	116.52	48	BX	89	70	00	1491094	FOR US CUSTOMS AND BORDER PROTECTION SUSTAINMENT SECURITY AND NATURAL DISASTER RESPONSE MISSIONS	not in file	8970	001491094	not in file	not in file	not in file	2YTRGK01995453	not in file	not in file	not in file
DISP_Shipments_Cancellations_07012020_09302020.xlsx	SHIPMENTS	DC	DHS/CBP WASHINGTON DC	MEAL, READY-TO-EAT, IND,	2020-09-11 00:00:00	116.52	20	BX	89	70	00	1491094	FOR US CUSTOMS AND BORDER PROTECTION SUSTAINMENT SECURITY AND NATURAL DISASTER RESPONSE MISSIONS	not in file	8970	001491094	not in file	not in file	not in file	2YTRGK01995455	not in file	not in file	not in file
DISP_Shipments_Cancellations_07012020_09302020.xlsx	SHIPMENTS	DC	DHS/CBP WASHINGTON DC	TOOLBOX	2020-09-08 00:00:00	316.0	3	EA	51	40	DS	TOOLBOX	FOR US CUSTOMS AND BORDER PROTECTION PORT ENFORCEMENT OPERATIONS IN THE SAN JUAN AREA.	not in file	5140	DSTOOLBOX	not in file	not in file	not in file	2YTRGK01995488	not in file	not in file	not in file
DISP_Shipments_Cancellations_07012020_09302020.xlsx	SHIPMENTS	DC	DHS/CBP WASHINGTON DC	CASE,CARRYING,CAMOU	2020-08-21 00:00:00	192.68	34	EA	10	80	01	5425328	FOR US CUSTOMS AND BORDER PROTECTION DEPLOYMENTS TO NATIONAL EMERGENCY'S	not in file	1080	015425328	not in file	not in file	not in file	2YTRGK01995496	not in file	not in file	not in file
DISP_Shipments_Cancellations_07012020_09302020.xlsx	SHIPMENTS	DC	DHS/CBP WASHINGTON DC	TRUCK,LIFT,FORK	2020-08-21 00:00:00	72370.0	1	EA	39	30	01	1580849	FOR PORT OF ENTRY AND SECURITY OPERATIONS BY US CUSTOMS AND BORDER PROTECTION	not in file	3930	011580849	not in file	not in file	not in file	2YTRGK02045845	not in file	not in file	not in file
DISP_Shipments_Cancellations_07012020_09302020.xlsx	SHIPMENTS	DC	DHS/CBP WASHINGTON DC	TRUCK,LIFT,FORK	2020-08-21 00:00:00	72370.0	1	EA	39	30	01	1580849	FOR PORT OF ENTRY AND SECURITY OPERATIONS BY US CUSTOMS AND BORDER PROTECTION	not in file	3930	011580849	not in file	not in file	not in file	2YTRGK02045846	not in file	not in file	not in file
DISP_Shipments_Cancellations_07012020_09302020.xlsx	SHIPMENTS	DC	DHS/CBP WASHINGTON DC	BAG,SAND	2020-08-10 00:00:00	56.4	576	HD	81	05	00	1429345	FOR US CUSTOMS AND BORDER PROTECTION NATURAL DISASTER RESPONSE	not in file	8105	001429345	not in file	not in file	not in file	2YTRGK02187586	not in file	not in file	not in file
DISP_Shipments_Cancellations_07012020_09302020.xlsx	SHIPMENTS	DC	DHS/CBP WASHINGTON DC	TRAILER,TANK	2020-09-23 00:00:00	22000.0	1	EA	23	30	01	1087367	FOR US CUSTOMS AND BORDER PROTECTION USE IN ARIZONA FOR BORDER OPERATIONS	not in file	2330	011087367	not in file	not in file	not in file	2YTRGK02207828	not in file	not in file	not in file
DISP_Shipments_Cancellations_07012020_09302020.xlsx	SHIPMENTS	DC	DHS/CBP WASHINGTON DC	BAG,DUFFEL	2020-09-22 00:00:00	39.18	15	EA	84	65	01	6046541	FOR US CUSTOMS AND BORDER PROTECTION DEPLOYMENTS	not in file	8465	016046541	not in file	not in file	not in file	2YTRGK02258327	not in file	not in file	not in file
DISP_Shipments_Cancellations_07012020_09302020.xlsx	SHIPMENTS	DC	DHS/CBP WASHINGTON DC	BAG,DUFFEL	2020-09-22 00:00:00	39.18	15	EA	84	65	01	6046541	FOR US CUSTOMS AND BORDER PROTECTION DEPLOYMENTS	not in file	8465	016046541	not in file	not in file	not in file	2YTRGK02258330	not in file	not in file	not in file
DISP_Shipments_Cancellations_07012020_09302020.xlsx	SHIPMENTS	DC	DHS/CBP WASHINGTON DC	BAG,DUFFEL	2020-09-22 00:00:00	39.18	15	EA	84	65	01	6046541	FOR US CUSTOMS AND BORDER PROTECTION DEPLOYMENTS	not in file	8465	016046541	not in file	not in file	not in file	2YTRGK02258331	not in file	not in file	not in file
DISP_Shipments_Cancellations_07012020_09302020.xlsx	SHIPMENTS	DC	DHS/CBP WASHINGTON DC	BAG,DUFFEL	2020-09-22 00:00:00	39.18	15	EA	84	65	01	6046541	FOR US CUSTOMS AND BORDER PROTECTION DEPLOYMENTS	not in file	8465	016046541	not in file	not in file	not in file	2YTRGK02258332	not in file	not in file	not in file
DISP_Shipments_Cancellations_07012020_09302020.xlsx	SHIPMENTS	DC	DHS/CBP WASHINGTON DC	BAG,DUFFEL	2020-09-22 00:00:00	39.18	15	EA	84	65	01	6046541	FOR US CUSTOMS AND BORDER PROTECTION DEPLOYMENTS	not in file	8465	016046541	not in file	not in file	not in file	2YTRGK02258333	not in file	not in file	not in file
DISP_Shipments_Cancellations_07012020_09302020.xlsx	SHIPMENTS	DC	DHS/CBP WASHINGTON DC	CASE,LIGHT SET	2020-08-20 00:00:00	1222.99	15	EA	62	30	01	5190393	FOR US CBP USE IN NATURAL DISASTERS AND EMERGENCY OPERATIONS.	not in file	6230	015190393	not in file	not in file	not in file	2YTRGK02278624	not in file	not in file	not in file
DISP_Shipments_Cancellations_07012020_09302020.xlsx	SHIPMENTS	DC	DHS/CBP WASHINGTON DC	GENERATOR SET,DIESEL ENGINE,TRAILER MOUN	2020-09-23 00:00:00	23738.0	1	EA	61	15	01	5873878	FOR US CBP USE IN EMERGENCIES AND BORDER SECURITY OPERATIONS.	not in file	6115	015873878	not in file	not in file	not in file	2YTRGK02329130	not in file	not in file	not in file
DISP_Shipments_Cancellations_07012020_09302020.xlsx	SHIPMENTS	DC	DHS/CBP WASHINGTON DC	GENERATOR SET,DIESEL ENGINE,TRAILER MOUN	2020-09-23 00:00:00	23738.0	1	EA	61	15	01	5873878	FOR US CBP USE IN EMERGENCIES AND BORDER SECURITY OPERATIONS.	not in file	6115	015873878	not in file	not in file	not in file	2YTRGK02329132	not in file	not in file	not in file
DISP_Shipments_Cancellations_07012020_09302020.xlsx	SHIPMENTS	DC	DHS/CBP WASHINGTON DC	TRAILER,CARGO	2020-09-01 00:00:00	8524.0	1	EA	23	30	00	1418050	FOR USE IN THE NY FIELD OFFICE EMERGENCY RESPONSE TEAM	not in file	2330	001418050	not in file	not in file	not in file	2YTRGK02390137	not in file	not in file	not in file
DISP_Shipments_Cancellations_07012020_09302020.xlsx	SHIPMENTS	DC	DHS/CBP WASHINGTON DC	TRAILER,CARGO	2020-09-01 00:00:00	8524.0	1	EA	23	30	00	1418050	FOR USE IN THE NY FIELD OFFICE EMERGENCY RESPONSE TEAM	not in file	2330	001418050	not in file	not in file	not in file	2YTRGK02390140	not in file	not in file	not in file
DISP_Shipments_Cancellations_07012020_09302020.xlsx	SHIPMENTS	DC	DHS/CBP WASHINGTON DC	THERMAL CAMERA	2020-09-25 00:00:00	112000.0	2	EA	58	55	DS	THRMCAM	THERMAL CAMERAS WILL BE USED FOR BORDER AND PORT SECURITY BY PROVIDING SITUATIONAL AWARENESS,	not in file	5855	DSTHRMCAM	not in file	not in file	not in file	2YTRGK02521855	not in file	not in file	not in file
DISP_Shipments_Cancellations_07012020_09302020.xlsx	CANCELLATIONS	DC	DHS/CBP WASHINGTON DC	HYPOTHERMIA MANAGEMENT KIT	2020-09-03 17:09:20	112.11	6	EA	65	15	01	5328056	FOR US CBP EMERGENCY MEDICAL TECHNICIAN'S FIELD USE.	not in file	6515	015328056	not in file	not in file	not in file	not in file	LESOHQ	2585507	CANCELLED: Due to the COVID-19 pandemic and the need by HHS, all medical equipment and supplies (FSG 65) in Condition Code A or B are currently suspended and unable to be approved at this time.
DISP_Shipments_Cancellations_07012020_09302020.xlsx	CANCELLATIONS	DC	DHS/CBP WASHINGTON DC	PADS,KNEE,INDUSTRIAL	2020-09-11 17:08:28	13.98	55	EA	42	40	01	5178650	FOR LAW ENFORCEMENT OPERATIONS	not in file	4240	015178650	not in file	not in file	not in file	not in file	LESOHQ	2587612	JUSTIFICATION: Please provide a justification that states these three requirements. We need to know that it will be used by the requesting Law Enforcement Agency, used for a Law Enforcement purpose and be persuasive. Provide specific examples of how the item will be used.
DISP_Shipments_Cancellations_07012020_09302020.xlsx	CANCELLATIONS	DC	DHS/CBP WASHINGTON DC	CUFF,HAND OR WRIST,	2020-09-09 09:42:14	113.91	366	EA	65	15	01	5160004	FOR USE BY U.S. CUSTOMS AND BORDER PROTECTION OFFICERS IN TRAINING AND OPERATIONS VITAL TO NATIONAL SECURITY.	not in file	6515	015160004	not in file	not in file	not in file	not in file	LESOHQ	2586632	CYCLE: This item has moved into the unapproved General Services Administration GSA cycle and cannot be approved to LESO customers.
DISP_Shipments_Cancellations_07012020_09302020.xlsx	CANCELLATIONS	DC	DHS/CBP WASHINGTON DC	REFRIGERATOR,BLOOD	2020-09-01 13:18:58	13565.89	1	EA	41	10	01	5060895	FOR USE BY U.S. CUSTOMS AND BORDER PROTECTION EMTS DURING EMERGENCY RESPONSE MISSIONS.	not in file	4110	015060895	not in file	not in file	not in file	not in file	LESOHQ	2584355	CYCLE: This item has moved into the unapproved General Services Administration GSA cycle and cannot be approved to LESO customers.
DISP_Shipments_Cancellations_07012020_09302020.xlsx	CANCELLATIONS	DC	DHS/CBP WASHINGTON DC	CUFF,HAND OR WRIST,	2020-09-03 17:09:20	113.91	366	EA	65	15	01	5160004	FOR LAW ENFORCEMENT USE	not in file	6515	015160004	not in file	not in file	not in file	not in file	LESOHQ	2585508	JUSTIFICATION: Please provide a justification that states these three requirements. We need to know that it will be used by the requesting Law Enforcement Agency, used for a Law Enforcement purpose and be persuasive. Provide specific examples of how the item will be used.
DISP_Shipments_Cancellations_07012020_09302020.xlsx	CANCELLATIONS	DC	DHS/CBP WASHINGTON DC	PADS,KNEE,INDUSTRIAL	2020-09-16 15:11:39	13.98	55	EA	42	40	01	5178650	FOR US CUSTOMS AND BORDER PROTECTION USE IN LAW ENFORCEMENT OPERATIONS	not in file	4240	015178650	not in file	not in file	not in file	not in file	LESOHQ	2589091	JUSTIFICATION: Please provide a justification that states these three requirements. We need to know that it will be used by the requesting Law Enforcement Agency, used for a Law Enforcement purpose and be persuasive. Provide specific examples of how the item will be used.
DISP_Shipments_Cancellations_07012020_09302020.xlsx	CANCELLATIONS	DC	USPS/USPIS WASHINGTON DC DIV	BANDAGE,GAUZE,IMPRE	2020-07-02 10:46:50	42.1	80	EA	65	10	01	5623325	PLEASE CONSIDER APPROVAL - THIS DOES NOT APPLY TO COVID-19 TREATMENT.  REQUEST BY THE WASHINGTON DIVISION, U.S. POSTAL INSPECTION SERVICE FOR USE IN INDIVIDUAL FIRST AID KITS AND OFFICE FIRST AID KITS FOR USE DURING LAW ENFORCEMENT OPERATIONS AND TRAINING, PARTICULARLY IN THE EVENT OF ACTIVE SHOOTER OR MASS CASUALTY INCIDENTS.  THIS REQUEST IS UNDER OUR 162 PAX COMPLEMENT DUE TO REQUESTED ITEM HAVING AN EXPIRATION DATE, FOR MASS CASUALTY INCIDENTS, AND TRAINING.	not in file	6510	015623325	not in file	not in file	not in file	not in file	LESOHQ	2564124	CANCELLED: Due to the COVID-19 pandemic and the need by HHS, all medical equipment and supplies (FSG 65) in Condition Code A or B are currently suspended and unable to be approved at this time.  Please contact your SC if you would like to make an appeal.
DISP_Shipments_Cancellations_07012020_09302020.xlsx	CANCELLATIONS	DC	USPS/USPIS WASHINGTON DC DIV	BANDAGE,GAUZE,IMPRE	2020-07-02 10:46:50	42.1	30	EA	65	10	01	5623325	PLEASE CONSIDER APPROVAL - THIS DOES NOT APPLY TO COVID-19 TREATMENT.  REQUEST BY THE WASHINGTON DIVISION, U.S. POSTAL INSPECTION SERVICE FOR USE IN INDIVIDUAL FIRST AID KITS AND OFFICE FIRST AID KITS FOR USE DURING LAW ENFORCEMENT OPERATIONS AND TRAINING, PARTICULARLY IN THE EVENT OF ACTIVE SHOOTER OR MASS CASUALTY INCIDENTS.  THIS REQUEST IS UNDER OUR 162 PAX COMPLEMENT DUE TO REQUESTED ITEM HAVING AN EXPIRATION DATE, FOR MASS CASUALTY INCIDENTS, AND TRAINING.	not in file	6510	015623325	not in file	not in file	not in file	not in file	LESOHQ	2564123	CANCELLED: Due to the COVID-19 pandemic and the need by HHS, all medical equipment and supplies (FSG 65) in Condition Code A or B are currently suspended and unable to be approved at this time.  Please contact your SC if you would like to make an appeal.
DISP_Shipments_Cancellations_07012020_09302020.xlsx	CANCELLATIONS	DC	USPS/USPIS WASHINGTON DC DIV	BANDAGE,GAUZE,IMPRE	2020-07-02 10:46:50	42.1	30	EA	65	10	01	5623325	PLEASE CONSIDER APPROVAL - THIS DOES NOT APPLY TO COVID-19 TREATMENT.  REQUEST BY THE WASHINGTON DIVISION, U.S. POSTAL INSPECTION SERVICE FOR USE IN INDIVIDUAL FIRST AID KITS AND OFFICE FIRST AID KITS FOR USE DURING LAW ENFORCEMENT OPERATIONS AND TRAINING, PARTICULARLY IN THE EVENT OF ACTIVE SHOOTER OR MASS CASUALTY INCIDENTS.  THIS REQUEST IS UNDER OUR 162 PAX COMPLEMENT DUE TO REQUESTED ITEM HAVING AN EXPIRATION DATE, FOR MASS CASUALTY INCIDENTS, AND TRAINING.	not in file	6510	015623325	not in file	not in file	not in file	not in file	LESOHQ	2564122	CANCELLED: Due to the COVID-19 pandemic and the need by HHS, all medical equipment and supplies (FSG 65) in Condition Code A or B are currently suspended and unable to be approved at this time.  Please contact your SC if you would like to make an appeal.
DISP_Shipments_Cancellations_07012020_09302020.xlsx	CANCELLATIONS	DC	USPS/USPIS WASHINGTON DC DIV	BANDAGE,GAUZE,IMPRE	2020-07-02 10:46:50	42.1	30	EA	65	10	01	5623325	PLEASE CONSIDER APPROVAL - THIS DOES NOT APPLY TO COVID-19 TREATMENT.  REQUEST BY THE WASHINGTON DIVISION, U.S. POSTAL INSPECTION SERVICE FOR USE IN INDIVIDUAL FIRST AID KITS AND OFFICE FIRST AID KITS FOR USE DURING LAW ENFORCEMENT OPERATIONS AND TRAINING, PARTICULARLY IN THE EVENT OF ACTIVE SHOOTER OR MASS CASUALTY INCIDENTS.  THIS REQUEST IS UNDER OUR 162 PAX COMPLEMENT DUE TO REQUESTED ITEM HAVING AN EXPIRATION DATE, FOR MASS CASUALTY INCIDENTS, AND TRAINING.	not in file	6510	015623325	not in file	not in file	not in file	not in file	LESOHQ	2564121	CANCELLED: Due to the COVID-19 pandemic and the need by HHS, all medical equipment and supplies (FSG 65) in Condition Code A or B are currently suspended and unable to be approved at this time.  Please contact your SC if you would like to make an appeal.
DISP_Shipments_Cancellations_07012020_09302020.xlsx	CANCELLATIONS	DC	DHS/CBP WASHINGTON DC	BAG,SAND	2020-07-25 12:04:34	56.4	14000	HD	81	05	00	1429345	"FOR US CUSTOMS AND BORDER PROTECTION USE IN NATURAL DISASTERS IN FLOOD PRONE LOCATIONS 
"	not in file	8105	001429345	not in file	not in file	not in file	not in file	SYSTEM	2570646	"\nSales Order #: 2160869405\nRTD Screening Code: DOD"
DISP_Shipments_Cancellations_07012020_09302020.xlsx	CANCELLATIONS	DC	DHS/CBP WASHINGTON DC	LANTERN,BATTERY OPE	2020-08-19 16:57:58	159.51	5	EA	62	30	01	3250595	FOR US CBP EMERGENCY OPERATIONS	not in file	6230	013250595	not in file	not in file	not in file	not in file	SYSTEM	2579397	Requested DTID is no longer in the inventory.
DISP_Shipments_Cancellations_07012020_09302020.xlsx	CANCELLATIONS	DC	DHS/CBP WASHINGTON DC	GENERATOR SET,DIESEL ENGINE,TRAILER MOUN	2020-07-25 12:04:34	31481.0	3	EA	61	15	01	3172138	"FOR US CUSTOMS AN BORDER PROTECTION EMERGENCY MANAGEMENT USE IN NATURAL AND MANMADE DISASTERS  
"	not in file	6115	013172138	not in file	not in file	not in file	not in file	SYSTEM	2570645	"\nSales Order #: 2160930816\nRTD Screening Code: DOD"
DISP_Shipments_Cancellations_07012020_09302020.xlsx	CANCELLATIONS	DC	DHS/CBP WASHINGTON DC	GENERATOR SET,DIESEL ENGINE	2020-08-19 17:46:13	12797.7	4	EA	61	15	01	2747387	FOR USE IN US CBP BORDER OPERATIONS	not in file	6115	012747387	not in file	not in file	not in file	not in file	SYSTEM	2579447	"\nSales Order #: 2163298727\nRTD Screening Code: DOD"
DISP_Shipments_Cancellations_07012020_09302020.xlsx	CANCELLATIONS	DC	DHS/CBP WASHINGTON DC	FLASHLIGHT	2020-06-25 15:27:35	13.43	31	EA	62	30	00	1616422	FOR US CUSTOMS SEARCH AND RECUSE OPERATIONS	not in file	6230	001616422	not in file	not in file	not in file	not in file	SYSTEM	2562000	"\nSales Order #: 2159077930\nRTD Screening Code: DOD"
DISP_Shipments_Cancellations_07012020_09302020.xlsx	CANCELLATIONS	DC	DHS/CBP WASHINGTON DC	LIGHT EMITTING DIODE	2020-09-18 08:55:48	20.0	23	EA	59	80	01	5974522	FOR OUR US CBP SPECIAL RESPONSE TEAM (SWAT)CONDUCTING NO KNOCK WARRANTS, NATIONAL SECURITY EVENTS AND NATIONAL CRISIS RESPONSES. SRT CONDUCTS THE MOST DIFFICULT HIGH END LAW ENFORCEMENT OPERATIONS.	not in file	5980	015974522	not in file	not in file	not in file	not in file	SYSTEM	2589779	"\nSales Order #: 2165025128\nRTD Screening Code: DOD"
DISP_Shipments_Cancellations_07012020_09302020.xlsx	CANCELLATIONS	DC	DHS/CBP WASHINGTON DC	LIGHT EMITTING DIODE	2020-09-18 08:55:48	50.0	62	EA	59	80	01	5974522	FOR OUR US CBP SPECIAL RESPONSE TEAM (SWAT)CONDUCTING NO KNOCK WARRANTS, NATIONAL SECURITY EVENTS AND NATIONAL CRISIS RESPONSES. SRT CONDUCTS THE MOST DIFFICULT HIGH END LAW ENFORCEMENT OPERATIONS.	not in file	5980	015974522	not in file	not in file	not in file	not in file	SYSTEM	2589780	"\nSales Order #: 2165025132\nRTD Screening Code: DOD"
DISP_Shipments_Cancellations_07012020_09302020.xlsx	CANCELLATIONS	DC	DHS/CBP WASHINGTON DC	TRAILER,TANK	2020-07-29 11:50:29	22000.0	1	EA	23	30	01	1087367	FOR US CUSTOMS AND BORDER PROTECTION USE IN TUCSON AZ FOR BORDER SECURITY	not in file	2330	011087367	not in file	not in file	not in file	not in file	SYSTEM	2572074	"\nSales Order #: 2161166175\nRTD Screening Code: DOD"
DISP_Shipments_Cancellations_07012020_09302020.xlsx	CANCELLATIONS	DC	DHS/CBP WASHINGTON DC	DISPENSER,DRINKING WATER,MECHANICALLY CO	2020-07-30 14:21:56	819.0	8	EA	41	10	00	7825125	"FOR TUCSON US CUSTOMS AND BORDER PROTECTION REHYDRATION USE
"	not in file	4110	007825125	not in file	not in file	not in file	not in file	SYSTEM	2572658	"\nSales Order #: 2161266625\nRTD Screening Code: DOD"
DISP_Shipments_Cancellations_07012020_09302020.xlsx	CANCELLATIONS	DC	DHS/CBP WASHINGTON DC	ARMAMENT TRAINING DEVICES	2020-07-10 13:59:36	47446.0	4	EA	69	20	DS	TRAINE0	FOR US CUSTOMS AND BORDER PROTECTION ACTIVE SHOOTER DRILLS AND EXERCISES	not in file	6920	DSTRAINE0	not in file	not in file	not in file	not in file	SYSTEM	2565940	"\nSales Order #: 2159903524\nRTD Screening Code: DOD"
DISP_Shipments_Cancellations_07012020_09302020.xlsx	CANCELLATIONS	DC	DHS/CBP WASHINGTON DC	DESKTOP FURNITURE	2020-02-20 17:02:31	500.0	3	EA	71	10	DS	DESKTOP	DESKS WILL BE USED IN A NEW OPERATIONS CENTER SUPPORTING NATIONAL SECURITY UNDER THE DEPARTMENT OF HOMELAND SECURITY.	not in file	7110	DSDESKTOP	not in file	not in file	not in file	not in file	SYSTEM	2511627	"\nSales Order #: 2150369414\nRTD Screening Code: DON"
DISP_Shipments_Cancellations_07012020_09302020.xlsx	CANCELLATIONS	DC	DHS/CBP WASHINGTON DC	DESK	2020-02-20 17:02:31	400.0	2	EA	71	10	DS	DESK001	DESKS WILL BE USED IN A NEW OPERATIONS CENTER SUPPORTING NATIONAL SECURITY UNDER THE DEPARTMENT OF HOMELAND SECURITY.	not in file	7110	DSDESK001	not in file	not in file	not in file	not in file	SYSTEM	2511628	"\nSales Order #: 2150321029\nRTD Screening Code: DOD"
DISP_Shipments_Cancellations_07012020_09302020.xlsx	CANCELLATIONS	DC	DHS/CBP WASHINGTON DC	BICYCLE, EXERCISE	2020-07-22 14:59:04	800.0	2	EA	78	30	DS	BICYCEE	FOR THE PHYSICAL FITNESS OF US CUSTOMS AND BORDER PROTECTION EMPLOYEES AT VARIOUS PORT OF ENTRY	not in file	7830	DSBICYCEE	not in file	not in file	not in file	not in file	SYSTEM	2569621	"\nSales Order #: 2160681245\nRTD Screening Code: DOD"
DISP_Shipments_Cancellations_07012020_09302020.xlsx	CANCELLATIONS	DC	DHS/CBP WASHINGTON DC	ELLIPTICAL	2020-07-22 14:59:04	2700.0	1	EA	78	30	DS	ELLIPTI	FOR THE PHYSICAL FITNESS OF US CUSTOMS AND BORDER PROTECTION EMPLOYEES AT VARIOUS PORT OF ENTRY	not in file	7830	DSELLIPTI	not in file	not in file	not in file	not in file	SYSTEM	2569622	"\nSales Order #: 2160688238\nRTD Screening Code: DOD"
DISP_Shipments_Cancellations_07012020_09302020.xlsx	CANCELLATIONS	DC	DHS/CBP WASHINGTON DC	CUFF,HAND OR WRIST,	2020-09-08 13:57:50	113.91	366	EA	65	15	01	5160004	CUFFS WILL BE USED ONLY BY SWORN LAW ENFORCEMENT OFFICERS AND AGENTS WITHIN US CUSTOMS AND BORDER PROTECTION DURING TIMES OF CIVIL UNREST AND MASS BORDER ILLEGAL ENTRY.	not in file	6515	015160004	not in file	not in file	not in file	not in file	SYSTEM	2586138	
DISP_Shipments_Cancellations_07012020_09302020.xlsx	CANCELLATIONS	DC	DHS/CBP WASHINGTON DC	TRAILER,CARGO	2020-07-22 15:37:41	8524.0	1	EA	23	30	00	1418050	FOR US CUSTOMS AND BORDER PROTECTION EMT'S, DURING MEDICAL EMERGENCY AND NATURAL DISASTERS	not in file	2330	001418050	not in file	not in file	not in file	not in file	SYSTEM	2569667	"\nSales Order #: 2160672786\nRTD Screening Code: DOD"
DISP_Shipments_Cancellations_07012020_09302020.xlsx	CANCELLATIONS	DC	DHS/CBP WASHINGTON DC	TRAILER,CARGO	2020-07-22 15:37:41	8524.0	1	EA	23	30	00	1418050	FOR US CUSTOMS AND BORDER PROTECTION EMT'S, DURING MEDICAL EMERGENCY AND NATURAL DISASTERS	not in file	2330	001418050	not in file	not in file	not in file	not in file	SYSTEM	2569668	"\nSales Order #: 2160681247\nRTD Screening Code: DOD"
DISP_Shipments_Cancellations_07012020_09302020.xlsx	CANCELLATIONS	DC	DHS/CBP WASHINGTON DC	HYDRATION SYSTEM	2020-08-12 15:09:27	48.92	32	EA	84	65	01	5740440	FOR SOUTHWEST BORDER SECURITY OPERATIONS	not in file	8465	015740440	not in file	not in file	not in file	not in file	SYSTEM	2577028	Requested DTID is no longer in the inventory.
DISP_Shipments_Cancellations_07012020_09302020.xlsx	CANCELLATIONS	DC	DHS/CBP WASHINGTON DC	SIGHTUNIT	2020-09-08 17:36:24	1605.0	23	EA	12	40	01	5947614	FOR LAW ENFORCEMENT USE BY SWORN OFFICERS AND AGENTS  IN BORDER SECURITY OPERATIONS	not in file	1240	015947614	not in file	not in file	not in file	not in file	SYSTEM	2586266	"\nSales Order #: 2164147078\nRTD Screening Code: DOD"
DISP_Shipments_Cancellations_07012020_09302020.xlsx	CANCELLATIONS	DC	DHS/CBP WASHINGTON DC	GENERATOR SET,DIESEL ENGINE,TRAILER MOUN	2020-08-19 17:46:13	23738.0	1	EA	61	15	01	5873878	FOR US CBP USE IN EMERGENCIES AND BORDER SECURITY OPERATIONS.	not in file	6115	015873878	not in file	not in file	not in file	not in file	SYSTEM	2579446	Requested DTID is no longer in the inventory.
DISP_Shipments_Cancellations_07012020_09302020.xlsx	CANCELLATIONS	DC	DHS/CBP WASHINGTON DC	RECEIVER-TRANSMITTER,RADIO	2020-08-14 10:54:36	2463.66	22	EA	58	20	01	5676582	FOR LAW ENFORCEMENT EVACUATION DRILLS	not in file	5820	015676582	not in file	not in file	not in file	not in file	SYSTEM	2577715	Requested DTID is no longer in the inventory.
DISP_Shipments_Cancellations_07012020_09302020.xlsx	CANCELLATIONS	DC	DHS/CBP WASHINGTON DC	POWER PLANT,ELECTRIC,TRAILER MOUNTED	2020-08-05 16:18:37	53500.0	2	EA	61	15	01	5650691	FOR US CUSTOMS AND BORDER PROTECTION USE IN NATIONAL EMERGENCY'S	not in file	6115	015650691	not in file	not in file	not in file	not in file	SYSTEM	2574582	Requested DTID is no longer in the inventory.
DISP_Shipments_Cancellations_07012020_09302020.xlsx	CANCELLATIONS	DC	DHS/CBP WASHINGTON DC	BAG,PLASTIC	2020-08-05 16:18:37	68.43	9	BX	81	05	00	8377757	FOR US CBP BORDER OPERATIONS AND MEDICAL EMERGENCY'S	not in file	8105	008377757	not in file	not in file	not in file	not in file	SYSTEM	2574583	Requested DTID is no longer in the inventory.
