File	Sheet	StateAbbreviation	RequestingAgency	ItemDescription	RecordDate	AcquisitionValue	Quantity	UnitIncrement	Item_FSG	Item_FSC	Item_CC	Item_Code	Justification	NSN	FSC	NIIN	DEMILCode	DEMILIC	StationType	RequisitionID	CancelledBy	RTDRef	ReasonCancelled
DISP_AllStatesAndTerritories_03312020.xlsx	CNMI	MP	CNMI DEPARTMENT OF PUBLIC SAFETY	RIFLE,5.56 MILLIMETER	2017-09-18	749.0	1	Each	10	05	01	1289936	not in file	1005-01-128-9936	not in file	not in file	D	1.0	State	not in file	not in file	not in file	not in file
DISP_AllStatesAndTerritories_03312020.xlsx	CNMI	MP	CNMI DEPARTMENT OF PUBLIC SAFETY	ONLY COMPLETE COMBAT/ASSAULT/TACTICAL WHEELED VEHICLES	2011-10-28	460000.0	1	Each	23	55	DS	COMBTV2	not in file	2355-DS-COM-BTV2	not in file	not in file	D		State	not in file	not in file	not in file	not in file
DISP_AllStatesAndTerritories_03312020.xlsx	CNMI	MP	CNMI DEPARTMENT OF PUBLIC SAFETY	RIFLE,5.56 MILLIMETER	2017-09-18	749.0	1	Each	10	05	01	1289936	not in file	1005-01-128-9936	not in file	not in file	D	1.0	State	not in file	not in file	not in file	not in file
DISP_AllStatesAndTerritories_03312020.xlsx	CNMI	MP	CNMI DEPARTMENT OF PUBLIC SAFETY	RIFLE,5.56 MILLIMETER	2017-09-18	749.0	1	Each	10	05	01	1289936	not in file	1005-01-128-9936	not in file	not in file	D	1.0	State	not in file	not in file	not in file	not in file
DISP_AllStatesAndTerritories_03312020.xlsx	CNMI	MP	CNMI DEPARTMENT OF PUBLIC SAFETY	RIFLE,5.56 MILLIMETER	2017-09-18	749.0	1	Each	10	05	01	1289936	not in file	1005-01-128-9936	not in file	not in file	D	1.0	State	not in file	not in file	not in file	not in file
DISP_AllStatesAndTerritories_03312020.xlsx	CNMI	MP	CNMI DEPARTMENT OF PUBLIC SAFETY	RIFLE,5.56 MILLIMETER	2017-09-18	749.0	1	Each	10	05	01	1289936	not in file	1005-01-128-9936	not in file	not in file	D	1.0	State	not in file	not in file	not in file	not in file
DISP_AllStatesAndTerritories_03312020.xlsx	CNMI	MP	CNMI DEPARTMENT OF PUBLIC SAFETY	RIFLE,5.56 MILLIMETER	2017-09-18	749.0	1	Each	10	05	01	1289936	not in file	1005-01-128-9936	not in file	not in file	D	1.0	State	not in file	not in file	not in file	not in file
DISP_AllStatesAndTerritories_03312020.xlsx	CNMI	MP	CNMI DEPARTMENT OF PUBLIC SAFETY	RIFLE,5.56 MILLIMETER	2017-09-18	749.0	1	Each	10	05	01	1289936	not in file	1005-01-128-9936	not in file	not in file	D	1.0	State	not in file	not in file	not in file	not in file
DISP_AllStatesAndTerritories_03312020.xlsx	CNMI	MP	CNMI DEPARTMENT OF PUBLIC SAFETY	RIFLE,5.56 MILLIMETER	2017-09-18	749.0	1	Each	10	05	01	1289936	not in file	1005-01-128-9936	not in file	not in file	D	1.0	State	not in file	not in file	not in file	not in file
DISP_AllStatesAndTerritories_03312020.xlsx	CNMI	MP	CNMI DEPARTMENT OF PUBLIC SAFETY	RIFLE,5.56 MILLIMETER	2017-09-18	749.0	1	Each	10	05	01	1289936	not in file	1005-01-128-9936	not in file	not in file	D	1.0	State	not in file	not in file	not in file	not in file
DISP_AllStatesAndTerritories_03312020.xlsx	CNMI	MP	CNMI DEPARTMENT OF PUBLIC SAFETY	RIFLE,5.56 MILLIMETER	2014-09-22	749.0	1	Each	10	05	01	1289936	not in file	1005-01-128-9936	not in file	not in file	D	1.0	State	not in file	not in file	not in file	not in file
DISP_AllStatesAndTerritories_03312020.xlsx	CNMI	MP	CNMI DEPARTMENT OF PUBLIC SAFETY	RIFLE,5.56 MILLIMETER	2014-09-22	749.0	1	Each	10	05	01	1289936	not in file	1005-01-128-9936	not in file	not in file	D	1.0	State	not in file	not in file	not in file	not in file
DISP_AllStatesAndTerritories_03312020.xlsx	CNMI	MP	CNMI DEPARTMENT OF PUBLIC SAFETY	RIFLE,5.56 MILLIMETER	2014-09-22	749.0	1	Each	10	05	01	1289936	not in file	1005-01-128-9936	not in file	not in file	D	1.0	State	not in file	not in file	not in file	not in file
DISP_AllStatesAndTerritories_03312020.xlsx	CNMI	MP	CNMI DEPARTMENT OF PUBLIC SAFETY	RIFLE,5.56 MILLIMETER	2014-09-22	749.0	1	Each	10	05	01	1289936	not in file	1005-01-128-9936	not in file	not in file	D	1.0	State	not in file	not in file	not in file	not in file
DISP_AllStatesAndTerritories_03312020.xlsx	CNMI	MP	CNMI DEPARTMENT OF PUBLIC SAFETY	RIFLE,5.56 MILLIMETER	2014-09-22	749.0	1	Each	10	05	01	1289936	not in file	1005-01-128-9936	not in file	not in file	D	1.0	State	not in file	not in file	not in file	not in file
DISP_AllStatesAndTerritories_03312020.xlsx	CNMI	MP	CNMI DEPARTMENT OF PUBLIC SAFETY	RIFLE,5.56 MILLIMETER	2014-09-22	749.0	1	Each	10	05	01	1289936	not in file	1005-01-128-9936	not in file	not in file	D	1.0	State	not in file	not in file	not in file	not in file
DISP_AllStatesAndTerritories_03312020.xlsx	CNMI	MP	CNMI DEPARTMENT OF PUBLIC SAFETY	RIFLE,5.56 MILLIMETER	2014-09-22	749.0	1	Each	10	05	01	1289936	not in file	1005-01-128-9936	not in file	not in file	D	1.0	State	not in file	not in file	not in file	not in file
DISP_AllStatesAndTerritories_03312020.xlsx	CNMI	MP	CNMI DEPARTMENT OF PUBLIC SAFETY	RIFLE,5.56 MILLIMETER	2014-09-22	749.0	1	Each	10	05	01	1289936	not in file	1005-01-128-9936	not in file	not in file	D	1.0	State	not in file	not in file	not in file	not in file
DISP_AllStatesAndTerritories_03312020.xlsx	CNMI	MP	CNMI DEPARTMENT OF PUBLIC SAFETY	RIFLE,5.56 MILLIMETER	2014-09-22	749.0	1	Each	10	05	01	1289936	not in file	1005-01-128-9936	not in file	not in file	D	1.0	State	not in file	not in file	not in file	not in file
DISP_AllStatesAndTerritories_03312020.xlsx	CNMI	MP	CNMI DEPARTMENT OF PUBLIC SAFETY	RIFLE,5.56 MILLIMETER	2014-09-22	749.0	1	Each	10	05	01	1289936	not in file	1005-01-128-9936	not in file	not in file	D	1.0	State	not in file	not in file	not in file	not in file
DISP_AllStatesAndTerritories_03312020.xlsx	CNMI	MP	CNMI DEPARTMENT OF PUBLIC SAFETY	RIFLE,5.56 MILLIMETER	2014-09-22	749.0	1	Each	10	05	01	1289936	not in file	1005-01-128-9936	not in file	not in file	D	1.0	State	not in file	not in file	not in file	not in file
DISP_AllStatesAndTerritories_03312020.xlsx	CNMI	MP	CNMI DEPARTMENT OF PUBLIC SAFETY	RIFLE,5.56 MILLIMETER	2014-09-22	749.0	1	Each	10	05	01	1289936	not in file	1005-01-128-9936	not in file	not in file	D	1.0	State	not in file	not in file	not in file	not in file
DISP_AllStatesAndTerritories_03312020.xlsx	CNMI	MP	CNMI DEPARTMENT OF PUBLIC SAFETY	RIFLE,5.56 MILLIMETER	2014-09-22	749.0	1	Each	10	05	01	1289936	not in file	1005-01-128-9936	not in file	not in file	D	1.0	State	not in file	not in file	not in file	not in file
DISP_AllStatesAndTerritories_03312020.xlsx	CNMI	MP	CNMI DEPARTMENT OF PUBLIC SAFETY	RIFLE,5.56 MILLIMETER	2014-09-22	749.0	1	Each	10	05	01	1289936	not in file	1005-01-128-9936	not in file	not in file	D	1.0	State	not in file	not in file	not in file	not in file
DISP_AllStatesAndTerritories_03312020.xlsx	CNMI	MP	CNMI DEPARTMENT OF PUBLIC SAFETY	RIFLE,5.56 MILLIMETER	2014-09-22	749.0	1	Each	10	05	01	1289936	not in file	1005-01-128-9936	not in file	not in file	D	1.0	State	not in file	not in file	not in file	not in file
DISP_AllStatesAndTerritories_03312020.xlsx	CNMI	MP	CNMI DEPARTMENT OF PUBLIC SAFETY	RIFLE,5.56 MILLIMETER	2014-09-22	749.0	1	Each	10	05	01	1289936	not in file	1005-01-128-9936	not in file	not in file	D	1.0	State	not in file	not in file	not in file	not in file
DISP_AllStatesAndTerritories_03312020.xlsx	CNMI	MP	CNMI DEPARTMENT OF PUBLIC SAFETY	RIFLE,5.56 MILLIMETER	2014-09-22	749.0	1	Each	10	05	01	1289936	not in file	1005-01-128-9936	not in file	not in file	D	1.0	State	not in file	not in file	not in file	not in file
DISP_AllStatesAndTerritories_03312020.xlsx	CNMI	MP	CNMI DEPARTMENT OF PUBLIC SAFETY	RIFLE,5.56 MILLIMETER	2014-09-22	749.0	1	Each	10	05	01	1289936	not in file	1005-01-128-9936	not in file	not in file	D	1.0	State	not in file	not in file	not in file	not in file
DISP_AllStatesAndTerritories_03312020.xlsx	CNMI	MP	CNMI DEPARTMENT OF PUBLIC SAFETY	RIFLE,5.56 MILLIMETER	2014-09-22	749.0	1	Each	10	05	01	1289936	not in file	1005-01-128-9936	not in file	not in file	D	1.0	State	not in file	not in file	not in file	not in file
DISP_AllStatesAndTerritories_03312020.xlsx	CNMI	MP	CNMI DEPARTMENT OF PUBLIC SAFETY	RIFLE,5.56 MILLIMETER	2014-09-22	749.0	1	Each	10	05	01	1289936	not in file	1005-01-128-9936	not in file	not in file	D	1.0	State	not in file	not in file	not in file	not in file
DISP_AllStatesAndTerritories_03312020.xlsx	CNMI	MP	CNMI DEPARTMENT OF PUBLIC SAFETY	PISTOL, 40CAL, GLOCK GEN 3	2013-09-19	320.0	1	Each	10	05	01	D172240	not in file	1005-01-D17-2240	not in file	not in file	D		State	not in file	not in file	not in file	not in file
DISP_AllStatesAndTerritories_03312020.xlsx	CNMI	MP	CNMI DEPARTMENT OF PUBLIC SAFETY	PISTOL, 40CAL, GLOCK GEN 3	2013-09-19	320.0	1	Each	10	05	01	D172240	not in file	1005-01-D17-2240	not in file	not in file	D		State	not in file	not in file	not in file	not in file
DISP_AllStatesAndTerritories_03312020.xlsx	CNMI	MP	CNMI DEPARTMENT OF PUBLIC SAFETY	PISTOL, 40CAL, GLOCK GEN 3	2013-09-19	320.0	1	Each	10	05	01	D172240	not in file	1005-01-D17-2240	not in file	not in file	D		State	not in file	not in file	not in file	not in file
DISP_AllStatesAndTerritories_03312020.xlsx	CNMI	MP	CNMI DEPARTMENT OF PUBLIC SAFETY	PISTOL, 40CAL, GLOCK GEN 3	2013-09-19	320.0	1	Each	10	05	01	D172240	not in file	1005-01-D17-2240	not in file	not in file	D		State	not in file	not in file	not in file	not in file
DISP_AllStatesAndTerritories_03312020.xlsx	CNMI	MP	CNMI DEPARTMENT OF PUBLIC SAFETY	PISTOL, 40CAL, GLOCK GEN 3	2013-09-19	320.0	1	Each	10	05	01	D172240	not in file	1005-01-D17-2240	not in file	not in file	D		State	not in file	not in file	not in file	not in file
DISP_AllStatesAndTerritories_03312020.xlsx	CNMI	MP	CNMI DEPARTMENT OF PUBLIC SAFETY	PISTOL, 40CAL, GLOCK GEN 3	2013-09-19	320.0	1	Each	10	05	01	D172240	not in file	1005-01-D17-2240	not in file	not in file	D		State	not in file	not in file	not in file	not in file
DISP_AllStatesAndTerritories_03312020.xlsx	CNMI	MP	CNMI DEPARTMENT OF PUBLIC SAFETY	PISTOL, 40CAL, GLOCK GEN 3	2013-09-19	320.0	1	Each	10	05	01	D172240	not in file	1005-01-D17-2240	not in file	not in file	D		State	not in file	not in file	not in file	not in file
DISP_AllStatesAndTerritories_03312020.xlsx	CNMI	MP	CNMI DEPARTMENT OF PUBLIC SAFETY	PISTOL, 40CAL, GLOCK GEN 3	2013-09-19	320.0	1	Each	10	05	01	D172240	not in file	1005-01-D17-2240	not in file	not in file	D		State	not in file	not in file	not in file	not in file
DISP_AllStatesAndTerritories_03312020.xlsx	CNMI	MP	CNMI DEPARTMENT OF PUBLIC SAFETY	PISTOL, 40CAL, GLOCK GEN 3	2013-09-19	320.0	1	Each	10	05	01	D172240	not in file	1005-01-D17-2240	not in file	not in file	D		State	not in file	not in file	not in file	not in file
DISP_AllStatesAndTerritories_03312020.xlsx	CNMI	MP	CNMI DEPARTMENT OF PUBLIC SAFETY	PISTOL, 40CAL, GLOCK GEN 3	2013-09-19	320.0	1	Each	10	05	01	D172240	not in file	1005-01-D17-2240	not in file	not in file	D		State	not in file	not in file	not in file	not in file
DISP_AllStatesAndTerritories_03312020.xlsx	CNMI	MP	CNMI DEPARTMENT OF PUBLIC SAFETY	PISTOL, 40CAL, GLOCK GEN 3	2013-09-19	320.0	1	Each	10	05	01	D172240	not in file	1005-01-D17-2240	not in file	not in file	D		State	not in file	not in file	not in file	not in file
DISP_AllStatesAndTerritories_03312020.xlsx	CNMI	MP	CNMI DEPARTMENT OF PUBLIC SAFETY	ONLY COMPLETE COMBAT/ASSAULT/TACTICAL WHEELED VEHICLES	2011-10-28	460000.0	1	Each	23	55	DS	COMBTV2	not in file	2355-DS-COM-BTV2	not in file	not in file	D		State	not in file	not in file	not in file	not in file
DISP_AllStatesAndTerritories_03312020.xlsx	CNMI	MP	CNMI DEPARTMENT OF PUBLIC SAFETY	RIFLE,5.56 MILLIMETER	2017-09-18	749.0	1	Each	10	05	01	1289936	not in file	1005-01-128-9936	not in file	not in file	D	1.0	State	not in file	not in file	not in file	not in file
DISP_AllStatesAndTerritories_06302020.xlsx	CNMI	MP	CNMI DEPARTMENT OF PUBLIC SAFETY	PISTOL, 40CAL, GLOCK GEN 3	2013-09-19	320.0	1	Each	10	05	01	D172240	not in file	1005-01-D17-2240	not in file	not in file	D		State	not in file	not in file	not in file	not in file
DISP_AllStatesAndTerritories_06302020.xlsx	CNMI	MP	CNMI DEPARTMENT OF PUBLIC SAFETY	PISTOL, 40CAL, GLOCK GEN 3	2013-09-19	320.0	1	Each	10	05	01	D172240	not in file	1005-01-D17-2240	not in file	not in file	D		State	not in file	not in file	not in file	not in file
DISP_AllStatesAndTerritories_06302020.xlsx	CNMI	MP	CNMI DEPARTMENT OF PUBLIC SAFETY	PISTOL, 40CAL, GLOCK GEN 3	2013-09-19	320.0	1	Each	10	05	01	D172240	not in file	1005-01-D17-2240	not in file	not in file	D		State	not in file	not in file	not in file	not in file
DISP_AllStatesAndTerritories_06302020.xlsx	CNMI	MP	CNMI DEPARTMENT OF PUBLIC SAFETY	PISTOL, 40CAL, GLOCK GEN 3	2013-09-19	320.0	1	Each	10	05	01	D172240	not in file	1005-01-D17-2240	not in file	not in file	D		State	not in file	not in file	not in file	not in file
DISP_AllStatesAndTerritories_06302020.xlsx	CNMI	MP	CNMI DEPARTMENT OF PUBLIC SAFETY	PISTOL, 40CAL, GLOCK GEN 3	2013-09-19	320.0	1	Each	10	05	01	D172240	not in file	1005-01-D17-2240	not in file	not in file	D		State	not in file	not in file	not in file	not in file
DISP_AllStatesAndTerritories_06302020.xlsx	CNMI	MP	CNMI DEPARTMENT OF PUBLIC SAFETY	ONLY COMPLETE COMBAT/ASSAULT/TACTICAL WHEELED VEHICLES	2011-10-28	460000.0	1	Each	23	55	DS	COMBTV2	not in file	2355-DS-COM-BTV2	not in file	not in file	D		State	not in file	not in file	not in file	not in file
DISP_AllStatesAndTerritories_06302020.xlsx	CNMI	MP	CNMI DEPARTMENT OF PUBLIC SAFETY	ONLY COMPLETE COMBAT/ASSAULT/TACTICAL WHEELED VEHICLES	2011-10-28	460000.0	1	Each	23	55	DS	COMBTV2	not in file	2355-DS-COM-BTV2	not in file	not in file	D		State	not in file	not in file	not in file	not in file
DISP_AllStatesAndTerritories_06302020.xlsx	CNMI	MP	CNMI DEPARTMENT OF PUBLIC SAFETY	RIFLE,5.56 MILLIMETER	2017-09-18	749.0	1	Each	10	05	01	1289936	not in file	1005-01-128-9936	not in file	not in file	D	1.0	State	not in file	not in file	not in file	not in file
DISP_AllStatesAndTerritories_06302020.xlsx	CNMI	MP	CNMI DEPARTMENT OF PUBLIC SAFETY	RIFLE,5.56 MILLIMETER	2017-09-18	749.0	1	Each	10	05	01	1289936	not in file	1005-01-128-9936	not in file	not in file	D	1.0	State	not in file	not in file	not in file	not in file
DISP_AllStatesAndTerritories_06302020.xlsx	CNMI	MP	CNMI DEPARTMENT OF PUBLIC SAFETY	RIFLE,5.56 MILLIMETER	2017-09-18	749.0	1	Each	10	05	01	1289936	not in file	1005-01-128-9936	not in file	not in file	D	1.0	State	not in file	not in file	not in file	not in file
DISP_AllStatesAndTerritories_06302020.xlsx	CNMI	MP	CNMI DEPARTMENT OF PUBLIC SAFETY	RIFLE,5.56 MILLIMETER	2017-09-18	749.0	1	Each	10	05	01	1289936	not in file	1005-01-128-9936	not in file	not in file	D	1.0	State	not in file	not in file	not in file	not in file
DISP_AllStatesAndTerritories_06302020.xlsx	CNMI	MP	CNMI DEPARTMENT OF PUBLIC SAFETY	RIFLE,5.56 MILLIMETER	2017-09-18	749.0	1	Each	10	05	01	1289936	not in file	1005-01-128-9936	not in file	not in file	D	1.0	State	not in file	not in file	not in file	not in file
DISP_AllStatesAndTerritories_06302020.xlsx	CNMI	MP	CNMI DEPARTMENT OF PUBLIC SAFETY	RIFLE,5.56 MILLIMETER	2017-09-18	749.0	1	Each	10	05	01	1289936	not in file	1005-01-128-9936	not in file	not in file	D	1.0	State	not in file	not in file	not in file	not in file
DISP_AllStatesAndTerritories_06302020.xlsx	CNMI	MP	CNMI DEPARTMENT OF PUBLIC SAFETY	RIFLE,5.56 MILLIMETER	2017-09-18	749.0	1	Each	10	05	01	1289936	not in file	1005-01-128-9936	not in file	not in file	D	1.0	State	not in file	not in file	not in file	not in file
DISP_AllStatesAndTerritories_06302020.xlsx	CNMI	MP	CNMI DEPARTMENT OF PUBLIC SAFETY	RIFLE,5.56 MILLIMETER	2017-09-18	749.0	1	Each	10	05	01	1289936	not in file	1005-01-128-9936	not in file	not in file	D	1.0	State	not in file	not in file	not in file	not in file
DISP_AllStatesAndTerritories_06302020.xlsx	CNMI	MP	CNMI DEPARTMENT OF PUBLIC SAFETY	RIFLE,5.56 MILLIMETER	2017-09-18	749.0	1	Each	10	05	01	1289936	not in file	1005-01-128-9936	not in file	not in file	D	1.0	State	not in file	not in file	not in file	not in file
DISP_AllStatesAndTerritories_06302020.xlsx	CNMI	MP	CNMI DEPARTMENT OF PUBLIC SAFETY	RIFLE,5.56 MILLIMETER	2017-09-18	749.0	1	Each	10	05	01	1289936	not in file	1005-01-128-9936	not in file	not in file	D	1.0	State	not in file	not in file	not in file	not in file
DISP_AllStatesAndTerritories_06302020.xlsx	CNMI	MP	CNMI DEPARTMENT OF PUBLIC SAFETY	RIFLE,5.56 MILLIMETER	2014-09-22	749.0	1	Each	10	05	01	1289936	not in file	1005-01-128-9936	not in file	not in file	D	1.0	State	not in file	not in file	not in file	not in file
DISP_AllStatesAndTerritories_06302020.xlsx	CNMI	MP	CNMI DEPARTMENT OF PUBLIC SAFETY	RIFLE,5.56 MILLIMETER	2014-09-22	749.0	1	Each	10	05	01	1289936	not in file	1005-01-128-9936	not in file	not in file	D	1.0	State	not in file	not in file	not in file	not in file
DISP_AllStatesAndTerritories_06302020.xlsx	CNMI	MP	CNMI DEPARTMENT OF PUBLIC SAFETY	RIFLE,5.56 MILLIMETER	2014-09-22	749.0	1	Each	10	05	01	1289936	not in file	1005-01-128-9936	not in file	not in file	D	1.0	State	not in file	not in file	not in file	not in file
DISP_AllStatesAndTerritories_06302020.xlsx	CNMI	MP	CNMI DEPARTMENT OF PUBLIC SAFETY	RIFLE,5.56 MILLIMETER	2014-09-22	749.0	1	Each	10	05	01	1289936	not in file	1005-01-128-9936	not in file	not in file	D	1.0	State	not in file	not in file	not in file	not in file
DISP_AllStatesAndTerritories_06302020.xlsx	CNMI	MP	CNMI DEPARTMENT OF PUBLIC SAFETY	RIFLE,5.56 MILLIMETER	2014-09-22	749.0	1	Each	10	05	01	1289936	not in file	1005-01-128-9936	not in file	not in file	D	1.0	State	not in file	not in file	not in file	not in file
DISP_AllStatesAndTerritories_06302020.xlsx	CNMI	MP	CNMI DEPARTMENT OF PUBLIC SAFETY	RIFLE,5.56 MILLIMETER	2014-09-22	749.0	1	Each	10	05	01	1289936	not in file	1005-01-128-9936	not in file	not in file	D	1.0	State	not in file	not in file	not in file	not in file
DISP_AllStatesAndTerritories_06302020.xlsx	CNMI	MP	CNMI DEPARTMENT OF PUBLIC SAFETY	RIFLE,5.56 MILLIMETER	2014-09-22	749.0	1	Each	10	05	01	1289936	not in file	1005-01-128-9936	not in file	not in file	D	1.0	State	not in file	not in file	not in file	not in file
DISP_AllStatesAndTerritories_06302020.xlsx	CNMI	MP	CNMI DEPARTMENT OF PUBLIC SAFETY	RIFLE,5.56 MILLIMETER	2014-09-22	749.0	1	Each	10	05	01	1289936	not in file	1005-01-128-9936	not in file	not in file	D	1.0	State	not in file	not in file	not in file	not in file
DISP_AllStatesAndTerritories_06302020.xlsx	CNMI	MP	CNMI DEPARTMENT OF PUBLIC SAFETY	RIFLE,5.56 MILLIMETER	2014-09-22	749.0	1	Each	10	05	01	1289936	not in file	1005-01-128-9936	not in file	not in file	D	1.0	State	not in file	not in file	not in file	not in file
DISP_AllStatesAndTerritories_06302020.xlsx	CNMI	MP	CNMI DEPARTMENT OF PUBLIC SAFETY	RIFLE,5.56 MILLIMETER	2014-09-22	749.0	1	Each	10	05	01	1289936	not in file	1005-01-128-9936	not in file	not in file	D	1.0	State	not in file	not in file	not in file	not in file
DISP_AllStatesAndTerritories_06302020.xlsx	CNMI	MP	CNMI DEPARTMENT OF PUBLIC SAFETY	RIFLE,5.56 MILLIMETER	2014-09-22	749.0	1	Each	10	05	01	1289936	not in file	1005-01-128-9936	not in file	not in file	D	1.0	State	not in file	not in file	not in file	not in file
DISP_AllStatesAndTerritories_06302020.xlsx	CNMI	MP	CNMI DEPARTMENT OF PUBLIC SAFETY	RIFLE,5.56 MILLIMETER	2014-09-22	749.0	1	Each	10	05	01	1289936	not in file	1005-01-128-9936	not in file	not in file	D	1.0	State	not in file	not in file	not in file	not in file
DISP_AllStatesAndTerritories_06302020.xlsx	CNMI	MP	CNMI DEPARTMENT OF PUBLIC SAFETY	RIFLE,5.56 MILLIMETER	2014-09-22	749.0	1	Each	10	05	01	1289936	not in file	1005-01-128-9936	not in file	not in file	D	1.0	State	not in file	not in file	not in file	not in file
DISP_AllStatesAndTerritories_06302020.xlsx	CNMI	MP	CNMI DEPARTMENT OF PUBLIC SAFETY	RIFLE,5.56 MILLIMETER	2014-09-22	749.0	1	Each	10	05	01	1289936	not in file	1005-01-128-9936	not in file	not in file	D	1.0	State	not in file	not in file	not in file	not in file
DISP_AllStatesAndTerritories_06302020.xlsx	CNMI	MP	CNMI DEPARTMENT OF PUBLIC SAFETY	RIFLE,5.56 MILLIMETER	2014-09-22	749.0	1	Each	10	05	01	1289936	not in file	1005-01-128-9936	not in file	not in file	D	1.0	State	not in file	not in file	not in file	not in file
DISP_AllStatesAndTerritories_06302020.xlsx	CNMI	MP	CNMI DEPARTMENT OF PUBLIC SAFETY	RIFLE,5.56 MILLIMETER	2014-09-22	749.0	1	Each	10	05	01	1289936	not in file	1005-01-128-9936	not in file	not in file	D	1.0	State	not in file	not in file	not in file	not in file
DISP_AllStatesAndTerritories_06302020.xlsx	CNMI	MP	CNMI DEPARTMENT OF PUBLIC SAFETY	RIFLE,5.56 MILLIMETER	2014-09-22	749.0	1	Each	10	05	01	1289936	not in file	1005-01-128-9936	not in file	not in file	D	1.0	State	not in file	not in file	not in file	not in file
DISP_AllStatesAndTerritories_06302020.xlsx	CNMI	MP	CNMI DEPARTMENT OF PUBLIC SAFETY	RIFLE,5.56 MILLIMETER	2014-09-22	749.0	1	Each	10	05	01	1289936	not in file	1005-01-128-9936	not in file	not in file	D	1.0	State	not in file	not in file	not in file	not in file
DISP_AllStatesAndTerritories_06302020.xlsx	CNMI	MP	CNMI DEPARTMENT OF PUBLIC SAFETY	RIFLE,5.56 MILLIMETER	2014-09-22	749.0	1	Each	10	05	01	1289936	not in file	1005-01-128-9936	not in file	not in file	D	1.0	State	not in file	not in file	not in file	not in file
DISP_AllStatesAndTerritories_06302020.xlsx	CNMI	MP	CNMI DEPARTMENT OF PUBLIC SAFETY	RIFLE,5.56 MILLIMETER	2014-09-22	749.0	1	Each	10	05	01	1289936	not in file	1005-01-128-9936	not in file	not in file	D	1.0	State	not in file	not in file	not in file	not in file
DISP_AllStatesAndTerritories_06302020.xlsx	CNMI	MP	CNMI DEPARTMENT OF PUBLIC SAFETY	PISTOL, 40CAL, GLOCK GEN 3	2013-09-19	320.0	1	Each	10	05	01	D172240	not in file	1005-01-D17-2240	not in file	not in file	D		State	not in file	not in file	not in file	not in file
DISP_AllStatesAndTerritories_06302020.xlsx	CNMI	MP	CNMI DEPARTMENT OF PUBLIC SAFETY	PISTOL, 40CAL, GLOCK GEN 3	2013-09-19	320.0	1	Each	10	05	01	D172240	not in file	1005-01-D17-2240	not in file	not in file	D		State	not in file	not in file	not in file	not in file
DISP_AllStatesAndTerritories_06302020.xlsx	CNMI	MP	CNMI DEPARTMENT OF PUBLIC SAFETY	PISTOL, 40CAL, GLOCK GEN 3	2013-09-19	320.0	1	Each	10	05	01	D172240	not in file	1005-01-D17-2240	not in file	not in file	D		State	not in file	not in file	not in file	not in file
DISP_AllStatesAndTerritories_06302020.xlsx	CNMI	MP	CNMI DEPARTMENT OF PUBLIC SAFETY	PISTOL, 40CAL, GLOCK GEN 3	2013-09-19	320.0	1	Each	10	05	01	D172240	not in file	1005-01-D17-2240	not in file	not in file	D		State	not in file	not in file	not in file	not in file
DISP_AllStatesAndTerritories_06302020.xlsx	CNMI	MP	CNMI DEPARTMENT OF PUBLIC SAFETY	PISTOL, 40CAL, GLOCK GEN 3	2013-09-19	320.0	1	Each	10	05	01	D172240	not in file	1005-01-D17-2240	not in file	not in file	D		State	not in file	not in file	not in file	not in file
DISP_AllStatesAndTerritories_06302020.xlsx	CNMI	MP	CNMI DEPARTMENT OF PUBLIC SAFETY	PISTOL, 40CAL, GLOCK GEN 3	2013-09-19	320.0	1	Each	10	05	01	D172240	not in file	1005-01-D17-2240	not in file	not in file	D		State	not in file	not in file	not in file	not in file
DISP_AllStatesAndTerritories_06302020.xlsx	CNMI	MP	CNMI DEPARTMENT OF PUBLIC SAFETY	PISTOL, 40CAL, GLOCK GEN 3	2013-09-19	320.0	1	Each	10	05	01	D172240	not in file	1005-01-D17-2240	not in file	not in file	D		State	not in file	not in file	not in file	not in file
DISP_AllStatesAndTerritories_06302020.xlsx	CNMI	MP	CNMI DEPARTMENT OF PUBLIC SAFETY	PISTOL, 40CAL, GLOCK GEN 3	2013-09-19	320.0	1	Each	10	05	01	D172240	not in file	1005-01-D17-2240	not in file	not in file	D		State	not in file	not in file	not in file	not in file
DISP_AllStatesAndTerritories_06302020.xlsx	CNMI	MP	CNMI DEPARTMENT OF PUBLIC SAFETY	PISTOL, 40CAL, GLOCK GEN 3	2013-09-19	320.0	1	Each	10	05	01	D172240	not in file	1005-01-D17-2240	not in file	not in file	D		State	not in file	not in file	not in file	not in file
DISP_AllStatesAndTerritories_06302020.xlsx	CNMI	MP	CNMI DEPARTMENT OF PUBLIC SAFETY	PISTOL, 40CAL, GLOCK GEN 3	2013-09-19	320.0	1	Each	10	05	01	D172240	not in file	1005-01-D17-2240	not in file	not in file	D		State	not in file	not in file	not in file	not in file
DISP_AllStatesAndTerritories_06302020.xlsx	CNMI	MP	CNMI DEPARTMENT OF PUBLIC SAFETY	PISTOL, 40CAL, GLOCK GEN 3	2013-09-19	320.0	1	Each	10	05	01	D172240	not in file	1005-01-D17-2240	not in file	not in file	D		State	not in file	not in file	not in file	not in file
DISP_AllStatesAndTerritories_06302020.xlsx	CNMI	MP	CNMI DEPARTMENT OF PUBLIC SAFETY	PISTOL, 40CAL, GLOCK GEN 3	2013-09-19	320.0	1	Each	10	05	01	D172240	not in file	1005-01-D17-2240	not in file	not in file	D		State	not in file	not in file	not in file	not in file
DISP_AllStatesAndTerritories_06302020.xlsx	CNMI	MP	CNMI DEPARTMENT OF PUBLIC SAFETY	PISTOL, 40CAL, GLOCK GEN 3	2013-09-19	320.0	1	Each	10	05	01	D172240	not in file	1005-01-D17-2240	not in file	not in file	D		State	not in file	not in file	not in file	not in file
DISP_AllStatesAndTerritories_06302020.xlsx	CNMI	MP	CNMI DEPARTMENT OF PUBLIC SAFETY	PISTOL, 40CAL, GLOCK GEN 3	2013-09-19	320.0	1	Each	10	05	01	D172240	not in file	1005-01-D17-2240	not in file	not in file	D		State	not in file	not in file	not in file	not in file
DISP_AllStatesAndTerritories_06302020.xlsx	CNMI	MP	CNMI DEPARTMENT OF PUBLIC SAFETY	PISTOL, 40CAL, GLOCK GEN 3	2013-09-19	320.0	1	Each	10	05	01	D172240	not in file	1005-01-D17-2240	not in file	not in file	D		State	not in file	not in file	not in file	not in file
DISP_AllStatesAndTerritories_06302020.xlsx	CNMI	MP	CNMI DEPARTMENT OF PUBLIC SAFETY	PISTOL, 40CAL, GLOCK GEN 3	2013-09-19	320.0	1	Each	10	05	01	D172240	not in file	1005-01-D17-2240	not in file	not in file	D		State	not in file	not in file	not in file	not in file
DISP_AllStatesAndTerritories_06302020.xlsx	CNMI	MP	CNMI DEPARTMENT OF PUBLIC SAFETY	PISTOL, 40CAL, GLOCK GEN 3	2013-09-19	320.0	1	Each	10	05	01	D172240	not in file	1005-01-D17-2240	not in file	not in file	D		State	not in file	not in file	not in file	not in file
DISP_AllStatesAndTerritories_06302020.xlsx	CNMI	MP	CNMI DEPARTMENT OF PUBLIC SAFETY	PISTOL, 40CAL, GLOCK GEN 3	2013-09-19	320.0	1	Each	10	05	01	D172240	not in file	1005-01-D17-2240	not in file	not in file	D		State	not in file	not in file	not in file	not in file
DISP_AllStatesAndTerritories_06302020.xlsx	CNMI	MP	CNMI DEPARTMENT OF PUBLIC SAFETY	PISTOL, 40CAL, GLOCK GEN 3	2013-09-19	320.0	1	Each	10	05	01	D172240	not in file	1005-01-D17-2240	not in file	not in file	D		State	not in file	not in file	not in file	not in file
DISP_AllStatesAndTerritories_06302020.xlsx	CNMI	MP	CNMI DEPARTMENT OF PUBLIC SAFETY	PISTOL, 40CAL, GLOCK GEN 3	2013-09-19	320.0	1	Each	10	05	01	D172240	not in file	1005-01-D17-2240	not in file	not in file	D		State	not in file	not in file	not in file	not in file
DISP_AllStatesAndTerritories_06302020.xlsx	CNMI	MP	CNMI DEPARTMENT OF PUBLIC SAFETY	PISTOL, 40CAL, GLOCK GEN 3	2013-09-19	320.0	1	Each	10	05	01	D172240	not in file	1005-01-D17-2240	not in file	not in file	D		State	not in file	not in file	not in file	not in file
DISP_AllStatesAndTerritories_06302020.xlsx	CNMI	MP	CNMI DEPARTMENT OF PUBLIC SAFETY	PISTOL, 40CAL, GLOCK GEN 3	2013-09-19	320.0	1	Each	10	05	01	D172240	not in file	1005-01-D17-2240	not in file	not in file	D		State	not in file	not in file	not in file	not in file
DISP_AllStatesAndTerritories_06302020.xlsx	CNMI	MP	CNMI DEPARTMENT OF PUBLIC SAFETY	PISTOL, 40CAL, GLOCK GEN 3	2013-09-19	320.0	1	Each	10	05	01	D172240	not in file	1005-01-D17-2240	not in file	not in file	D		State	not in file	not in file	not in file	not in file
DISP_AllStatesAndTerritories_06302020.xlsx	CNMI	MP	CNMI DEPARTMENT OF PUBLIC SAFETY	PISTOL, 40CAL, GLOCK GEN 3	2013-09-19	320.0	1	Each	10	05	01	D172240	not in file	1005-01-D17-2240	not in file	not in file	D		State	not in file	not in file	not in file	not in file
DISP_AllStatesAndTerritories_06302020.xlsx	CNMI	MP	CNMI DEPARTMENT OF PUBLIC SAFETY	PISTOL, 40CAL, GLOCK GEN 3	2013-09-19	320.0	1	Each	10	05	01	D172240	not in file	1005-01-D17-2240	not in file	not in file	D		State	not in file	not in file	not in file	not in file
DISP_AllStatesAndTerritories_06302020.xlsx	CNMI	MP	CNMI DEPARTMENT OF PUBLIC SAFETY	PISTOL, 40CAL, GLOCK GEN 3	2013-09-19	320.0	1	Each	10	05	01	D172240	not in file	1005-01-D17-2240	not in file	not in file	D		State	not in file	not in file	not in file	not in file
DISP_AllStatesAndTerritories_06302020.xlsx	CNMI	MP	CNMI DEPARTMENT OF PUBLIC SAFETY	PISTOL, 40CAL, GLOCK GEN 3	2013-09-19	320.0	1	Each	10	05	01	D172240	not in file	1005-01-D17-2240	not in file	not in file	D		State	not in file	not in file	not in file	not in file
DISP_AllStatesAndTerritories_06302020.xlsx	CNMI	MP	CNMI DEPARTMENT OF PUBLIC SAFETY	PISTOL, 40CAL, GLOCK GEN 3	2013-09-19	320.0	1	Each	10	05	01	D172240	not in file	1005-01-D17-2240	not in file	not in file	D		State	not in file	not in file	not in file	not in file
DISP_AllStatesAndTerritories_06302020.xlsx	CNMI	MP	CNMI DEPARTMENT OF PUBLIC SAFETY	PISTOL, 40CAL, GLOCK GEN 3	2013-09-19	320.0	1	Each	10	05	01	D172240	not in file	1005-01-D17-2240	not in file	not in file	D		State	not in file	not in file	not in file	not in file
DISP_AllStatesAndTerritories_06302020.xlsx	CNMI	MP	CNMI DEPARTMENT OF PUBLIC SAFETY	PISTOL, 40CAL, GLOCK GEN 3	2013-09-19	320.0	1	Each	10	05	01	D172240	not in file	1005-01-D17-2240	not in file	not in file	D		State	not in file	not in file	not in file	not in file
DISP_AllStatesAndTerritories_06302020.xlsx	CNMI	MP	CNMI DEPARTMENT OF PUBLIC SAFETY	PISTOL, 40CAL, GLOCK GEN 3	2013-09-19	320.0	1	Each	10	05	01	D172240	not in file	1005-01-D17-2240	not in file	not in file	D		State	not in file	not in file	not in file	not in file
DISP_AllStatesAndTerritories_06302020.xlsx	CNMI	MP	CNMI DEPARTMENT OF PUBLIC SAFETY	PISTOL, 40CAL, GLOCK GEN 3	2013-09-19	320.0	1	Each	10	05	01	D172240	not in file	1005-01-D17-2240	not in file	not in file	D		State	not in file	not in file	not in file	not in file
DISP_AllStatesAndTerritories_06302020.xlsx	CNMI	MP	CNMI DEPARTMENT OF PUBLIC SAFETY	PISTOL, 40CAL, GLOCK GEN 3	2013-09-19	320.0	1	Each	10	05	01	D172240	not in file	1005-01-D17-2240	not in file	not in file	D		State	not in file	not in file	not in file	not in file
DISP_AllStatesAndTerritories_06302020.xlsx	CNMI	MP	CNMI DEPARTMENT OF PUBLIC SAFETY	PISTOL, 40CAL, GLOCK GEN 3	2013-09-19	320.0	1	Each	10	05	01	D172240	not in file	1005-01-D17-2240	not in file	not in file	D		State	not in file	not in file	not in file	not in file
DISP_AllStatesAndTerritories_09302020.xlsx	CNMI	MP	CNMI DEPARTMENT OF PUBLIC SAFETY	PISTOL, 40CAL, GLOCK GEN 3	2013-09-19	320.0	1	Each	10	05	01	D172240	not in file	1005-01-D17-2240	not in file	not in file	D		State	not in file	not in file	not in file	not in file
DISP_AllStatesAndTerritories_09302020.xlsx	CNMI	MP	CNMI DEPARTMENT OF PUBLIC SAFETY	PISTOL, 40CAL, GLOCK GEN 3	2013-09-19	320.0	1	Each	10	05	01	D172240	not in file	1005-01-D17-2240	not in file	not in file	D		State	not in file	not in file	not in file	not in file
DISP_AllStatesAndTerritories_09302020.xlsx	CNMI	MP	CNMI DEPARTMENT OF PUBLIC SAFETY	PISTOL, 40CAL, GLOCK GEN 3	2013-09-19	320.0	1	Each	10	05	01	D172240	not in file	1005-01-D17-2240	not in file	not in file	D		State	not in file	not in file	not in file	not in file
DISP_AllStatesAndTerritories_09302020.xlsx	CNMI	MP	CNMI DEPARTMENT OF PUBLIC SAFETY	PISTOL, 40CAL, GLOCK GEN 3	2013-09-19	320.0	1	Each	10	05	01	D172240	not in file	1005-01-D17-2240	not in file	not in file	D		State	not in file	not in file	not in file	not in file
DISP_AllStatesAndTerritories_09302020.xlsx	CNMI	MP	CNMI DEPARTMENT OF PUBLIC SAFETY	PISTOL, 40CAL, GLOCK GEN 3	2013-09-19	320.0	1	Each	10	05	01	D172240	not in file	1005-01-D17-2240	not in file	not in file	D		State	not in file	not in file	not in file	not in file
DISP_AllStatesAndTerritories_09302020.xlsx	CNMI	MP	CNMI DEPARTMENT OF PUBLIC SAFETY	ONLY COMPLETE COMBAT/ASSAULT/TACTICAL WHEELED VEHICLES	2011-10-28	460000.0	1	Each	23	55	DS	COMBTV2	not in file	2355-DS-COM-BTV2	not in file	not in file	D		State	not in file	not in file	not in file	not in file
DISP_AllStatesAndTerritories_09302020.xlsx	CNMI	MP	CNMI DEPARTMENT OF PUBLIC SAFETY	ONLY COMPLETE COMBAT/ASSAULT/TACTICAL WHEELED VEHICLES	2011-10-26	460000.0	1	Each	23	55	DS	COMBTV2	not in file	2355-DS-COM-BTV2	not in file	not in file	D		State	not in file	not in file	not in file	not in file
DISP_AllStatesAndTerritories_09302020.xlsx	CNMI	MP	CNMI DEPARTMENT OF PUBLIC SAFETY	ONLY COMPLETE COMBAT/ASSAULT/TACTICAL WHEELED VEHICLES	2011-10-28	460000.0	1	Each	23	55	DS	COMBTV2	not in file	2355-DS-COM-BTV2	not in file	not in file	D		State	not in file	not in file	not in file	not in file
DISP_AllStatesAndTerritories_09302020.xlsx	CNMI	MP	CNMI DEPARTMENT OF PUBLIC SAFETY	RIFLE,5.56 MILLIMETER	2017-09-18	749.0	1	Each	10	05	01	1289936	not in file	1005-01-128-9936	not in file	not in file	D	1.0	State	not in file	not in file	not in file	not in file
DISP_AllStatesAndTerritories_09302020.xlsx	CNMI	MP	CNMI DEPARTMENT OF PUBLIC SAFETY	RIFLE,5.56 MILLIMETER	2017-09-18	749.0	1	Each	10	05	01	1289936	not in file	1005-01-128-9936	not in file	not in file	D	1.0	State	not in file	not in file	not in file	not in file
DISP_AllStatesAndTerritories_09302020.xlsx	CNMI	MP	CNMI DEPARTMENT OF PUBLIC SAFETY	RIFLE,5.56 MILLIMETER	2017-09-18	749.0	1	Each	10	05	01	1289936	not in file	1005-01-128-9936	not in file	not in file	D	1.0	State	not in file	not in file	not in file	not in file
DISP_AllStatesAndTerritories_09302020.xlsx	CNMI	MP	CNMI DEPARTMENT OF PUBLIC SAFETY	RIFLE,5.56 MILLIMETER	2017-09-18	749.0	1	Each	10	05	01	1289936	not in file	1005-01-128-9936	not in file	not in file	D	1.0	State	not in file	not in file	not in file	not in file
DISP_AllStatesAndTerritories_09302020.xlsx	CNMI	MP	CNMI DEPARTMENT OF PUBLIC SAFETY	RIFLE,5.56 MILLIMETER	2017-09-18	749.0	1	Each	10	05	01	1289936	not in file	1005-01-128-9936	not in file	not in file	D	1.0	State	not in file	not in file	not in file	not in file
DISP_AllStatesAndTerritories_09302020.xlsx	CNMI	MP	CNMI DEPARTMENT OF PUBLIC SAFETY	RIFLE,5.56 MILLIMETER	2017-09-18	749.0	1	Each	10	05	01	1289936	not in file	1005-01-128-9936	not in file	not in file	D	1.0	State	not in file	not in file	not in file	not in file
DISP_AllStatesAndTerritories_09302020.xlsx	CNMI	MP	CNMI DEPARTMENT OF PUBLIC SAFETY	RIFLE,5.56 MILLIMETER	2017-09-18	749.0	1	Each	10	05	01	1289936	not in file	1005-01-128-9936	not in file	not in file	D	1.0	State	not in file	not in file	not in file	not in file
DISP_AllStatesAndTerritories_09302020.xlsx	CNMI	MP	CNMI DEPARTMENT OF PUBLIC SAFETY	RIFLE,5.56 MILLIMETER	2017-09-18	749.0	1	Each	10	05	01	1289936	not in file	1005-01-128-9936	not in file	not in file	D	1.0	State	not in file	not in file	not in file	not in file
DISP_AllStatesAndTerritories_09302020.xlsx	CNMI	MP	CNMI DEPARTMENT OF PUBLIC SAFETY	RIFLE,5.56 MILLIMETER	2017-09-18	749.0	1	Each	10	05	01	1289936	not in file	1005-01-128-9936	not in file	not in file	D	1.0	State	not in file	not in file	not in file	not in file
DISP_AllStatesAndTerritories_09302020.xlsx	CNMI	MP	CNMI DEPARTMENT OF PUBLIC SAFETY	RIFLE,5.56 MILLIMETER	2017-09-18	749.0	1	Each	10	05	01	1289936	not in file	1005-01-128-9936	not in file	not in file	D	1.0	State	not in file	not in file	not in file	not in file
DISP_AllStatesAndTerritories_09302020.xlsx	CNMI	MP	CNMI DEPARTMENT OF PUBLIC SAFETY	RIFLE,5.56 MILLIMETER	2014-09-22	749.0	1	Each	10	05	01	1289936	not in file	1005-01-128-9936	not in file	not in file	D	1.0	State	not in file	not in file	not in file	not in file
DISP_AllStatesAndTerritories_09302020.xlsx	CNMI	MP	CNMI DEPARTMENT OF PUBLIC SAFETY	RIFLE,5.56 MILLIMETER	2014-09-22	749.0	1	Each	10	05	01	1289936	not in file	1005-01-128-9936	not in file	not in file	D	1.0	State	not in file	not in file	not in file	not in file
DISP_AllStatesAndTerritories_09302020.xlsx	CNMI	MP	CNMI DEPARTMENT OF PUBLIC SAFETY	RIFLE,5.56 MILLIMETER	2014-09-22	749.0	1	Each	10	05	01	1289936	not in file	1005-01-128-9936	not in file	not in file	D	1.0	State	not in file	not in file	not in file	not in file
DISP_AllStatesAndTerritories_09302020.xlsx	CNMI	MP	CNMI DEPARTMENT OF PUBLIC SAFETY	RIFLE,5.56 MILLIMETER	2014-09-22	749.0	1	Each	10	05	01	1289936	not in file	1005-01-128-9936	not in file	not in file	D	1.0	State	not in file	not in file	not in file	not in file
DISP_AllStatesAndTerritories_09302020.xlsx	CNMI	MP	CNMI DEPARTMENT OF PUBLIC SAFETY	RIFLE,5.56 MILLIMETER	2014-09-22	749.0	1	Each	10	05	01	1289936	not in file	1005-01-128-9936	not in file	not in file	D	1.0	State	not in file	not in file	not in file	not in file
DISP_AllStatesAndTerritories_09302020.xlsx	CNMI	MP	CNMI DEPARTMENT OF PUBLIC SAFETY	RIFLE,5.56 MILLIMETER	2014-09-22	749.0	1	Each	10	05	01	1289936	not in file	1005-01-128-9936	not in file	not in file	D	1.0	State	not in file	not in file	not in file	not in file
DISP_AllStatesAndTerritories_09302020.xlsx	CNMI	MP	CNMI DEPARTMENT OF PUBLIC SAFETY	RIFLE,5.56 MILLIMETER	2014-09-22	749.0	1	Each	10	05	01	1289936	not in file	1005-01-128-9936	not in file	not in file	D	1.0	State	not in file	not in file	not in file	not in file
DISP_AllStatesAndTerritories_09302020.xlsx	CNMI	MP	CNMI DEPARTMENT OF PUBLIC SAFETY	RIFLE,5.56 MILLIMETER	2014-09-22	749.0	1	Each	10	05	01	1289936	not in file	1005-01-128-9936	not in file	not in file	D	1.0	State	not in file	not in file	not in file	not in file
DISP_AllStatesAndTerritories_09302020.xlsx	CNMI	MP	CNMI DEPARTMENT OF PUBLIC SAFETY	RIFLE,5.56 MILLIMETER	2014-09-22	749.0	1	Each	10	05	01	1289936	not in file	1005-01-128-9936	not in file	not in file	D	1.0	State	not in file	not in file	not in file	not in file
DISP_AllStatesAndTerritories_09302020.xlsx	CNMI	MP	CNMI DEPARTMENT OF PUBLIC SAFETY	RIFLE,5.56 MILLIMETER	2014-09-22	749.0	1	Each	10	05	01	1289936	not in file	1005-01-128-9936	not in file	not in file	D	1.0	State	not in file	not in file	not in file	not in file
DISP_AllStatesAndTerritories_09302020.xlsx	CNMI	MP	CNMI DEPARTMENT OF PUBLIC SAFETY	RIFLE,5.56 MILLIMETER	2014-09-22	749.0	1	Each	10	05	01	1289936	not in file	1005-01-128-9936	not in file	not in file	D	1.0	State	not in file	not in file	not in file	not in file
DISP_AllStatesAndTerritories_09302020.xlsx	CNMI	MP	CNMI DEPARTMENT OF PUBLIC SAFETY	RIFLE,5.56 MILLIMETER	2014-09-22	749.0	1	Each	10	05	01	1289936	not in file	1005-01-128-9936	not in file	not in file	D	1.0	State	not in file	not in file	not in file	not in file
DISP_AllStatesAndTerritories_09302020.xlsx	CNMI	MP	CNMI DEPARTMENT OF PUBLIC SAFETY	RIFLE,5.56 MILLIMETER	2014-09-22	749.0	1	Each	10	05	01	1289936	not in file	1005-01-128-9936	not in file	not in file	D	1.0	State	not in file	not in file	not in file	not in file
DISP_AllStatesAndTerritories_09302020.xlsx	CNMI	MP	CNMI DEPARTMENT OF PUBLIC SAFETY	RIFLE,5.56 MILLIMETER	2014-09-22	749.0	1	Each	10	05	01	1289936	not in file	1005-01-128-9936	not in file	not in file	D	1.0	State	not in file	not in file	not in file	not in file
DISP_AllStatesAndTerritories_09302020.xlsx	CNMI	MP	CNMI DEPARTMENT OF PUBLIC SAFETY	RIFLE,5.56 MILLIMETER	2014-09-22	749.0	1	Each	10	05	01	1289936	not in file	1005-01-128-9936	not in file	not in file	D	1.0	State	not in file	not in file	not in file	not in file
DISP_AllStatesAndTerritories_09302020.xlsx	CNMI	MP	CNMI DEPARTMENT OF PUBLIC SAFETY	RIFLE,5.56 MILLIMETER	2014-09-22	749.0	1	Each	10	05	01	1289936	not in file	1005-01-128-9936	not in file	not in file	D	1.0	State	not in file	not in file	not in file	not in file
DISP_AllStatesAndTerritories_09302020.xlsx	CNMI	MP	CNMI DEPARTMENT OF PUBLIC SAFETY	RIFLE,5.56 MILLIMETER	2014-09-22	749.0	1	Each	10	05	01	1289936	not in file	1005-01-128-9936	not in file	not in file	D	1.0	State	not in file	not in file	not in file	not in file
DISP_AllStatesAndTerritories_09302020.xlsx	CNMI	MP	CNMI DEPARTMENT OF PUBLIC SAFETY	RIFLE,5.56 MILLIMETER	2014-09-22	749.0	1	Each	10	05	01	1289936	not in file	1005-01-128-9936	not in file	not in file	D	1.0	State	not in file	not in file	not in file	not in file
DISP_AllStatesAndTerritories_09302020.xlsx	CNMI	MP	CNMI DEPARTMENT OF PUBLIC SAFETY	RIFLE,5.56 MILLIMETER	2014-09-22	749.0	1	Each	10	05	01	1289936	not in file	1005-01-128-9936	not in file	not in file	D	1.0	State	not in file	not in file	not in file	not in file
DISP_AllStatesAndTerritories_09302020.xlsx	CNMI	MP	CNMI DEPARTMENT OF PUBLIC SAFETY	RIFLE,5.56 MILLIMETER	2014-09-22	749.0	1	Each	10	05	01	1289936	not in file	1005-01-128-9936	not in file	not in file	D	1.0	State	not in file	not in file	not in file	not in file
DISP_AllStatesAndTerritories_09302020.xlsx	CNMI	MP	CNMI DEPARTMENT OF PUBLIC SAFETY	PISTOL, 40CAL, GLOCK GEN 3	2013-09-19	320.0	1	Each	10	05	01	D172240	not in file	1005-01-D17-2240	not in file	not in file	D		State	not in file	not in file	not in file	not in file
DISP_AllStatesAndTerritories_09302020.xlsx	CNMI	MP	CNMI DEPARTMENT OF PUBLIC SAFETY	PISTOL, 40CAL, GLOCK GEN 3	2013-09-19	320.0	1	Each	10	05	01	D172240	not in file	1005-01-D17-2240	not in file	not in file	D		State	not in file	not in file	not in file	not in file
DISP_AllStatesAndTerritories_09302020.xlsx	CNMI	MP	CNMI DEPARTMENT OF PUBLIC SAFETY	PISTOL, 40CAL, GLOCK GEN 3	2013-09-19	320.0	1	Each	10	05	01	D172240	not in file	1005-01-D17-2240	not in file	not in file	D		State	not in file	not in file	not in file	not in file
DISP_AllStatesAndTerritories_09302020.xlsx	CNMI	MP	CNMI DEPARTMENT OF PUBLIC SAFETY	PISTOL, 40CAL, GLOCK GEN 3	2013-09-19	320.0	1	Each	10	05	01	D172240	not in file	1005-01-D17-2240	not in file	not in file	D		State	not in file	not in file	not in file	not in file
DISP_AllStatesAndTerritories_09302020.xlsx	CNMI	MP	CNMI DEPARTMENT OF PUBLIC SAFETY	PISTOL, 40CAL, GLOCK GEN 3	2013-09-19	320.0	1	Each	10	05	01	D172240	not in file	1005-01-D17-2240	not in file	not in file	D		State	not in file	not in file	not in file	not in file
DISP_AllStatesAndTerritories_09302020.xlsx	CNMI	MP	CNMI DEPARTMENT OF PUBLIC SAFETY	PISTOL, 40CAL, GLOCK GEN 3	2013-09-19	320.0	1	Each	10	05	01	D172240	not in file	1005-01-D17-2240	not in file	not in file	D		State	not in file	not in file	not in file	not in file
DISP_AllStatesAndTerritories_09302020.xlsx	CNMI	MP	CNMI DEPARTMENT OF PUBLIC SAFETY	PISTOL, 40CAL, GLOCK GEN 3	2013-09-19	320.0	1	Each	10	05	01	D172240	not in file	1005-01-D17-2240	not in file	not in file	D		State	not in file	not in file	not in file	not in file
DISP_AllStatesAndTerritories_09302020.xlsx	CNMI	MP	CNMI DEPARTMENT OF PUBLIC SAFETY	PISTOL, 40CAL, GLOCK GEN 3	2013-09-19	320.0	1	Each	10	05	01	D172240	not in file	1005-01-D17-2240	not in file	not in file	D		State	not in file	not in file	not in file	not in file
DISP_AllStatesAndTerritories_09302020.xlsx	CNMI	MP	CNMI DEPARTMENT OF PUBLIC SAFETY	PISTOL, 40CAL, GLOCK GEN 3	2013-09-19	320.0	1	Each	10	05	01	D172240	not in file	1005-01-D17-2240	not in file	not in file	D		State	not in file	not in file	not in file	not in file
DISP_AllStatesAndTerritories_09302020.xlsx	CNMI	MP	CNMI DEPARTMENT OF PUBLIC SAFETY	PISTOL, 40CAL, GLOCK GEN 3	2013-09-19	320.0	1	Each	10	05	01	D172240	not in file	1005-01-D17-2240	not in file	not in file	D		State	not in file	not in file	not in file	not in file
DISP_AllStatesAndTerritories_09302020.xlsx	CNMI	MP	CNMI DEPARTMENT OF PUBLIC SAFETY	PISTOL, 40CAL, GLOCK GEN 3	2013-09-19	320.0	1	Each	10	05	01	D172240	not in file	1005-01-D17-2240	not in file	not in file	D		State	not in file	not in file	not in file	not in file
DISP_AllStatesAndTerritories_09302020.xlsx	CNMI	MP	CNMI DEPARTMENT OF PUBLIC SAFETY	PISTOL, 40CAL, GLOCK GEN 3	2013-09-19	320.0	1	Each	10	05	01	D172240	not in file	1005-01-D17-2240	not in file	not in file	D		State	not in file	not in file	not in file	not in file
DISP_AllStatesAndTerritories_09302020.xlsx	CNMI	MP	CNMI DEPARTMENT OF PUBLIC SAFETY	PISTOL, 40CAL, GLOCK GEN 3	2013-09-19	320.0	1	Each	10	05	01	D172240	not in file	1005-01-D17-2240	not in file	not in file	D		State	not in file	not in file	not in file	not in file
DISP_AllStatesAndTerritories_09302020.xlsx	CNMI	MP	CNMI DEPARTMENT OF PUBLIC SAFETY	PISTOL, 40CAL, GLOCK GEN 3	2013-09-19	320.0	1	Each	10	05	01	D172240	not in file	1005-01-D17-2240	not in file	not in file	D		State	not in file	not in file	not in file	not in file
DISP_AllStatesAndTerritories_09302020.xlsx	CNMI	MP	CNMI DEPARTMENT OF PUBLIC SAFETY	PISTOL, 40CAL, GLOCK GEN 3	2013-09-19	320.0	1	Each	10	05	01	D172240	not in file	1005-01-D17-2240	not in file	not in file	D		State	not in file	not in file	not in file	not in file
DISP_AllStatesAndTerritories_09302020.xlsx	CNMI	MP	CNMI DEPARTMENT OF PUBLIC SAFETY	PISTOL, 40CAL, GLOCK GEN 3	2013-09-19	320.0	1	Each	10	05	01	D172240	not in file	1005-01-D17-2240	not in file	not in file	D		State	not in file	not in file	not in file	not in file
DISP_AllStatesAndTerritories_09302020.xlsx	CNMI	MP	CNMI DEPARTMENT OF PUBLIC SAFETY	PISTOL, 40CAL, GLOCK GEN 3	2013-09-19	320.0	1	Each	10	05	01	D172240	not in file	1005-01-D17-2240	not in file	not in file	D		State	not in file	not in file	not in file	not in file
DISP_AllStatesAndTerritories_09302020.xlsx	CNMI	MP	CNMI DEPARTMENT OF PUBLIC SAFETY	PISTOL, 40CAL, GLOCK GEN 3	2013-09-19	320.0	1	Each	10	05	01	D172240	not in file	1005-01-D17-2240	not in file	not in file	D		State	not in file	not in file	not in file	not in file
DISP_AllStatesAndTerritories_09302020.xlsx	CNMI	MP	CNMI DEPARTMENT OF PUBLIC SAFETY	PISTOL, 40CAL, GLOCK GEN 3	2013-09-19	320.0	1	Each	10	05	01	D172240	not in file	1005-01-D17-2240	not in file	not in file	D		State	not in file	not in file	not in file	not in file
DISP_AllStatesAndTerritories_09302020.xlsx	CNMI	MP	CNMI DEPARTMENT OF PUBLIC SAFETY	PISTOL, 40CAL, GLOCK GEN 3	2013-09-19	320.0	1	Each	10	05	01	D172240	not in file	1005-01-D17-2240	not in file	not in file	D		State	not in file	not in file	not in file	not in file
DISP_AllStatesAndTerritories_09302020.xlsx	CNMI	MP	CNMI DEPARTMENT OF PUBLIC SAFETY	PISTOL, 40CAL, GLOCK GEN 3	2013-09-19	320.0	1	Each	10	05	01	D172240	not in file	1005-01-D17-2240	not in file	not in file	D		State	not in file	not in file	not in file	not in file
DISP_AllStatesAndTerritories_09302020.xlsx	CNMI	MP	CNMI DEPARTMENT OF PUBLIC SAFETY	PISTOL, 40CAL, GLOCK GEN 3	2013-09-19	320.0	1	Each	10	05	01	D172240	not in file	1005-01-D17-2240	not in file	not in file	D		State	not in file	not in file	not in file	not in file
DISP_AllStatesAndTerritories_09302020.xlsx	CNMI	MP	CNMI DEPARTMENT OF PUBLIC SAFETY	PISTOL, 40CAL, GLOCK GEN 3	2013-09-19	320.0	1	Each	10	05	01	D172240	not in file	1005-01-D17-2240	not in file	not in file	D		State	not in file	not in file	not in file	not in file
DISP_AllStatesAndTerritories_09302020.xlsx	CNMI	MP	CNMI DEPARTMENT OF PUBLIC SAFETY	PISTOL, 40CAL, GLOCK GEN 3	2013-09-19	320.0	1	Each	10	05	01	D172240	not in file	1005-01-D17-2240	not in file	not in file	D		State	not in file	not in file	not in file	not in file
DISP_AllStatesAndTerritories_09302020.xlsx	CNMI	MP	CNMI DEPARTMENT OF PUBLIC SAFETY	PISTOL, 40CAL, GLOCK GEN 3	2013-09-19	320.0	1	Each	10	05	01	D172240	not in file	1005-01-D17-2240	not in file	not in file	D		State	not in file	not in file	not in file	not in file
DISP_AllStatesAndTerritories_09302020.xlsx	CNMI	MP	CNMI DEPARTMENT OF PUBLIC SAFETY	PISTOL, 40CAL, GLOCK GEN 3	2013-09-19	320.0	1	Each	10	05	01	D172240	not in file	1005-01-D17-2240	not in file	not in file	D		State	not in file	not in file	not in file	not in file
DISP_AllStatesAndTerritories_09302020.xlsx	CNMI	MP	CNMI DEPARTMENT OF PUBLIC SAFETY	PISTOL, 40CAL, GLOCK GEN 3	2013-09-19	320.0	1	Each	10	05	01	D172240	not in file	1005-01-D17-2240	not in file	not in file	D		State	not in file	not in file	not in file	not in file
DISP_AllStatesAndTerritories_09302020.xlsx	CNMI	MP	CNMI DEPARTMENT OF PUBLIC SAFETY	PISTOL, 40CAL, GLOCK GEN 3	2013-09-19	320.0	1	Each	10	05	01	D172240	not in file	1005-01-D17-2240	not in file	not in file	D		State	not in file	not in file	not in file	not in file
DISP_AllStatesAndTerritories_09302020.xlsx	CNMI	MP	CNMI DEPARTMENT OF PUBLIC SAFETY	PISTOL, 40CAL, GLOCK GEN 3	2013-09-19	320.0	1	Each	10	05	01	D172240	not in file	1005-01-D17-2240	not in file	not in file	D		State	not in file	not in file	not in file	not in file
DISP_AllStatesAndTerritories_09302020.xlsx	CNMI	MP	CNMI DEPARTMENT OF PUBLIC SAFETY	PISTOL, 40CAL, GLOCK GEN 3	2013-09-19	320.0	1	Each	10	05	01	D172240	not in file	1005-01-D17-2240	not in file	not in file	D		State	not in file	not in file	not in file	not in file
DISP_AllStatesAndTerritories_09302020.xlsx	CNMI	MP	CNMI DEPARTMENT OF PUBLIC SAFETY	PISTOL, 40CAL, GLOCK GEN 3	2013-09-19	320.0	1	Each	10	05	01	D172240	not in file	1005-01-D17-2240	not in file	not in file	D		State	not in file	not in file	not in file	not in file
DISP_AllStatesAndTerritories_09302020.xlsx	CNMI	MP	CNMI DEPARTMENT OF PUBLIC SAFETY	PISTOL, 40CAL, GLOCK GEN 3	2013-09-19	320.0	1	Each	10	05	01	D172240	not in file	1005-01-D17-2240	not in file	not in file	D		State	not in file	not in file	not in file	not in file
DISP_AllStatesAndTerritories_09302020.xlsx	CNMI	MP	CNMI DEPARTMENT OF PUBLIC SAFETY	PISTOL, 40CAL, GLOCK GEN 3	2013-09-19	320.0	1	Each	10	05	01	D172240	not in file	1005-01-D17-2240	not in file	not in file	D		State	not in file	not in file	not in file	not in file
DISP_AllStatesAndTerritories_09302020.xlsx	CNMI	MP	CNMI DEPARTMENT OF PUBLIC SAFETY	PISTOL, 40CAL, GLOCK GEN 3	2013-09-19	320.0	1	Each	10	05	01	D172240	not in file	1005-01-D17-2240	not in file	not in file	D		State	not in file	not in file	not in file	not in file
