File	Sheet	StateAbbreviation	RequestingAgency	ItemDescription	RecordDate	AcquisitionValue	Quantity	UnitIncrement	Item_FSG	Item_FSC	Item_CC	Item_Code	Justification	NSN	FSC	NIIN	DEMILCode	DEMILIC	StationType	RequisitionID	CancelledBy	RTDRef	ReasonCancelled
DISP_AllStatesAndTerritories_03312020.xlsx	Virgin Islands	VI	VIRGIN ISLANDS POLICE DEPT	RIFLE,7.62 MILLIMETER	1996-08-20	138.0	1	Each	10	05	00	5891271	not in file	1005-00-589-1271	not in file	not in file	D	1.0	State	not in file	not in file	not in file	not in file
DISP_AllStatesAndTerritories_03312020.xlsx	Virgin Islands	VI	VIRGIN ISLANDS POLICE DEPT	RIFLE,7.62 MILLIMETER	1996-08-20	138.0	1	Each	10	05	00	5891271	not in file	1005-00-589-1271	not in file	not in file	D	1.0	State	not in file	not in file	not in file	not in file
DISP_AllStatesAndTerritories_03312020.xlsx	Virgin Islands	VI	VIRGIN ISLANDS POLICE DEPT	RIFLE,7.62 MILLIMETER	1996-08-20	138.0	1	Each	10	05	00	5891271	not in file	1005-00-589-1271	not in file	not in file	D	1.0	State	not in file	not in file	not in file	not in file
DISP_AllStatesAndTerritories_03312020.xlsx	Virgin Islands	VI	VIRGIN ISLANDS POLICE DEPT	RIFLE,7.62 MILLIMETER	1996-08-20	138.0	1	Each	10	05	00	5891271	not in file	1005-00-589-1271	not in file	not in file	D	1.0	State	not in file	not in file	not in file	not in file
DISP_AllStatesAndTerritories_03312020.xlsx	Virgin Islands	VI	VIRGIN ISLANDS POLICE DEPT	RIFLE,7.62 MILLIMETER	1996-08-20	138.0	1	Each	10	05	00	5891271	not in file	1005-00-589-1271	not in file	not in file	D	1.0	State	not in file	not in file	not in file	not in file
DISP_AllStatesAndTerritories_06302020.xlsx	Virgin Islands	VI	VIRGIN ISLANDS POLICE DEPT	RIFLE,7.62 MILLIMETER	1996-08-20	138.0	1	Each	10	05	00	5891271	not in file	1005-00-589-1271	not in file	not in file	D	1.0	State	not in file	not in file	not in file	not in file
DISP_AllStatesAndTerritories_06302020.xlsx	Virgin Islands	VI	VIRGIN ISLANDS POLICE DEPT	RIFLE,7.62 MILLIMETER	1996-08-20	138.0	1	Each	10	05	00	5891271	not in file	1005-00-589-1271	not in file	not in file	D	1.0	State	not in file	not in file	not in file	not in file
DISP_AllStatesAndTerritories_06302020.xlsx	Virgin Islands	VI	VIRGIN ISLANDS POLICE DEPT	RIFLE,7.62 MILLIMETER	1996-08-20	138.0	1	Each	10	05	00	5891271	not in file	1005-00-589-1271	not in file	not in file	D	1.0	State	not in file	not in file	not in file	not in file
DISP_AllStatesAndTerritories_06302020.xlsx	Virgin Islands	VI	VIRGIN ISLANDS POLICE DEPT	RIFLE,7.62 MILLIMETER	1996-08-20	138.0	1	Each	10	05	00	5891271	not in file	1005-00-589-1271	not in file	not in file	D	1.0	State	not in file	not in file	not in file	not in file
DISP_AllStatesAndTerritories_06302020.xlsx	Virgin Islands	VI	VIRGIN ISLANDS POLICE DEPT	RIFLE,7.62 MILLIMETER	1996-08-20	138.0	1	Each	10	05	00	5891271	not in file	1005-00-589-1271	not in file	not in file	D	1.0	State	not in file	not in file	not in file	not in file
DISP_AllStatesAndTerritories_09302020.xlsx	Virgin Islands	VI	VIRGIN ISLANDS POLICE DEPT	RIFLE,7.62 MILLIMETER	1996-08-20	138.0	1	Each	10	05	00	5891271	not in file	1005-00-589-1271	not in file	not in file	D	1.0	State	not in file	not in file	not in file	not in file
DISP_AllStatesAndTerritories_09302020.xlsx	Virgin Islands	VI	VIRGIN ISLANDS POLICE DEPT	RIFLE,7.62 MILLIMETER	1996-08-20	138.0	1	Each	10	05	00	5891271	not in file	1005-00-589-1271	not in file	not in file	D	1.0	State	not in file	not in file	not in file	not in file
DISP_AllStatesAndTerritories_09302020.xlsx	Virgin Islands	VI	VIRGIN ISLANDS POLICE DEPT	RIFLE,7.62 MILLIMETER	1996-08-20	138.0	1	Each	10	05	00	5891271	not in file	1005-00-589-1271	not in file	not in file	D	1.0	State	not in file	not in file	not in file	not in file
DISP_AllStatesAndTerritories_09302020.xlsx	Virgin Islands	VI	VIRGIN ISLANDS POLICE DEPT	RIFLE,7.62 MILLIMETER	1996-08-20	138.0	1	Each	10	05	00	5891271	not in file	1005-00-589-1271	not in file	not in file	D	1.0	State	not in file	not in file	not in file	not in file
DISP_AllStatesAndTerritories_09302020.xlsx	Virgin Islands	VI	VIRGIN ISLANDS POLICE DEPT	RIFLE,7.62 MILLIMETER	1996-08-20	138.0	1	Each	10	05	00	5891271	not in file	1005-00-589-1271	not in file	not in file	D	1.0	State	not in file	not in file	not in file	not in file
DISP_AllStatesAndTerritories_12312020.xlsx	Virgin Islands	VI	VIRGIN ISLANDS POLICE DEPT	RIFLE,7.62 MILLIMETER	1996-08-20	138.0	1	Each	10	05	00	5891271	not in file	1005-00-589-1271	not in file	not in file	D	1.0	State	not in file	not in file	not in file	not in file
DISP_AllStatesAndTerritories_12312020.xlsx	Virgin Islands	VI	VIRGIN ISLANDS POLICE DEPT	RIFLE,7.62 MILLIMETER	1996-08-20	138.0	1	Each	10	05	00	5891271	not in file	1005-00-589-1271	not in file	not in file	D	1.0	State	not in file	not in file	not in file	not in file
DISP_AllStatesAndTerritories_12312020.xlsx	Virgin Islands	VI	VIRGIN ISLANDS POLICE DEPT	RIFLE,7.62 MILLIMETER	1996-08-20	138.0	1	Each	10	05	00	5891271	not in file	1005-00-589-1271	not in file	not in file	D	1.0	State	not in file	not in file	not in file	not in file
DISP_AllStatesAndTerritories_12312020.xlsx	Virgin Islands	VI	VIRGIN ISLANDS POLICE DEPT	RIFLE,7.62 MILLIMETER	1996-08-20	138.0	1	Each	10	05	00	5891271	not in file	1005-00-589-1271	not in file	not in file	D	1.0	State	not in file	not in file	not in file	not in file
DISP_AllStatesAndTerritories_12312020.xlsx	Virgin Islands	VI	VIRGIN ISLANDS POLICE DEPT	RIFLE,7.62 MILLIMETER	1996-08-20	138.0	1	Each	10	05	00	5891271	not in file	1005-00-589-1271	not in file	not in file	D	1.0	State	not in file	not in file	not in file	not in file
