OriginatingFile	StateAbbreviation	RequestingAgency	ItemDescription	RecordDate	AcquisitionValue	Quantity	UnitIncrement	AgencyType	Item_FSG	Item_FSC	Item_CC	Item_Code	Justification	NSN	FSC	NIIN	DEMILCode	DEMILIC	StationType	RequisitionID	CancelledBy	RTDRef	ReasonCancelled	Quarter
DISP_AllStatesAndTerritories_06302020.xlsx[ALL]	MO	DEKALB COUNTY SHERIFF OFFICE	RIFLE,7.62 MILLIMETER	1991-10-08	138.0	1	Each	sheriff	10	05	00	5891271	not in file	1005-00-589-1271	not in file	not in file	D	1.0	State	not in file	not in file	not in file	not in file	1991Q4
DISP_AllStatesAndTerritories_06302020.xlsx[ALL]	MO	DEKALB COUNTY SHERIFF OFFICE	RIFLE,7.62 MILLIMETER	1991-10-08	138.0	1	Each	sheriff	10	05	00	5891271	not in file	1005-00-589-1271	not in file	not in file	D	1.0	State	not in file	not in file	not in file	not in file	1991Q4
DISP_AllStatesAndTerritories_06302020.xlsx[ALL]	MO	HILLSBORO POLICE DEPARTMENT	RIFLE,7.62 MILLIMETER	1991-10-08	138.0	1	Each	police	10	05	00	5891271	not in file	1005-00-589-1271	not in file	not in file	D	1.0	State	not in file	not in file	not in file	not in file	1991Q4
DISP_AllStatesAndTerritories_06302020.xlsx[ALL]	MO	HILLSBORO POLICE DEPARTMENT	RIFLE,7.62 MILLIMETER	1991-10-08	138.0	1	Each	police	10	05	00	5891271	not in file	1005-00-589-1271	not in file	not in file	D	1.0	State	not in file	not in file	not in file	not in file	1991Q4
DISP_AllStatesAndTerritories_06302020.xlsx[ALL]	MO	LANAGAN POLICE DEPT	RIFLE,7.62 MILLIMETER	1991-10-08	138.0	1	Each	police	10	05	00	5891271	not in file	1005-00-589-1271	not in file	not in file	D	1.0	State	not in file	not in file	not in file	not in file	1991Q4
DISP_AllStatesAndTerritories_06302020.xlsx[ALL]	MO	LANAGAN POLICE DEPT	RIFLE,7.62 MILLIMETER	1991-10-08	138.0	1	Each	police	10	05	00	5891271	not in file	1005-00-589-1271	not in file	not in file	D	1.0	State	not in file	not in file	not in file	not in file	1991Q4
OriginatingFile	StateAbbreviation	RequestingAgency	ItemDescription	RecordDate	AcquisitionValue	Quantity	UnitIncrement	AgencyType	Item_FSG	Item_FSC	Item_CC	Item_Code	Justification	NSN	FSC	NIIN	DEMILCode	DEMILIC	StationType	RequisitionID	CancelledBy	RTDRef	ReasonCancelled	Quarter
DISP_AllStatesAndTerritories_03312020.xlsx[ALL]	MO	DEKALB COUNTY SHERIFF OFFICE	RIFLE,7.62 MILLIMETER	1991-10-08	138.0	1	Each	sheriff	10	05	00	5891271	not in file	1005-00-589-1271	not in file	not in file	D	1.0	State	not in file	not in file	not in file	not in file	1991Q4
DISP_AllStatesAndTerritories_03312020.xlsx[ALL]	MO	DEKALB COUNTY SHERIFF OFFICE	RIFLE,7.62 MILLIMETER	1991-10-08	138.0	1	Each	sheriff	10	05	00	5891271	not in file	1005-00-589-1271	not in file	not in file	D	1.0	State	not in file	not in file	not in file	not in file	1991Q4
DISP_AllStatesAndTerritories_03312020.xlsx[ALL]	MO	HILLSBORO POLICE DEPARTMENT	RIFLE,7.62 MILLIMETER	1991-10-08	138.0	1	Each	police	10	05	00	5891271	not in file	1005-00-589-1271	not in file	not in file	D	1.0	State	not in file	not in file	not in file	not in file	1991Q4
DISP_AllStatesAndTerritories_03312020.xlsx[ALL]	MO	HILLSBORO POLICE DEPARTMENT	RIFLE,7.62 MILLIMETER	1991-10-08	138.0	1	Each	police	10	05	00	5891271	not in file	1005-00-589-1271	not in file	not in file	D	1.0	State	not in file	not in file	not in file	not in file	1991Q4
DISP_AllStatesAndTerritories_03312020.xlsx[ALL]	MO	LANAGAN POLICE DEPT	RIFLE,7.62 MILLIMETER	1991-10-08	138.0	1	Each	police	10	05	00	5891271	not in file	1005-00-589-1271	not in file	not in file	D	1.0	State	not in file	not in file	not in file	not in file	1991Q4
DISP_AllStatesAndTerritories_03312020.xlsx[ALL]	MO	LANAGAN POLICE DEPT	RIFLE,7.62 MILLIMETER	1991-10-08	138.0	1	Each	police	10	05	00	5891271	not in file	1005-00-589-1271	not in file	not in file	D	1.0	State	not in file	not in file	not in file	not in file	1991Q4
