OriginatingFile	StateAbbreviation	RequestingAgency	ItemDescription	RecordDate	AcquisitionValue	Quantity	UnitIncrement	AgencyType	Item_FSG	Item_FSC	Item_CC	Item_Code	Justification	NSN	FSC	NIIN	DEMILCode	DEMILIC	StationType	RequisitionID	CancelledBy	RTDRef	ReasonCancelled	Quarter
DISP_AllStatesAndTerritories_06302020.xlsx[ALL]	AZ	MOHAVE COUNTY SHERIFF'S OFFICE	SIGHT	1992-09-08	2420.6	1	Each	sheriff	58	55	00	4002619	not in file	5855-00-400-2619	not in file	not in file	F		State	not in file	not in file	not in file	not in file	1992Q3
DISP_AllStatesAndTerritories_06302020.xlsx[ALL]	AZ	MOHAVE COUNTY SHERIFF'S OFFICE	SIGHT	1992-09-08	2420.6	1	Each	sheriff	58	55	00	4002619	not in file	5855-00-400-2619	not in file	not in file	F		State	not in file	not in file	not in file	not in file	1992Q3
DISP_AllStatesAndTerritories_06302020.xlsx[ALL]	AZ	MOHAVE COUNTY SHERIFF'S OFFICE	SIGHT	1992-09-08	2420.6	1	Each	sheriff	58	55	00	4002619	not in file	5855-00-400-2619	not in file	not in file	F		State	not in file	not in file	not in file	not in file	1992Q3
OriginatingFile	StateAbbreviation	RequestingAgency	ItemDescription	RecordDate	AcquisitionValue	Quantity	UnitIncrement	AgencyType	Item_FSG	Item_FSC	Item_CC	Item_Code	Justification	NSN	FSC	NIIN	DEMILCode	DEMILIC	StationType	RequisitionID	CancelledBy	RTDRef	ReasonCancelled	Quarter
DISP_AllStatesAndTerritories_03312020.xlsx[ALL]	AZ	MOHAVE COUNTY SHERIFF'S OFFICE	SIGHT	1992-09-08	2420.6	1	Each	sheriff	58	55	00	4002619	not in file	5855-00-400-2619	not in file	not in file	F		State	not in file	not in file	not in file	not in file	1992Q3
DISP_AllStatesAndTerritories_03312020.xlsx[ALL]	AZ	MOHAVE COUNTY SHERIFF'S OFFICE	SIGHT	1992-09-08	2420.6	1	Each	sheriff	58	55	00	4002619	not in file	5855-00-400-2619	not in file	not in file	F		State	not in file	not in file	not in file	not in file	1992Q3
DISP_AllStatesAndTerritories_03312020.xlsx[ALL]	AZ	MOHAVE COUNTY SHERIFF'S OFFICE	SIGHT	1992-09-08	2420.6	1	Each	sheriff	58	55	00	4002619	not in file	5855-00-400-2619	not in file	not in file	F		State	not in file	not in file	not in file	not in file	1992Q3
