OriginatingFile	StateAbbreviation	RequestingAgency	ItemDescription	RecordDate	AcquisitionValue	Quantity	UnitIncrement	AgencyType	Item_FSG	Item_FSC	Item_CC	Item_Code	Justification	NSN	FSC	NIIN	DEMILCode	DEMILIC	StationType	RequisitionID	CancelledBy	RTDRef	ReasonCancelled	Quarter
DISP_AllStatesAndTerritories_06302020.xlsx[ALL]	MT	BLAINE CTY SHERIFF DEPT	RIFLE,7.62 MILLIMETER	1990-05-03	138.0	1	Each	sheriff	10	05	00	5891271	not in file	1005-00-589-1271	not in file	not in file	D	1.0	State	not in file	not in file	not in file	not in file	1990Q2
DISP_AllStatesAndTerritories_06302020.xlsx[ALL]	MT	BLAINE CTY SHERIFF DEPT	RIFLE,7.62 MILLIMETER	1990-05-03	138.0	1	Each	sheriff	10	05	00	5891271	not in file	1005-00-589-1271	not in file	not in file	D	1.0	State	not in file	not in file	not in file	not in file	1990Q2
DISP_AllStatesAndTerritories_06302020.xlsx[ALL]	MT	BLAINE CTY SHERIFF DEPT	RIFLE,7.62 MILLIMETER	1990-05-03	138.0	1	Each	sheriff	10	05	00	5891271	not in file	1005-00-589-1271	not in file	not in file	D	1.0	State	not in file	not in file	not in file	not in file	1990Q2
DISP_AllStatesAndTerritories_06302020.xlsx[ALL]	MT	BLAINE CTY SHERIFF DEPT	RIFLE,7.62 MILLIMETER	1990-05-03	138.0	1	Each	sheriff	10	05	00	5891271	not in file	1005-00-589-1271	not in file	not in file	D	1.0	State	not in file	not in file	not in file	not in file	1990Q2
DISP_AllStatesAndTerritories_06302020.xlsx[ALL]	MT	BLAINE CTY SHERIFF DEPT	RIFLE,7.62 MILLIMETER	1990-05-03	138.0	1	Each	sheriff	10	05	00	5891271	not in file	1005-00-589-1271	not in file	not in file	D	1.0	State	not in file	not in file	not in file	not in file	1990Q2
DISP_AllStatesAndTerritories_06302020.xlsx[ALL]	MT	DANIELS CTY SHERIFF DEPT	RIFLE,7.62 MILLIMETER	1990-05-03	138.0	1	Each	sheriff	10	05	00	5891271	not in file	1005-00-589-1271	not in file	not in file	D	1.0	State	not in file	not in file	not in file	not in file	1990Q2
DISP_AllStatesAndTerritories_06302020.xlsx[ALL]	MT	DANIELS CTY SHERIFF DEPT	RIFLE,7.62 MILLIMETER	1990-05-03	138.0	1	Each	sheriff	10	05	00	5891271	not in file	1005-00-589-1271	not in file	not in file	D	1.0	State	not in file	not in file	not in file	not in file	1990Q2
DISP_AllStatesAndTerritories_06302020.xlsx[ALL]	MT	DANIELS CTY SHERIFF DEPT	RIFLE,7.62 MILLIMETER	1990-05-03	138.0	1	Each	sheriff	10	05	00	5891271	not in file	1005-00-589-1271	not in file	not in file	D	1.0	State	not in file	not in file	not in file	not in file	1990Q2
DISP_AllStatesAndTerritories_06302020.xlsx[ALL]	MT	DILLON POLICE DEPT	RIFLE,7.62 MILLIMETER	1990-05-03	138.0	1	Each	police	10	05	00	5891271	not in file	1005-00-589-1271	not in file	not in file	D	1.0	State	not in file	not in file	not in file	not in file	1990Q2
DISP_AllStatesAndTerritories_06302020.xlsx[ALL]	MT	DILLON POLICE DEPT	RIFLE,7.62 MILLIMETER	1990-05-03	138.0	1	Each	police	10	05	00	5891271	not in file	1005-00-589-1271	not in file	not in file	D	1.0	State	not in file	not in file	not in file	not in file	1990Q2
DISP_AllStatesAndTerritories_06302020.xlsx[ALL]	MT	DILLON POLICE DEPT	RIFLE,7.62 MILLIMETER	1990-05-03	138.0	1	Each	police	10	05	00	5891271	not in file	1005-00-589-1271	not in file	not in file	D	1.0	State	not in file	not in file	not in file	not in file	1990Q2
DISP_AllStatesAndTerritories_06302020.xlsx[ALL]	MT	DILLON POLICE DEPT	RIFLE,7.62 MILLIMETER	1990-05-03	138.0	1	Each	police	10	05	00	5891271	not in file	1005-00-589-1271	not in file	not in file	D	1.0	State	not in file	not in file	not in file	not in file	1990Q2
DISP_AllStatesAndTerritories_06302020.xlsx[ALL]	MT	DILLON POLICE DEPT	RIFLE,7.62 MILLIMETER	1990-05-03	138.0	1	Each	police	10	05	00	5891271	not in file	1005-00-589-1271	not in file	not in file	D	1.0	State	not in file	not in file	not in file	not in file	1990Q2
DISP_AllStatesAndTerritories_06302020.xlsx[ALL]	MT	DILLON POLICE DEPT	RIFLE,7.62 MILLIMETER	1990-05-03	138.0	1	Each	police	10	05	00	5891271	not in file	1005-00-589-1271	not in file	not in file	D	1.0	State	not in file	not in file	not in file	not in file	1990Q2
DISP_AllStatesAndTerritories_06302020.xlsx[ALL]	MT	DILLON POLICE DEPT	RIFLE,7.62 MILLIMETER	1990-05-03	138.0	1	Each	police	10	05	00	5891271	not in file	1005-00-589-1271	not in file	not in file	D	1.0	State	not in file	not in file	not in file	not in file	1990Q2
DISP_AllStatesAndTerritories_06302020.xlsx[ALL]	MT	DILLON POLICE DEPT	RIFLE,7.62 MILLIMETER	1990-05-03	138.0	1	Each	police	10	05	00	5891271	not in file	1005-00-589-1271	not in file	not in file	D	1.0	State	not in file	not in file	not in file	not in file	1990Q2
DISP_AllStatesAndTerritories_06302020.xlsx[ALL]	MT	GOLDEN VALLEY CTY SHERIFF	RIFLE,7.62 MILLIMETER	1990-05-03	138.0	1	Each	sheriff	10	05	00	5891271	not in file	1005-00-589-1271	not in file	not in file	D	1.0	State	not in file	not in file	not in file	not in file	1990Q2
DISP_AllStatesAndTerritories_06302020.xlsx[ALL]	MT	GOLDEN VALLEY CTY SHERIFF	RIFLE,7.62 MILLIMETER	1990-05-03	138.0	1	Each	sheriff	10	05	00	5891271	not in file	1005-00-589-1271	not in file	not in file	D	1.0	State	not in file	not in file	not in file	not in file	1990Q2
DISP_AllStatesAndTerritories_06302020.xlsx[ALL]	MT	GOLDEN VALLEY CTY SHERIFF	RIFLE,7.62 MILLIMETER	1990-05-03	138.0	1	Each	sheriff	10	05	00	5891271	not in file	1005-00-589-1271	not in file	not in file	D	1.0	State	not in file	not in file	not in file	not in file	1990Q2
DISP_AllStatesAndTerritories_06302020.xlsx[ALL]	MT	GOLDEN VALLEY CTY SHERIFF	RIFLE,7.62 MILLIMETER	1990-05-03	138.0	1	Each	sheriff	10	05	00	5891271	not in file	1005-00-589-1271	not in file	not in file	D	1.0	State	not in file	not in file	not in file	not in file	1990Q2
DISP_AllStatesAndTerritories_06302020.xlsx[ALL]	MT	GOLDEN VALLEY CTY SHERIFF	RIFLE,7.62 MILLIMETER	1990-05-03	138.0	1	Each	sheriff	10	05	00	5891271	not in file	1005-00-589-1271	not in file	not in file	D	1.0	State	not in file	not in file	not in file	not in file	1990Q2
DISP_AllStatesAndTerritories_06302020.xlsx[ALL]	MT	HIGHWAY PATROL HELENA	RIFLE,7.62 MILLIMETER	1990-05-03	138.0	1	Each	patrol	10	05	00	5891271	not in file	1005-00-589-1271	not in file	not in file	D	1.0	State	not in file	not in file	not in file	not in file	1990Q2
DISP_AllStatesAndTerritories_06302020.xlsx[ALL]	MT	HIGHWAY PATROL HELENA	RIFLE,7.62 MILLIMETER	1990-05-03	138.0	1	Each	patrol	10	05	00	5891271	not in file	1005-00-589-1271	not in file	not in file	D	1.0	State	not in file	not in file	not in file	not in file	1990Q2
DISP_AllStatesAndTerritories_06302020.xlsx[ALL]	MT	HIGHWAY PATROL HELENA	RIFLE,7.62 MILLIMETER	1990-05-03	138.0	1	Each	patrol	10	05	00	5891271	not in file	1005-00-589-1271	not in file	not in file	D	1.0	State	not in file	not in file	not in file	not in file	1990Q2
DISP_AllStatesAndTerritories_06302020.xlsx[ALL]	MT	HIGHWAY PATROL HELENA	RIFLE,7.62 MILLIMETER	1990-05-03	138.0	1	Each	patrol	10	05	00	5891271	not in file	1005-00-589-1271	not in file	not in file	D	1.0	State	not in file	not in file	not in file	not in file	1990Q2
DISP_AllStatesAndTerritories_06302020.xlsx[ALL]	MT	HIGHWAY PATROL HELENA	RIFLE,7.62 MILLIMETER	1990-05-03	138.0	1	Each	patrol	10	05	00	5891271	not in file	1005-00-589-1271	not in file	not in file	D	1.0	State	not in file	not in file	not in file	not in file	1990Q2
DISP_AllStatesAndTerritories_06302020.xlsx[ALL]	MT	HIGHWAY PATROL HELENA	RIFLE,7.62 MILLIMETER	1990-05-03	138.0	1	Each	patrol	10	05	00	5891271	not in file	1005-00-589-1271	not in file	not in file	D	1.0	State	not in file	not in file	not in file	not in file	1990Q2
DISP_AllStatesAndTerritories_06302020.xlsx[ALL]	MT	HIGHWAY PATROL HELENA	RIFLE,7.62 MILLIMETER	1990-05-03	138.0	1	Each	patrol	10	05	00	5891271	not in file	1005-00-589-1271	not in file	not in file	D	1.0	State	not in file	not in file	not in file	not in file	1990Q2
DISP_AllStatesAndTerritories_06302020.xlsx[ALL]	MT	HIGHWAY PATROL HELENA	RIFLE,7.62 MILLIMETER	1990-05-03	138.0	1	Each	patrol	10	05	00	5891271	not in file	1005-00-589-1271	not in file	not in file	D	1.0	State	not in file	not in file	not in file	not in file	1990Q2
DISP_AllStatesAndTerritories_06302020.xlsx[ALL]	MT	HIGHWAY PATROL HELENA	RIFLE,7.62 MILLIMETER	1990-05-03	138.0	1	Each	patrol	10	05	00	5891271	not in file	1005-00-589-1271	not in file	not in file	D	1.0	State	not in file	not in file	not in file	not in file	1990Q2
DISP_AllStatesAndTerritories_06302020.xlsx[ALL]	MT	HIGHWAY PATROL HELENA	RIFLE,7.62 MILLIMETER	1990-05-03	138.0	1	Each	patrol	10	05	00	5891271	not in file	1005-00-589-1271	not in file	not in file	D	1.0	State	not in file	not in file	not in file	not in file	1990Q2
DISP_AllStatesAndTerritories_06302020.xlsx[ALL]	MT	HIGHWAY PATROL HELENA	RIFLE,7.62 MILLIMETER	1990-05-03	138.0	1	Each	patrol	10	05	00	5891271	not in file	1005-00-589-1271	not in file	not in file	D	1.0	State	not in file	not in file	not in file	not in file	1990Q2
DISP_AllStatesAndTerritories_06302020.xlsx[ALL]	MT	HIGHWAY PATROL HELENA	RIFLE,7.62 MILLIMETER	1990-05-03	138.0	1	Each	patrol	10	05	00	5891271	not in file	1005-00-589-1271	not in file	not in file	D	1.0	State	not in file	not in file	not in file	not in file	1990Q2
DISP_AllStatesAndTerritories_06302020.xlsx[ALL]	MT	HIGHWAY PATROL HELENA	RIFLE,7.62 MILLIMETER	1990-05-03	138.0	1	Each	patrol	10	05	00	5891271	not in file	1005-00-589-1271	not in file	not in file	D	1.0	State	not in file	not in file	not in file	not in file	1990Q2
DISP_AllStatesAndTerritories_06302020.xlsx[ALL]	MT	HIGHWAY PATROL HELENA	RIFLE,7.62 MILLIMETER	1990-05-03	138.0	1	Each	patrol	10	05	00	5891271	not in file	1005-00-589-1271	not in file	not in file	D	1.0	State	not in file	not in file	not in file	not in file	1990Q2
DISP_AllStatesAndTerritories_06302020.xlsx[ALL]	MT	HIGHWAY PATROL HELENA	RIFLE,7.62 MILLIMETER	1990-05-03	138.0	1	Each	patrol	10	05	00	5891271	not in file	1005-00-589-1271	not in file	not in file	D	1.0	State	not in file	not in file	not in file	not in file	1990Q2
DISP_AllStatesAndTerritories_06302020.xlsx[ALL]	MT	HIGHWAY PATROL HELENA	RIFLE,7.62 MILLIMETER	1990-05-03	138.0	1	Each	patrol	10	05	00	5891271	not in file	1005-00-589-1271	not in file	not in file	D	1.0	State	not in file	not in file	not in file	not in file	1990Q2
DISP_AllStatesAndTerritories_06302020.xlsx[ALL]	MT	HIGHWAY PATROL HELENA	RIFLE,7.62 MILLIMETER	1990-05-03	138.0	1	Each	patrol	10	05	00	5891271	not in file	1005-00-589-1271	not in file	not in file	D	1.0	State	not in file	not in file	not in file	not in file	1990Q2
DISP_AllStatesAndTerritories_06302020.xlsx[ALL]	MT	HIGHWAY PATROL HELENA	RIFLE,7.62 MILLIMETER	1990-05-03	138.0	1	Each	patrol	10	05	00	5891271	not in file	1005-00-589-1271	not in file	not in file	D	1.0	State	not in file	not in file	not in file	not in file	1990Q2
DISP_AllStatesAndTerritories_06302020.xlsx[ALL]	MT	HIGHWAY PATROL HELENA	RIFLE,7.62 MILLIMETER	1990-05-03	138.0	1	Each	patrol	10	05	00	5891271	not in file	1005-00-589-1271	not in file	not in file	D	1.0	State	not in file	not in file	not in file	not in file	1990Q2
DISP_AllStatesAndTerritories_06302020.xlsx[ALL]	MT	HIGHWAY PATROL HELENA	RIFLE,7.62 MILLIMETER	1990-05-03	138.0	1	Each	patrol	10	05	00	5891271	not in file	1005-00-589-1271	not in file	not in file	D	1.0	State	not in file	not in file	not in file	not in file	1990Q2
DISP_AllStatesAndTerritories_06302020.xlsx[ALL]	MT	HIGHWAY PATROL HELENA	RIFLE,7.62 MILLIMETER	1990-05-03	138.0	1	Each	patrol	10	05	00	5891271	not in file	1005-00-589-1271	not in file	not in file	D	1.0	State	not in file	not in file	not in file	not in file	1990Q2
DISP_AllStatesAndTerritories_06302020.xlsx[ALL]	MT	HIGHWAY PATROL HELENA	RIFLE,7.62 MILLIMETER	1990-05-03	138.0	1	Each	patrol	10	05	00	5891271	not in file	1005-00-589-1271	not in file	not in file	D	1.0	State	not in file	not in file	not in file	not in file	1990Q2
DISP_AllStatesAndTerritories_06302020.xlsx[ALL]	MT	HIGHWAY PATROL HELENA	RIFLE,7.62 MILLIMETER	1990-05-03	138.0	1	Each	patrol	10	05	00	5891271	not in file	1005-00-589-1271	not in file	not in file	D	1.0	State	not in file	not in file	not in file	not in file	1990Q2
DISP_AllStatesAndTerritories_06302020.xlsx[ALL]	MT	HIGHWAY PATROL HELENA	RIFLE,7.62 MILLIMETER	1990-05-03	138.0	1	Each	patrol	10	05	00	5891271	not in file	1005-00-589-1271	not in file	not in file	D	1.0	State	not in file	not in file	not in file	not in file	1990Q2
DISP_AllStatesAndTerritories_06302020.xlsx[ALL]	MT	HIGHWAY PATROL HELENA	RIFLE,7.62 MILLIMETER	1990-05-03	138.0	1	Each	patrol	10	05	00	5891271	not in file	1005-00-589-1271	not in file	not in file	D	1.0	State	not in file	not in file	not in file	not in file	1990Q2
DISP_AllStatesAndTerritories_06302020.xlsx[ALL]	MT	HIGHWAY PATROL HELENA	RIFLE,7.62 MILLIMETER	1990-05-03	138.0	1	Each	patrol	10	05	00	5891271	not in file	1005-00-589-1271	not in file	not in file	D	1.0	State	not in file	not in file	not in file	not in file	1990Q2
DISP_AllStatesAndTerritories_06302020.xlsx[ALL]	MT	HIGHWAY PATROL HELENA	RIFLE,7.62 MILLIMETER	1990-05-03	138.0	1	Each	patrol	10	05	00	5891271	not in file	1005-00-589-1271	not in file	not in file	D	1.0	State	not in file	not in file	not in file	not in file	1990Q2
DISP_AllStatesAndTerritories_06302020.xlsx[ALL]	MT	HIGHWAY PATROL HELENA	RIFLE,7.62 MILLIMETER	1990-05-03	138.0	1	Each	patrol	10	05	00	5891271	not in file	1005-00-589-1271	not in file	not in file	D	1.0	State	not in file	not in file	not in file	not in file	1990Q2
DISP_AllStatesAndTerritories_06302020.xlsx[ALL]	MT	HIGHWAY PATROL HELENA	RIFLE,7.62 MILLIMETER	1990-05-03	138.0	1	Each	patrol	10	05	00	5891271	not in file	1005-00-589-1271	not in file	not in file	D	1.0	State	not in file	not in file	not in file	not in file	1990Q2
DISP_AllStatesAndTerritories_06302020.xlsx[ALL]	MT	HIGHWAY PATROL HELENA	RIFLE,7.62 MILLIMETER	1990-05-03	138.0	1	Each	patrol	10	05	00	5891271	not in file	1005-00-589-1271	not in file	not in file	D	1.0	State	not in file	not in file	not in file	not in file	1990Q2
DISP_AllStatesAndTerritories_06302020.xlsx[ALL]	MT	HIGHWAY PATROL HELENA	RIFLE,7.62 MILLIMETER	1990-05-03	138.0	1	Each	patrol	10	05	00	5891271	not in file	1005-00-589-1271	not in file	not in file	D	1.0	State	not in file	not in file	not in file	not in file	1990Q2
DISP_AllStatesAndTerritories_06302020.xlsx[ALL]	MT	HIGHWAY PATROL HELENA	RIFLE,7.62 MILLIMETER	1990-05-03	138.0	1	Each	patrol	10	05	00	5891271	not in file	1005-00-589-1271	not in file	not in file	D	1.0	State	not in file	not in file	not in file	not in file	1990Q2
DISP_AllStatesAndTerritories_06302020.xlsx[ALL]	MT	HIGHWAY PATROL HELENA	RIFLE,7.62 MILLIMETER	1990-05-03	138.0	1	Each	patrol	10	05	00	5891271	not in file	1005-00-589-1271	not in file	not in file	D	1.0	State	not in file	not in file	not in file	not in file	1990Q2
DISP_AllStatesAndTerritories_06302020.xlsx[ALL]	MT	HIGHWAY PATROL HELENA	RIFLE,7.62 MILLIMETER	1990-05-03	138.0	1	Each	patrol	10	05	00	5891271	not in file	1005-00-589-1271	not in file	not in file	D	1.0	State	not in file	not in file	not in file	not in file	1990Q2
DISP_AllStatesAndTerritories_06302020.xlsx[ALL]	MT	HIGHWAY PATROL HELENA	RIFLE,7.62 MILLIMETER	1990-05-03	138.0	1	Each	patrol	10	05	00	5891271	not in file	1005-00-589-1271	not in file	not in file	D	1.0	State	not in file	not in file	not in file	not in file	1990Q2
DISP_AllStatesAndTerritories_06302020.xlsx[ALL]	MT	HIGHWAY PATROL HELENA	RIFLE,7.62 MILLIMETER	1990-05-03	138.0	1	Each	patrol	10	05	00	5891271	not in file	1005-00-589-1271	not in file	not in file	D	1.0	State	not in file	not in file	not in file	not in file	1990Q2
DISP_AllStatesAndTerritories_06302020.xlsx[ALL]	MT	HIGHWAY PATROL HELENA	RIFLE,7.62 MILLIMETER	1990-05-03	138.0	1	Each	patrol	10	05	00	5891271	not in file	1005-00-589-1271	not in file	not in file	D	1.0	State	not in file	not in file	not in file	not in file	1990Q2
DISP_AllStatesAndTerritories_06302020.xlsx[ALL]	MT	HIGHWAY PATROL HELENA	RIFLE,7.62 MILLIMETER	1990-05-03	138.0	1	Each	patrol	10	05	00	5891271	not in file	1005-00-589-1271	not in file	not in file	D	1.0	State	not in file	not in file	not in file	not in file	1990Q2
DISP_AllStatesAndTerritories_06302020.xlsx[ALL]	MT	HIGHWAY PATROL HELENA	RIFLE,7.62 MILLIMETER	1990-05-03	138.0	1	Each	patrol	10	05	00	5891271	not in file	1005-00-589-1271	not in file	not in file	D	1.0	State	not in file	not in file	not in file	not in file	1990Q2
DISP_AllStatesAndTerritories_06302020.xlsx[ALL]	MT	HIGHWAY PATROL HELENA	RIFLE,7.62 MILLIMETER	1990-05-03	138.0	1	Each	patrol	10	05	00	5891271	not in file	1005-00-589-1271	not in file	not in file	D	1.0	State	not in file	not in file	not in file	not in file	1990Q2
DISP_AllStatesAndTerritories_06302020.xlsx[ALL]	MT	HIGHWAY PATROL HELENA	RIFLE,7.62 MILLIMETER	1990-05-03	138.0	1	Each	patrol	10	05	00	5891271	not in file	1005-00-589-1271	not in file	not in file	D	1.0	State	not in file	not in file	not in file	not in file	1990Q2
DISP_AllStatesAndTerritories_06302020.xlsx[ALL]	MT	HIGHWAY PATROL HELENA	RIFLE,7.62 MILLIMETER	1990-05-03	138.0	1	Each	patrol	10	05	00	5891271	not in file	1005-00-589-1271	not in file	not in file	D	1.0	State	not in file	not in file	not in file	not in file	1990Q2
DISP_AllStatesAndTerritories_06302020.xlsx[ALL]	MT	HIGHWAY PATROL HELENA	RIFLE,7.62 MILLIMETER	1990-05-03	138.0	1	Each	patrol	10	05	00	5891271	not in file	1005-00-589-1271	not in file	not in file	D	1.0	State	not in file	not in file	not in file	not in file	1990Q2
DISP_AllStatesAndTerritories_06302020.xlsx[ALL]	MT	HIGHWAY PATROL HELENA	RIFLE,7.62 MILLIMETER	1990-05-03	138.0	1	Each	patrol	10	05	00	5891271	not in file	1005-00-589-1271	not in file	not in file	D	1.0	State	not in file	not in file	not in file	not in file	1990Q2
DISP_AllStatesAndTerritories_06302020.xlsx[ALL]	MT	HIGHWAY PATROL HELENA	RIFLE,7.62 MILLIMETER	1990-05-03	138.0	1	Each	patrol	10	05	00	5891271	not in file	1005-00-589-1271	not in file	not in file	D	1.0	State	not in file	not in file	not in file	not in file	1990Q2
DISP_AllStatesAndTerritories_06302020.xlsx[ALL]	MT	HIGHWAY PATROL HELENA	RIFLE,7.62 MILLIMETER	1990-05-03	138.0	1	Each	patrol	10	05	00	5891271	not in file	1005-00-589-1271	not in file	not in file	D	1.0	State	not in file	not in file	not in file	not in file	1990Q2
DISP_AllStatesAndTerritories_06302020.xlsx[ALL]	MT	HIGHWAY PATROL HELENA	RIFLE,7.62 MILLIMETER	1990-05-03	138.0	1	Each	patrol	10	05	00	5891271	not in file	1005-00-589-1271	not in file	not in file	D	1.0	State	not in file	not in file	not in file	not in file	1990Q2
DISP_AllStatesAndTerritories_06302020.xlsx[ALL]	MT	HIGHWAY PATROL HELENA	RIFLE,7.62 MILLIMETER	1990-05-03	138.0	1	Each	patrol	10	05	00	5891271	not in file	1005-00-589-1271	not in file	not in file	D	1.0	State	not in file	not in file	not in file	not in file	1990Q2
DISP_AllStatesAndTerritories_06302020.xlsx[ALL]	MT	HIGHWAY PATROL HELENA	RIFLE,7.62 MILLIMETER	1990-05-03	138.0	1	Each	patrol	10	05	00	5891271	not in file	1005-00-589-1271	not in file	not in file	D	1.0	State	not in file	not in file	not in file	not in file	1990Q2
DISP_AllStatesAndTerritories_06302020.xlsx[ALL]	MT	HIGHWAY PATROL HELENA	RIFLE,7.62 MILLIMETER	1990-05-03	138.0	1	Each	patrol	10	05	00	5891271	not in file	1005-00-589-1271	not in file	not in file	D	1.0	State	not in file	not in file	not in file	not in file	1990Q2
DISP_AllStatesAndTerritories_06302020.xlsx[ALL]	MT	HIGHWAY PATROL HELENA	RIFLE,7.62 MILLIMETER	1990-05-03	138.0	1	Each	patrol	10	05	00	5891271	not in file	1005-00-589-1271	not in file	not in file	D	1.0	State	not in file	not in file	not in file	not in file	1990Q2
DISP_AllStatesAndTerritories_06302020.xlsx[ALL]	MT	HIGHWAY PATROL HELENA	RIFLE,7.62 MILLIMETER	1990-05-03	138.0	1	Each	patrol	10	05	00	5891271	not in file	1005-00-589-1271	not in file	not in file	D	1.0	State	not in file	not in file	not in file	not in file	1990Q2
DISP_AllStatesAndTerritories_06302020.xlsx[ALL]	MT	HIGHWAY PATROL HELENA	RIFLE,7.62 MILLIMETER	1990-05-03	138.0	1	Each	patrol	10	05	00	5891271	not in file	1005-00-589-1271	not in file	not in file	D	1.0	State	not in file	not in file	not in file	not in file	1990Q2
DISP_AllStatesAndTerritories_06302020.xlsx[ALL]	MT	HIGHWAY PATROL HELENA	RIFLE,7.62 MILLIMETER	1990-05-03	138.0	1	Each	patrol	10	05	00	5891271	not in file	1005-00-589-1271	not in file	not in file	D	1.0	State	not in file	not in file	not in file	not in file	1990Q2
DISP_AllStatesAndTerritories_06302020.xlsx[ALL]	MT	HIGHWAY PATROL HELENA	RIFLE,7.62 MILLIMETER	1990-05-03	138.0	1	Each	patrol	10	05	00	5891271	not in file	1005-00-589-1271	not in file	not in file	D	1.0	State	not in file	not in file	not in file	not in file	1990Q2
DISP_AllStatesAndTerritories_06302020.xlsx[ALL]	MT	HIGHWAY PATROL HELENA	RIFLE,7.62 MILLIMETER	1990-05-03	138.0	1	Each	patrol	10	05	00	5891271	not in file	1005-00-589-1271	not in file	not in file	D	1.0	State	not in file	not in file	not in file	not in file	1990Q2
DISP_AllStatesAndTerritories_06302020.xlsx[ALL]	MT	HIGHWAY PATROL HELENA	RIFLE,7.62 MILLIMETER	1990-05-03	138.0	1	Each	patrol	10	05	00	5891271	not in file	1005-00-589-1271	not in file	not in file	D	1.0	State	not in file	not in file	not in file	not in file	1990Q2
DISP_AllStatesAndTerritories_06302020.xlsx[ALL]	MT	HIGHWAY PATROL HELENA	RIFLE,7.62 MILLIMETER	1990-05-03	138.0	1	Each	patrol	10	05	00	5891271	not in file	1005-00-589-1271	not in file	not in file	D	1.0	State	not in file	not in file	not in file	not in file	1990Q2
DISP_AllStatesAndTerritories_06302020.xlsx[ALL]	MT	HIGHWAY PATROL HELENA	RIFLE,7.62 MILLIMETER	1990-05-03	138.0	1	Each	patrol	10	05	00	5891271	not in file	1005-00-589-1271	not in file	not in file	D	1.0	State	not in file	not in file	not in file	not in file	1990Q2
DISP_AllStatesAndTerritories_06302020.xlsx[ALL]	MT	HIGHWAY PATROL HELENA	RIFLE,7.62 MILLIMETER	1990-05-03	138.0	1	Each	patrol	10	05	00	5891271	not in file	1005-00-589-1271	not in file	not in file	D	1.0	State	not in file	not in file	not in file	not in file	1990Q2
DISP_AllStatesAndTerritories_06302020.xlsx[ALL]	MT	HIGHWAY PATROL HELENA	RIFLE,7.62 MILLIMETER	1990-05-03	138.0	1	Each	patrol	10	05	00	5891271	not in file	1005-00-589-1271	not in file	not in file	D	1.0	State	not in file	not in file	not in file	not in file	1990Q2
DISP_AllStatesAndTerritories_06302020.xlsx[ALL]	MT	HIGHWAY PATROL HELENA	RIFLE,7.62 MILLIMETER	1990-05-03	138.0	1	Each	patrol	10	05	00	5891271	not in file	1005-00-589-1271	not in file	not in file	D	1.0	State	not in file	not in file	not in file	not in file	1990Q2
DISP_AllStatesAndTerritories_06302020.xlsx[ALL]	MT	HIGHWAY PATROL HELENA	RIFLE,7.62 MILLIMETER	1990-05-03	138.0	1	Each	patrol	10	05	00	5891271	not in file	1005-00-589-1271	not in file	not in file	D	1.0	State	not in file	not in file	not in file	not in file	1990Q2
DISP_AllStatesAndTerritories_06302020.xlsx[ALL]	MT	HIGHWAY PATROL HELENA	RIFLE,7.62 MILLIMETER	1990-05-03	138.0	1	Each	patrol	10	05	00	5891271	not in file	1005-00-589-1271	not in file	not in file	D	1.0	State	not in file	not in file	not in file	not in file	1990Q2
DISP_AllStatesAndTerritories_06302020.xlsx[ALL]	MT	HIGHWAY PATROL HELENA	RIFLE,7.62 MILLIMETER	1990-05-03	138.0	1	Each	patrol	10	05	00	5891271	not in file	1005-00-589-1271	not in file	not in file	D	1.0	State	not in file	not in file	not in file	not in file	1990Q2
DISP_AllStatesAndTerritories_06302020.xlsx[ALL]	MT	HIGHWAY PATROL HELENA	RIFLE,7.62 MILLIMETER	1990-05-03	138.0	1	Each	patrol	10	05	00	5891271	not in file	1005-00-589-1271	not in file	not in file	D	1.0	State	not in file	not in file	not in file	not in file	1990Q2
DISP_AllStatesAndTerritories_06302020.xlsx[ALL]	MT	HIGHWAY PATROL HELENA	RIFLE,7.62 MILLIMETER	1990-05-03	138.0	1	Each	patrol	10	05	00	5891271	not in file	1005-00-589-1271	not in file	not in file	D	1.0	State	not in file	not in file	not in file	not in file	1990Q2
DISP_AllStatesAndTerritories_06302020.xlsx[ALL]	MT	HIGHWAY PATROL HELENA	RIFLE,7.62 MILLIMETER	1990-05-03	138.0	1	Each	patrol	10	05	00	5891271	not in file	1005-00-589-1271	not in file	not in file	D	1.0	State	not in file	not in file	not in file	not in file	1990Q2
DISP_AllStatesAndTerritories_06302020.xlsx[ALL]	MT	HIGHWAY PATROL HELENA	RIFLE,7.62 MILLIMETER	1990-05-03	138.0	1	Each	patrol	10	05	00	5891271	not in file	1005-00-589-1271	not in file	not in file	D	1.0	State	not in file	not in file	not in file	not in file	1990Q2
DISP_AllStatesAndTerritories_06302020.xlsx[ALL]	MT	HIGHWAY PATROL HELENA	RIFLE,7.62 MILLIMETER	1990-05-03	138.0	1	Each	patrol	10	05	00	5891271	not in file	1005-00-589-1271	not in file	not in file	D	1.0	State	not in file	not in file	not in file	not in file	1990Q2
DISP_AllStatesAndTerritories_06302020.xlsx[ALL]	MT	HIGHWAY PATROL HELENA	RIFLE,7.62 MILLIMETER	1990-05-03	138.0	1	Each	patrol	10	05	00	5891271	not in file	1005-00-589-1271	not in file	not in file	D	1.0	State	not in file	not in file	not in file	not in file	1990Q2
DISP_AllStatesAndTerritories_06302020.xlsx[ALL]	MT	HIGHWAY PATROL HELENA	RIFLE,7.62 MILLIMETER	1990-05-03	138.0	1	Each	patrol	10	05	00	5891271	not in file	1005-00-589-1271	not in file	not in file	D	1.0	State	not in file	not in file	not in file	not in file	1990Q2
DISP_AllStatesAndTerritories_06302020.xlsx[ALL]	MT	HIGHWAY PATROL HELENA	RIFLE,7.62 MILLIMETER	1990-05-03	138.0	1	Each	patrol	10	05	00	5891271	not in file	1005-00-589-1271	not in file	not in file	D	1.0	State	not in file	not in file	not in file	not in file	1990Q2
DISP_AllStatesAndTerritories_06302020.xlsx[ALL]	MT	HIGHWAY PATROL HELENA	RIFLE,7.62 MILLIMETER	1990-05-03	138.0	1	Each	patrol	10	05	00	5891271	not in file	1005-00-589-1271	not in file	not in file	D	1.0	State	not in file	not in file	not in file	not in file	1990Q2
DISP_AllStatesAndTerritories_06302020.xlsx[ALL]	MT	HIGHWAY PATROL HELENA	RIFLE,7.62 MILLIMETER	1990-05-03	138.0	1	Each	patrol	10	05	00	5891271	not in file	1005-00-589-1271	not in file	not in file	D	1.0	State	not in file	not in file	not in file	not in file	1990Q2
DISP_AllStatesAndTerritories_06302020.xlsx[ALL]	MT	HIGHWAY PATROL HELENA	RIFLE,7.62 MILLIMETER	1990-05-03	138.0	1	Each	patrol	10	05	00	5891271	not in file	1005-00-589-1271	not in file	not in file	D	1.0	State	not in file	not in file	not in file	not in file	1990Q2
DISP_AllStatesAndTerritories_06302020.xlsx[ALL]	MT	HIGHWAY PATROL HELENA	RIFLE,7.62 MILLIMETER	1990-05-03	138.0	1	Each	patrol	10	05	00	5891271	not in file	1005-00-589-1271	not in file	not in file	D	1.0	State	not in file	not in file	not in file	not in file	1990Q2
DISP_AllStatesAndTerritories_06302020.xlsx[ALL]	MT	HIGHWAY PATROL HELENA	RIFLE,7.62 MILLIMETER	1990-05-03	138.0	1	Each	patrol	10	05	00	5891271	not in file	1005-00-589-1271	not in file	not in file	D	1.0	State	not in file	not in file	not in file	not in file	1990Q2
DISP_AllStatesAndTerritories_06302020.xlsx[ALL]	MT	HIGHWAY PATROL HELENA	RIFLE,7.62 MILLIMETER	1990-05-03	138.0	1	Each	patrol	10	05	00	5891271	not in file	1005-00-589-1271	not in file	not in file	D	1.0	State	not in file	not in file	not in file	not in file	1990Q2
DISP_AllStatesAndTerritories_06302020.xlsx[ALL]	MT	HIGHWAY PATROL HELENA	RIFLE,7.62 MILLIMETER	1990-05-03	138.0	1	Each	patrol	10	05	00	5891271	not in file	1005-00-589-1271	not in file	not in file	D	1.0	State	not in file	not in file	not in file	not in file	1990Q2
DISP_AllStatesAndTerritories_06302020.xlsx[ALL]	MT	HIGHWAY PATROL HELENA	RIFLE,7.62 MILLIMETER	1990-05-03	138.0	1	Each	patrol	10	05	00	5891271	not in file	1005-00-589-1271	not in file	not in file	D	1.0	State	not in file	not in file	not in file	not in file	1990Q2
DISP_AllStatesAndTerritories_06302020.xlsx[ALL]	MT	HIGHWAY PATROL HELENA	RIFLE,7.62 MILLIMETER	1990-05-03	138.0	1	Each	patrol	10	05	00	5891271	not in file	1005-00-589-1271	not in file	not in file	D	1.0	State	not in file	not in file	not in file	not in file	1990Q2
DISP_AllStatesAndTerritories_06302020.xlsx[ALL]	MT	HIGHWAY PATROL HELENA	RIFLE,7.62 MILLIMETER	1990-05-03	138.0	1	Each	patrol	10	05	00	5891271	not in file	1005-00-589-1271	not in file	not in file	D	1.0	State	not in file	not in file	not in file	not in file	1990Q2
DISP_AllStatesAndTerritories_06302020.xlsx[ALL]	MT	HIGHWAY PATROL HELENA	RIFLE,7.62 MILLIMETER	1990-05-03	138.0	1	Each	patrol	10	05	00	5891271	not in file	1005-00-589-1271	not in file	not in file	D	1.0	State	not in file	not in file	not in file	not in file	1990Q2
DISP_AllStatesAndTerritories_06302020.xlsx[ALL]	MT	HIGHWAY PATROL HELENA	RIFLE,7.62 MILLIMETER	1990-05-03	138.0	1	Each	patrol	10	05	00	5891271	not in file	1005-00-589-1271	not in file	not in file	D	1.0	State	not in file	not in file	not in file	not in file	1990Q2
DISP_AllStatesAndTerritories_06302020.xlsx[ALL]	MT	HIGHWAY PATROL HELENA	RIFLE,7.62 MILLIMETER	1990-05-03	138.0	1	Each	patrol	10	05	00	5891271	not in file	1005-00-589-1271	not in file	not in file	D	1.0	State	not in file	not in file	not in file	not in file	1990Q2
DISP_AllStatesAndTerritories_06302020.xlsx[ALL]	MT	HIGHWAY PATROL HELENA	RIFLE,7.62 MILLIMETER	1990-05-03	138.0	1	Each	patrol	10	05	00	5891271	not in file	1005-00-589-1271	not in file	not in file	D	1.0	State	not in file	not in file	not in file	not in file	1990Q2
DISP_AllStatesAndTerritories_06302020.xlsx[ALL]	MT	HIGHWAY PATROL HELENA	RIFLE,7.62 MILLIMETER	1990-05-03	138.0	1	Each	patrol	10	05	00	5891271	not in file	1005-00-589-1271	not in file	not in file	D	1.0	State	not in file	not in file	not in file	not in file	1990Q2
DISP_AllStatesAndTerritories_06302020.xlsx[ALL]	MT	HIGHWAY PATROL HELENA	RIFLE,7.62 MILLIMETER	1990-05-03	138.0	1	Each	patrol	10	05	00	5891271	not in file	1005-00-589-1271	not in file	not in file	D	1.0	State	not in file	not in file	not in file	not in file	1990Q2
DISP_AllStatesAndTerritories_06302020.xlsx[ALL]	MT	HIGHWAY PATROL HELENA	RIFLE,7.62 MILLIMETER	1990-05-03	138.0	1	Each	patrol	10	05	00	5891271	not in file	1005-00-589-1271	not in file	not in file	D	1.0	State	not in file	not in file	not in file	not in file	1990Q2
DISP_AllStatesAndTerritories_06302020.xlsx[ALL]	MT	HIGHWAY PATROL HELENA	RIFLE,7.62 MILLIMETER	1990-05-03	138.0	1	Each	patrol	10	05	00	5891271	not in file	1005-00-589-1271	not in file	not in file	D	1.0	State	not in file	not in file	not in file	not in file	1990Q2
DISP_AllStatesAndTerritories_06302020.xlsx[ALL]	MT	HIGHWAY PATROL HELENA	RIFLE,7.62 MILLIMETER	1990-05-03	138.0	1	Each	patrol	10	05	00	5891271	not in file	1005-00-589-1271	not in file	not in file	D	1.0	State	not in file	not in file	not in file	not in file	1990Q2
DISP_AllStatesAndTerritories_06302020.xlsx[ALL]	MT	HIGHWAY PATROL HELENA	RIFLE,7.62 MILLIMETER	1990-05-03	138.0	1	Each	patrol	10	05	00	5891271	not in file	1005-00-589-1271	not in file	not in file	D	1.0	State	not in file	not in file	not in file	not in file	1990Q2
DISP_AllStatesAndTerritories_06302020.xlsx[ALL]	MT	HIGHWAY PATROL HELENA	RIFLE,7.62 MILLIMETER	1990-05-03	138.0	1	Each	patrol	10	05	00	5891271	not in file	1005-00-589-1271	not in file	not in file	D	1.0	State	not in file	not in file	not in file	not in file	1990Q2
DISP_AllStatesAndTerritories_06302020.xlsx[ALL]	MT	HIGHWAY PATROL HELENA	RIFLE,7.62 MILLIMETER	1990-05-03	138.0	1	Each	patrol	10	05	00	5891271	not in file	1005-00-589-1271	not in file	not in file	D	1.0	State	not in file	not in file	not in file	not in file	1990Q2
DISP_AllStatesAndTerritories_06302020.xlsx[ALL]	MT	HIGHWAY PATROL HELENA	RIFLE,7.62 MILLIMETER	1990-05-03	138.0	1	Each	patrol	10	05	00	5891271	not in file	1005-00-589-1271	not in file	not in file	D	1.0	State	not in file	not in file	not in file	not in file	1990Q2
DISP_AllStatesAndTerritories_06302020.xlsx[ALL]	MT	HIGHWAY PATROL HELENA	RIFLE,7.62 MILLIMETER	1990-05-03	138.0	1	Each	patrol	10	05	00	5891271	not in file	1005-00-589-1271	not in file	not in file	D	1.0	State	not in file	not in file	not in file	not in file	1990Q2
DISP_AllStatesAndTerritories_06302020.xlsx[ALL]	MT	HIGHWAY PATROL HELENA	RIFLE,7.62 MILLIMETER	1990-05-03	138.0	1	Each	patrol	10	05	00	5891271	not in file	1005-00-589-1271	not in file	not in file	D	1.0	State	not in file	not in file	not in file	not in file	1990Q2
DISP_AllStatesAndTerritories_06302020.xlsx[ALL]	MT	HIGHWAY PATROL HELENA	RIFLE,7.62 MILLIMETER	1990-05-03	138.0	1	Each	patrol	10	05	00	5891271	not in file	1005-00-589-1271	not in file	not in file	D	1.0	State	not in file	not in file	not in file	not in file	1990Q2
DISP_AllStatesAndTerritories_06302020.xlsx[ALL]	MT	HIGHWAY PATROL HELENA	RIFLE,7.62 MILLIMETER	1990-05-03	138.0	1	Each	patrol	10	05	00	5891271	not in file	1005-00-589-1271	not in file	not in file	D	1.0	State	not in file	not in file	not in file	not in file	1990Q2
DISP_AllStatesAndTerritories_06302020.xlsx[ALL]	MT	HIGHWAY PATROL HELENA	RIFLE,7.62 MILLIMETER	1990-05-03	138.0	1	Each	patrol	10	05	00	5891271	not in file	1005-00-589-1271	not in file	not in file	D	1.0	State	not in file	not in file	not in file	not in file	1990Q2
DISP_AllStatesAndTerritories_06302020.xlsx[ALL]	MT	HIGHWAY PATROL HELENA	RIFLE,7.62 MILLIMETER	1990-05-03	138.0	1	Each	patrol	10	05	00	5891271	not in file	1005-00-589-1271	not in file	not in file	D	1.0	State	not in file	not in file	not in file	not in file	1990Q2
DISP_AllStatesAndTerritories_06302020.xlsx[ALL]	MT	HIGHWAY PATROL HELENA	RIFLE,7.62 MILLIMETER	1990-05-03	138.0	1	Each	patrol	10	05	00	5891271	not in file	1005-00-589-1271	not in file	not in file	D	1.0	State	not in file	not in file	not in file	not in file	1990Q2
DISP_AllStatesAndTerritories_06302020.xlsx[ALL]	MT	HIGHWAY PATROL HELENA	RIFLE,7.62 MILLIMETER	1990-05-03	138.0	1	Each	patrol	10	05	00	5891271	not in file	1005-00-589-1271	not in file	not in file	D	1.0	State	not in file	not in file	not in file	not in file	1990Q2
DISP_AllStatesAndTerritories_06302020.xlsx[ALL]	MT	HIGHWAY PATROL HELENA	RIFLE,7.62 MILLIMETER	1990-05-03	138.0	1	Each	patrol	10	05	00	5891271	not in file	1005-00-589-1271	not in file	not in file	D	1.0	State	not in file	not in file	not in file	not in file	1990Q2
DISP_AllStatesAndTerritories_06302020.xlsx[ALL]	MT	HIGHWAY PATROL HELENA	RIFLE,7.62 MILLIMETER	1990-05-03	138.0	1	Each	patrol	10	05	00	5891271	not in file	1005-00-589-1271	not in file	not in file	D	1.0	State	not in file	not in file	not in file	not in file	1990Q2
DISP_AllStatesAndTerritories_06302020.xlsx[ALL]	MT	HIGHWAY PATROL HELENA	RIFLE,7.62 MILLIMETER	1990-05-03	138.0	1	Each	patrol	10	05	00	5891271	not in file	1005-00-589-1271	not in file	not in file	D	1.0	State	not in file	not in file	not in file	not in file	1990Q2
DISP_AllStatesAndTerritories_06302020.xlsx[ALL]	MT	HIGHWAY PATROL HELENA	RIFLE,7.62 MILLIMETER	1990-05-03	138.0	1	Each	patrol	10	05	00	5891271	not in file	1005-00-589-1271	not in file	not in file	D	1.0	State	not in file	not in file	not in file	not in file	1990Q2
DISP_AllStatesAndTerritories_06302020.xlsx[ALL]	MT	HIGHWAY PATROL HELENA	RIFLE,7.62 MILLIMETER	1990-05-03	138.0	1	Each	patrol	10	05	00	5891271	not in file	1005-00-589-1271	not in file	not in file	D	1.0	State	not in file	not in file	not in file	not in file	1990Q2
DISP_AllStatesAndTerritories_06302020.xlsx[ALL]	MT	HIGHWAY PATROL HELENA	RIFLE,7.62 MILLIMETER	1990-05-03	138.0	1	Each	patrol	10	05	00	5891271	not in file	1005-00-589-1271	not in file	not in file	D	1.0	State	not in file	not in file	not in file	not in file	1990Q2
DISP_AllStatesAndTerritories_06302020.xlsx[ALL]	MT	HIGHWAY PATROL HELENA	RIFLE,7.62 MILLIMETER	1990-05-03	138.0	1	Each	patrol	10	05	00	5891271	not in file	1005-00-589-1271	not in file	not in file	D	1.0	State	not in file	not in file	not in file	not in file	1990Q2
DISP_AllStatesAndTerritories_06302020.xlsx[ALL]	MT	HIGHWAY PATROL HELENA	RIFLE,7.62 MILLIMETER	1990-05-03	138.0	1	Each	patrol	10	05	00	5891271	not in file	1005-00-589-1271	not in file	not in file	D	1.0	State	not in file	not in file	not in file	not in file	1990Q2
DISP_AllStatesAndTerritories_06302020.xlsx[ALL]	MT	HIGHWAY PATROL HELENA	RIFLE,7.62 MILLIMETER	1990-05-03	138.0	1	Each	patrol	10	05	00	5891271	not in file	1005-00-589-1271	not in file	not in file	D	1.0	State	not in file	not in file	not in file	not in file	1990Q2
DISP_AllStatesAndTerritories_06302020.xlsx[ALL]	MT	HIGHWAY PATROL HELENA	RIFLE,7.62 MILLIMETER	1990-05-03	138.0	1	Each	patrol	10	05	00	5891271	not in file	1005-00-589-1271	not in file	not in file	D	1.0	State	not in file	not in file	not in file	not in file	1990Q2
DISP_AllStatesAndTerritories_06302020.xlsx[ALL]	MT	HIGHWAY PATROL HELENA	RIFLE,7.62 MILLIMETER	1990-05-03	138.0	1	Each	patrol	10	05	00	5891271	not in file	1005-00-589-1271	not in file	not in file	D	1.0	State	not in file	not in file	not in file	not in file	1990Q2
DISP_AllStatesAndTerritories_06302020.xlsx[ALL]	MT	HIGHWAY PATROL HELENA	RIFLE,7.62 MILLIMETER	1990-05-03	138.0	1	Each	patrol	10	05	00	5891271	not in file	1005-00-589-1271	not in file	not in file	D	1.0	State	not in file	not in file	not in file	not in file	1990Q2
DISP_AllStatesAndTerritories_06302020.xlsx[ALL]	MT	HIGHWAY PATROL HELENA	RIFLE,7.62 MILLIMETER	1990-05-03	138.0	1	Each	patrol	10	05	00	5891271	not in file	1005-00-589-1271	not in file	not in file	D	1.0	State	not in file	not in file	not in file	not in file	1990Q2
DISP_AllStatesAndTerritories_06302020.xlsx[ALL]	MT	HIGHWAY PATROL HELENA	RIFLE,7.62 MILLIMETER	1990-05-03	138.0	1	Each	patrol	10	05	00	5891271	not in file	1005-00-589-1271	not in file	not in file	D	1.0	State	not in file	not in file	not in file	not in file	1990Q2
DISP_AllStatesAndTerritories_06302020.xlsx[ALL]	MT	HIGHWAY PATROL HELENA	RIFLE,7.62 MILLIMETER	1990-05-03	138.0	1	Each	patrol	10	05	00	5891271	not in file	1005-00-589-1271	not in file	not in file	D	1.0	State	not in file	not in file	not in file	not in file	1990Q2
DISP_AllStatesAndTerritories_06302020.xlsx[ALL]	MT	HIGHWAY PATROL HELENA	RIFLE,7.62 MILLIMETER	1990-05-03	138.0	1	Each	patrol	10	05	00	5891271	not in file	1005-00-589-1271	not in file	not in file	D	1.0	State	not in file	not in file	not in file	not in file	1990Q2
DISP_AllStatesAndTerritories_06302020.xlsx[ALL]	MT	HIGHWAY PATROL HELENA	RIFLE,7.62 MILLIMETER	1990-05-03	138.0	1	Each	patrol	10	05	00	5891271	not in file	1005-00-589-1271	not in file	not in file	D	1.0	State	not in file	not in file	not in file	not in file	1990Q2
DISP_AllStatesAndTerritories_06302020.xlsx[ALL]	MT	HIGHWAY PATROL HELENA	RIFLE,7.62 MILLIMETER	1990-05-03	138.0	1	Each	patrol	10	05	00	5891271	not in file	1005-00-589-1271	not in file	not in file	D	1.0	State	not in file	not in file	not in file	not in file	1990Q2
DISP_AllStatesAndTerritories_06302020.xlsx[ALL]	MT	HIGHWAY PATROL HELENA	RIFLE,7.62 MILLIMETER	1990-05-03	138.0	1	Each	patrol	10	05	00	5891271	not in file	1005-00-589-1271	not in file	not in file	D	1.0	State	not in file	not in file	not in file	not in file	1990Q2
DISP_AllStatesAndTerritories_06302020.xlsx[ALL]	MT	HIGHWAY PATROL HELENA	RIFLE,7.62 MILLIMETER	1990-05-03	138.0	1	Each	patrol	10	05	00	5891271	not in file	1005-00-589-1271	not in file	not in file	D	1.0	State	not in file	not in file	not in file	not in file	1990Q2
DISP_AllStatesAndTerritories_06302020.xlsx[ALL]	MT	HIGHWAY PATROL HELENA	RIFLE,7.62 MILLIMETER	1990-05-03	138.0	1	Each	patrol	10	05	00	5891271	not in file	1005-00-589-1271	not in file	not in file	D	1.0	State	not in file	not in file	not in file	not in file	1990Q2
DISP_AllStatesAndTerritories_06302020.xlsx[ALL]	MT	MISSOULA POLICE DEPT	RIFLE,7.62 MILLIMETER	1990-05-03	138.0	1	Each	police	10	05	00	5891271	not in file	1005-00-589-1271	not in file	not in file	D	1.0	State	not in file	not in file	not in file	not in file	1990Q2
DISP_AllStatesAndTerritories_06302020.xlsx[ALL]	MT	MISSOULA POLICE DEPT	RIFLE,7.62 MILLIMETER	1990-05-03	138.0	1	Each	police	10	05	00	5891271	not in file	1005-00-589-1271	not in file	not in file	D	1.0	State	not in file	not in file	not in file	not in file	1990Q2
DISP_AllStatesAndTerritories_06302020.xlsx[ALL]	MT	MISSOULA POLICE DEPT	RIFLE,7.62 MILLIMETER	1990-05-03	138.0	1	Each	police	10	05	00	5891271	not in file	1005-00-589-1271	not in file	not in file	D	1.0	State	not in file	not in file	not in file	not in file	1990Q2
DISP_AllStatesAndTerritories_06302020.xlsx[ALL]	MT	MISSOULA POLICE DEPT	RIFLE,7.62 MILLIMETER	1990-05-03	138.0	1	Each	police	10	05	00	5891271	not in file	1005-00-589-1271	not in file	not in file	D	1.0	State	not in file	not in file	not in file	not in file	1990Q2
DISP_AllStatesAndTerritories_06302020.xlsx[ALL]	MT	MISSOULA POLICE DEPT	RIFLE,7.62 MILLIMETER	1990-05-03	138.0	1	Each	police	10	05	00	5891271	not in file	1005-00-589-1271	not in file	not in file	D	1.0	State	not in file	not in file	not in file	not in file	1990Q2
DISP_AllStatesAndTerritories_06302020.xlsx[ALL]	MT	MISSOULA POLICE DEPT	RIFLE,7.62 MILLIMETER	1990-05-03	138.0	1	Each	police	10	05	00	5891271	not in file	1005-00-589-1271	not in file	not in file	D	1.0	State	not in file	not in file	not in file	not in file	1990Q2
DISP_AllStatesAndTerritories_06302020.xlsx[ALL]	MT	MISSOULA POLICE DEPT	RIFLE,7.62 MILLIMETER	1990-05-03	138.0	1	Each	police	10	05	00	5891271	not in file	1005-00-589-1271	not in file	not in file	D	1.0	State	not in file	not in file	not in file	not in file	1990Q2
DISP_AllStatesAndTerritories_06302020.xlsx[ALL]	MT	MISSOULA POLICE DEPT	RIFLE,7.62 MILLIMETER	1990-05-03	138.0	1	Each	police	10	05	00	5891271	not in file	1005-00-589-1271	not in file	not in file	D	1.0	State	not in file	not in file	not in file	not in file	1990Q2
DISP_AllStatesAndTerritories_06302020.xlsx[ALL]	MT	MISSOULA POLICE DEPT	RIFLE,7.62 MILLIMETER	1990-05-03	138.0	1	Each	police	10	05	00	5891271	not in file	1005-00-589-1271	not in file	not in file	D	1.0	State	not in file	not in file	not in file	not in file	1990Q2
DISP_AllStatesAndTerritories_06302020.xlsx[ALL]	MT	MISSOULA POLICE DEPT	RIFLE,7.62 MILLIMETER	1990-05-03	138.0	1	Each	police	10	05	00	5891271	not in file	1005-00-589-1271	not in file	not in file	D	1.0	State	not in file	not in file	not in file	not in file	1990Q2
DISP_AllStatesAndTerritories_06302020.xlsx[ALL]	MT	MISSOULA POLICE DEPT	RIFLE,7.62 MILLIMETER	1990-05-03	138.0	1	Each	police	10	05	00	5891271	not in file	1005-00-589-1271	not in file	not in file	D	1.0	State	not in file	not in file	not in file	not in file	1990Q2
DISP_AllStatesAndTerritories_06302020.xlsx[ALL]	MT	MISSOULA POLICE DEPT	RIFLE,7.62 MILLIMETER	1990-05-03	138.0	1	Each	police	10	05	00	5891271	not in file	1005-00-589-1271	not in file	not in file	D	1.0	State	not in file	not in file	not in file	not in file	1990Q2
DISP_AllStatesAndTerritories_06302020.xlsx[ALL]	MT	PETROLEUM CTY SHERIFF DEPT	RIFLE,7.62 MILLIMETER	1990-05-03	138.0	1	Each	sheriff	10	05	00	5891271	not in file	1005-00-589-1271	not in file	not in file	D	1.0	State	not in file	not in file	not in file	not in file	1990Q2
DISP_AllStatesAndTerritories_06302020.xlsx[ALL]	MT	PETROLEUM CTY SHERIFF DEPT	RIFLE,7.62 MILLIMETER	1990-05-03	138.0	1	Each	sheriff	10	05	00	5891271	not in file	1005-00-589-1271	not in file	not in file	D	1.0	State	not in file	not in file	not in file	not in file	1990Q2
DISP_AllStatesAndTerritories_06302020.xlsx[ALL]	MT	PETROLEUM CTY SHERIFF DEPT	RIFLE,7.62 MILLIMETER	1990-05-03	138.0	1	Each	sheriff	10	05	00	5891271	not in file	1005-00-589-1271	not in file	not in file	D	1.0	State	not in file	not in file	not in file	not in file	1990Q2
DISP_AllStatesAndTerritories_06302020.xlsx[ALL]	MT	PETROLEUM CTY SHERIFF DEPT	RIFLE,7.62 MILLIMETER	1990-05-03	138.0	1	Each	sheriff	10	05	00	5891271	not in file	1005-00-589-1271	not in file	not in file	D	1.0	State	not in file	not in file	not in file	not in file	1990Q2
DISP_AllStatesAndTerritories_06302020.xlsx[ALL]	MT	PETROLEUM CTY SHERIFF DEPT	RIFLE,7.62 MILLIMETER	1990-05-03	138.0	1	Each	sheriff	10	05	00	5891271	not in file	1005-00-589-1271	not in file	not in file	D	1.0	State	not in file	not in file	not in file	not in file	1990Q2
DISP_AllStatesAndTerritories_06302020.xlsx[ALL]	MT	PETROLEUM CTY SHERIFF DEPT	RIFLE,7.62 MILLIMETER	1990-05-03	138.0	1	Each	sheriff	10	05	00	5891271	not in file	1005-00-589-1271	not in file	not in file	D	1.0	State	not in file	not in file	not in file	not in file	1990Q2
DISP_AllStatesAndTerritories_06302020.xlsx[ALL]	MT	POWDER RIVER CTY SHERIFF DEPT	RIFLE,7.62 MILLIMETER	1990-05-03	138.0	1	Each	sheriff	10	05	00	5891271	not in file	1005-00-589-1271	not in file	not in file	D	1.0	State	not in file	not in file	not in file	not in file	1990Q2
DISP_AllStatesAndTerritories_06302020.xlsx[ALL]	MT	POWDER RIVER CTY SHERIFF DEPT	RIFLE,7.62 MILLIMETER	1990-05-03	138.0	1	Each	sheriff	10	05	00	5891271	not in file	1005-00-589-1271	not in file	not in file	D	1.0	State	not in file	not in file	not in file	not in file	1990Q2
DISP_AllStatesAndTerritories_06302020.xlsx[ALL]	MT	POWDER RIVER CTY SHERIFF DEPT	RIFLE,7.62 MILLIMETER	1990-05-03	138.0	1	Each	sheriff	10	05	00	5891271	not in file	1005-00-589-1271	not in file	not in file	D	1.0	State	not in file	not in file	not in file	not in file	1990Q2
OriginatingFile	StateAbbreviation	RequestingAgency	ItemDescription	RecordDate	AcquisitionValue	Quantity	UnitIncrement	AgencyType	Item_FSG	Item_FSC	Item_CC	Item_Code	Justification	NSN	FSC	NIIN	DEMILCode	DEMILIC	StationType	RequisitionID	CancelledBy	RTDRef	ReasonCancelled	Quarter
DISP_AllStatesAndTerritories_03312020.xlsx[ALL]	MT	BLAINE CTY SHERIFF DEPT	RIFLE,7.62 MILLIMETER	1990-05-03	138.0	1	Each	sheriff	10	05	00	5891271	not in file	1005-00-589-1271	not in file	not in file	D	1.0	State	not in file	not in file	not in file	not in file	1990Q2
DISP_AllStatesAndTerritories_03312020.xlsx[ALL]	MT	BLAINE CTY SHERIFF DEPT	RIFLE,7.62 MILLIMETER	1990-05-03	138.0	1	Each	sheriff	10	05	00	5891271	not in file	1005-00-589-1271	not in file	not in file	D	1.0	State	not in file	not in file	not in file	not in file	1990Q2
DISP_AllStatesAndTerritories_03312020.xlsx[ALL]	MT	BLAINE CTY SHERIFF DEPT	RIFLE,7.62 MILLIMETER	1990-05-03	138.0	1	Each	sheriff	10	05	00	5891271	not in file	1005-00-589-1271	not in file	not in file	D	1.0	State	not in file	not in file	not in file	not in file	1990Q2
DISP_AllStatesAndTerritories_03312020.xlsx[ALL]	MT	BLAINE CTY SHERIFF DEPT	RIFLE,7.62 MILLIMETER	1990-05-03	138.0	1	Each	sheriff	10	05	00	5891271	not in file	1005-00-589-1271	not in file	not in file	D	1.0	State	not in file	not in file	not in file	not in file	1990Q2
DISP_AllStatesAndTerritories_03312020.xlsx[ALL]	MT	BLAINE CTY SHERIFF DEPT	RIFLE,7.62 MILLIMETER	1990-05-03	138.0	1	Each	sheriff	10	05	00	5891271	not in file	1005-00-589-1271	not in file	not in file	D	1.0	State	not in file	not in file	not in file	not in file	1990Q2
DISP_AllStatesAndTerritories_03312020.xlsx[ALL]	MT	DANIELS CTY SHERIFF DEPT	RIFLE,7.62 MILLIMETER	1990-05-03	138.0	1	Each	sheriff	10	05	00	5891271	not in file	1005-00-589-1271	not in file	not in file	D	1.0	State	not in file	not in file	not in file	not in file	1990Q2
DISP_AllStatesAndTerritories_03312020.xlsx[ALL]	MT	DANIELS CTY SHERIFF DEPT	RIFLE,7.62 MILLIMETER	1990-05-03	138.0	1	Each	sheriff	10	05	00	5891271	not in file	1005-00-589-1271	not in file	not in file	D	1.0	State	not in file	not in file	not in file	not in file	1990Q2
DISP_AllStatesAndTerritories_03312020.xlsx[ALL]	MT	DANIELS CTY SHERIFF DEPT	RIFLE,7.62 MILLIMETER	1990-05-03	138.0	1	Each	sheriff	10	05	00	5891271	not in file	1005-00-589-1271	not in file	not in file	D	1.0	State	not in file	not in file	not in file	not in file	1990Q2
DISP_AllStatesAndTerritories_03312020.xlsx[ALL]	MT	DILLON POLICE DEPT	RIFLE,7.62 MILLIMETER	1990-05-03	138.0	1	Each	police	10	05	00	5891271	not in file	1005-00-589-1271	not in file	not in file	D	1.0	State	not in file	not in file	not in file	not in file	1990Q2
DISP_AllStatesAndTerritories_03312020.xlsx[ALL]	MT	DILLON POLICE DEPT	RIFLE,7.62 MILLIMETER	1990-05-03	138.0	1	Each	police	10	05	00	5891271	not in file	1005-00-589-1271	not in file	not in file	D	1.0	State	not in file	not in file	not in file	not in file	1990Q2
DISP_AllStatesAndTerritories_03312020.xlsx[ALL]	MT	DILLON POLICE DEPT	RIFLE,7.62 MILLIMETER	1990-05-03	138.0	1	Each	police	10	05	00	5891271	not in file	1005-00-589-1271	not in file	not in file	D	1.0	State	not in file	not in file	not in file	not in file	1990Q2
DISP_AllStatesAndTerritories_03312020.xlsx[ALL]	MT	DILLON POLICE DEPT	RIFLE,7.62 MILLIMETER	1990-05-03	138.0	1	Each	police	10	05	00	5891271	not in file	1005-00-589-1271	not in file	not in file	D	1.0	State	not in file	not in file	not in file	not in file	1990Q2
DISP_AllStatesAndTerritories_03312020.xlsx[ALL]	MT	DILLON POLICE DEPT	RIFLE,7.62 MILLIMETER	1990-05-03	138.0	1	Each	police	10	05	00	5891271	not in file	1005-00-589-1271	not in file	not in file	D	1.0	State	not in file	not in file	not in file	not in file	1990Q2
DISP_AllStatesAndTerritories_03312020.xlsx[ALL]	MT	DILLON POLICE DEPT	RIFLE,7.62 MILLIMETER	1990-05-03	138.0	1	Each	police	10	05	00	5891271	not in file	1005-00-589-1271	not in file	not in file	D	1.0	State	not in file	not in file	not in file	not in file	1990Q2
DISP_AllStatesAndTerritories_03312020.xlsx[ALL]	MT	DILLON POLICE DEPT	RIFLE,7.62 MILLIMETER	1990-05-03	138.0	1	Each	police	10	05	00	5891271	not in file	1005-00-589-1271	not in file	not in file	D	1.0	State	not in file	not in file	not in file	not in file	1990Q2
DISP_AllStatesAndTerritories_03312020.xlsx[ALL]	MT	DILLON POLICE DEPT	RIFLE,7.62 MILLIMETER	1990-05-03	138.0	1	Each	police	10	05	00	5891271	not in file	1005-00-589-1271	not in file	not in file	D	1.0	State	not in file	not in file	not in file	not in file	1990Q2
DISP_AllStatesAndTerritories_03312020.xlsx[ALL]	MT	GOLDEN VALLEY CTY SHERIFF	RIFLE,7.62 MILLIMETER	1990-05-03	138.0	1	Each	sheriff	10	05	00	5891271	not in file	1005-00-589-1271	not in file	not in file	D	1.0	State	not in file	not in file	not in file	not in file	1990Q2
DISP_AllStatesAndTerritories_03312020.xlsx[ALL]	MT	GOLDEN VALLEY CTY SHERIFF	RIFLE,7.62 MILLIMETER	1990-05-03	138.0	1	Each	sheriff	10	05	00	5891271	not in file	1005-00-589-1271	not in file	not in file	D	1.0	State	not in file	not in file	not in file	not in file	1990Q2
DISP_AllStatesAndTerritories_03312020.xlsx[ALL]	MT	GOLDEN VALLEY CTY SHERIFF	RIFLE,7.62 MILLIMETER	1990-05-03	138.0	1	Each	sheriff	10	05	00	5891271	not in file	1005-00-589-1271	not in file	not in file	D	1.0	State	not in file	not in file	not in file	not in file	1990Q2
DISP_AllStatesAndTerritories_03312020.xlsx[ALL]	MT	GOLDEN VALLEY CTY SHERIFF	RIFLE,7.62 MILLIMETER	1990-05-03	138.0	1	Each	sheriff	10	05	00	5891271	not in file	1005-00-589-1271	not in file	not in file	D	1.0	State	not in file	not in file	not in file	not in file	1990Q2
DISP_AllStatesAndTerritories_03312020.xlsx[ALL]	MT	GOLDEN VALLEY CTY SHERIFF	RIFLE,7.62 MILLIMETER	1990-05-03	138.0	1	Each	sheriff	10	05	00	5891271	not in file	1005-00-589-1271	not in file	not in file	D	1.0	State	not in file	not in file	not in file	not in file	1990Q2
DISP_AllStatesAndTerritories_03312020.xlsx[ALL]	MT	HIGHWAY PATROL HELENA	RIFLE,7.62 MILLIMETER	1990-05-03	138.0	1	Each	patrol	10	05	00	5891271	not in file	1005-00-589-1271	not in file	not in file	D	1.0	State	not in file	not in file	not in file	not in file	1990Q2
DISP_AllStatesAndTerritories_03312020.xlsx[ALL]	MT	HIGHWAY PATROL HELENA	RIFLE,7.62 MILLIMETER	1990-05-03	138.0	1	Each	patrol	10	05	00	5891271	not in file	1005-00-589-1271	not in file	not in file	D	1.0	State	not in file	not in file	not in file	not in file	1990Q2
DISP_AllStatesAndTerritories_03312020.xlsx[ALL]	MT	HIGHWAY PATROL HELENA	RIFLE,7.62 MILLIMETER	1990-05-03	138.0	1	Each	patrol	10	05	00	5891271	not in file	1005-00-589-1271	not in file	not in file	D	1.0	State	not in file	not in file	not in file	not in file	1990Q2
DISP_AllStatesAndTerritories_03312020.xlsx[ALL]	MT	HIGHWAY PATROL HELENA	RIFLE,7.62 MILLIMETER	1990-05-03	138.0	1	Each	patrol	10	05	00	5891271	not in file	1005-00-589-1271	not in file	not in file	D	1.0	State	not in file	not in file	not in file	not in file	1990Q2
DISP_AllStatesAndTerritories_03312020.xlsx[ALL]	MT	HIGHWAY PATROL HELENA	RIFLE,7.62 MILLIMETER	1990-05-03	138.0	1	Each	patrol	10	05	00	5891271	not in file	1005-00-589-1271	not in file	not in file	D	1.0	State	not in file	not in file	not in file	not in file	1990Q2
DISP_AllStatesAndTerritories_03312020.xlsx[ALL]	MT	HIGHWAY PATROL HELENA	RIFLE,7.62 MILLIMETER	1990-05-03	138.0	1	Each	patrol	10	05	00	5891271	not in file	1005-00-589-1271	not in file	not in file	D	1.0	State	not in file	not in file	not in file	not in file	1990Q2
DISP_AllStatesAndTerritories_03312020.xlsx[ALL]	MT	HIGHWAY PATROL HELENA	RIFLE,7.62 MILLIMETER	1990-05-03	138.0	1	Each	patrol	10	05	00	5891271	not in file	1005-00-589-1271	not in file	not in file	D	1.0	State	not in file	not in file	not in file	not in file	1990Q2
DISP_AllStatesAndTerritories_03312020.xlsx[ALL]	MT	HIGHWAY PATROL HELENA	RIFLE,7.62 MILLIMETER	1990-05-03	138.0	1	Each	patrol	10	05	00	5891271	not in file	1005-00-589-1271	not in file	not in file	D	1.0	State	not in file	not in file	not in file	not in file	1990Q2
DISP_AllStatesAndTerritories_03312020.xlsx[ALL]	MT	HIGHWAY PATROL HELENA	RIFLE,7.62 MILLIMETER	1990-05-03	138.0	1	Each	patrol	10	05	00	5891271	not in file	1005-00-589-1271	not in file	not in file	D	1.0	State	not in file	not in file	not in file	not in file	1990Q2
DISP_AllStatesAndTerritories_03312020.xlsx[ALL]	MT	HIGHWAY PATROL HELENA	RIFLE,7.62 MILLIMETER	1990-05-03	138.0	1	Each	patrol	10	05	00	5891271	not in file	1005-00-589-1271	not in file	not in file	D	1.0	State	not in file	not in file	not in file	not in file	1990Q2
DISP_AllStatesAndTerritories_03312020.xlsx[ALL]	MT	HIGHWAY PATROL HELENA	RIFLE,7.62 MILLIMETER	1990-05-03	138.0	1	Each	patrol	10	05	00	5891271	not in file	1005-00-589-1271	not in file	not in file	D	1.0	State	not in file	not in file	not in file	not in file	1990Q2
DISP_AllStatesAndTerritories_03312020.xlsx[ALL]	MT	HIGHWAY PATROL HELENA	RIFLE,7.62 MILLIMETER	1990-05-03	138.0	1	Each	patrol	10	05	00	5891271	not in file	1005-00-589-1271	not in file	not in file	D	1.0	State	not in file	not in file	not in file	not in file	1990Q2
DISP_AllStatesAndTerritories_03312020.xlsx[ALL]	MT	HIGHWAY PATROL HELENA	RIFLE,7.62 MILLIMETER	1990-05-03	138.0	1	Each	patrol	10	05	00	5891271	not in file	1005-00-589-1271	not in file	not in file	D	1.0	State	not in file	not in file	not in file	not in file	1990Q2
DISP_AllStatesAndTerritories_03312020.xlsx[ALL]	MT	HIGHWAY PATROL HELENA	RIFLE,7.62 MILLIMETER	1990-05-03	138.0	1	Each	patrol	10	05	00	5891271	not in file	1005-00-589-1271	not in file	not in file	D	1.0	State	not in file	not in file	not in file	not in file	1990Q2
DISP_AllStatesAndTerritories_03312020.xlsx[ALL]	MT	HIGHWAY PATROL HELENA	RIFLE,7.62 MILLIMETER	1990-05-03	138.0	1	Each	patrol	10	05	00	5891271	not in file	1005-00-589-1271	not in file	not in file	D	1.0	State	not in file	not in file	not in file	not in file	1990Q2
DISP_AllStatesAndTerritories_03312020.xlsx[ALL]	MT	HIGHWAY PATROL HELENA	RIFLE,7.62 MILLIMETER	1990-05-03	138.0	1	Each	patrol	10	05	00	5891271	not in file	1005-00-589-1271	not in file	not in file	D	1.0	State	not in file	not in file	not in file	not in file	1990Q2
DISP_AllStatesAndTerritories_03312020.xlsx[ALL]	MT	HIGHWAY PATROL HELENA	RIFLE,7.62 MILLIMETER	1990-05-03	138.0	1	Each	patrol	10	05	00	5891271	not in file	1005-00-589-1271	not in file	not in file	D	1.0	State	not in file	not in file	not in file	not in file	1990Q2
DISP_AllStatesAndTerritories_03312020.xlsx[ALL]	MT	HIGHWAY PATROL HELENA	RIFLE,7.62 MILLIMETER	1990-05-03	138.0	1	Each	patrol	10	05	00	5891271	not in file	1005-00-589-1271	not in file	not in file	D	1.0	State	not in file	not in file	not in file	not in file	1990Q2
DISP_AllStatesAndTerritories_03312020.xlsx[ALL]	MT	HIGHWAY PATROL HELENA	RIFLE,7.62 MILLIMETER	1990-05-03	138.0	1	Each	patrol	10	05	00	5891271	not in file	1005-00-589-1271	not in file	not in file	D	1.0	State	not in file	not in file	not in file	not in file	1990Q2
DISP_AllStatesAndTerritories_03312020.xlsx[ALL]	MT	HIGHWAY PATROL HELENA	RIFLE,7.62 MILLIMETER	1990-05-03	138.0	1	Each	patrol	10	05	00	5891271	not in file	1005-00-589-1271	not in file	not in file	D	1.0	State	not in file	not in file	not in file	not in file	1990Q2
DISP_AllStatesAndTerritories_03312020.xlsx[ALL]	MT	HIGHWAY PATROL HELENA	RIFLE,7.62 MILLIMETER	1990-05-03	138.0	1	Each	patrol	10	05	00	5891271	not in file	1005-00-589-1271	not in file	not in file	D	1.0	State	not in file	not in file	not in file	not in file	1990Q2
DISP_AllStatesAndTerritories_03312020.xlsx[ALL]	MT	HIGHWAY PATROL HELENA	RIFLE,7.62 MILLIMETER	1990-05-03	138.0	1	Each	patrol	10	05	00	5891271	not in file	1005-00-589-1271	not in file	not in file	D	1.0	State	not in file	not in file	not in file	not in file	1990Q2
DISP_AllStatesAndTerritories_03312020.xlsx[ALL]	MT	HIGHWAY PATROL HELENA	RIFLE,7.62 MILLIMETER	1990-05-03	138.0	1	Each	patrol	10	05	00	5891271	not in file	1005-00-589-1271	not in file	not in file	D	1.0	State	not in file	not in file	not in file	not in file	1990Q2
DISP_AllStatesAndTerritories_03312020.xlsx[ALL]	MT	HIGHWAY PATROL HELENA	RIFLE,7.62 MILLIMETER	1990-05-03	138.0	1	Each	patrol	10	05	00	5891271	not in file	1005-00-589-1271	not in file	not in file	D	1.0	State	not in file	not in file	not in file	not in file	1990Q2
DISP_AllStatesAndTerritories_03312020.xlsx[ALL]	MT	HIGHWAY PATROL HELENA	RIFLE,7.62 MILLIMETER	1990-05-03	138.0	1	Each	patrol	10	05	00	5891271	not in file	1005-00-589-1271	not in file	not in file	D	1.0	State	not in file	not in file	not in file	not in file	1990Q2
DISP_AllStatesAndTerritories_03312020.xlsx[ALL]	MT	HIGHWAY PATROL HELENA	RIFLE,7.62 MILLIMETER	1990-05-03	138.0	1	Each	patrol	10	05	00	5891271	not in file	1005-00-589-1271	not in file	not in file	D	1.0	State	not in file	not in file	not in file	not in file	1990Q2
DISP_AllStatesAndTerritories_03312020.xlsx[ALL]	MT	HIGHWAY PATROL HELENA	RIFLE,7.62 MILLIMETER	1990-05-03	138.0	1	Each	patrol	10	05	00	5891271	not in file	1005-00-589-1271	not in file	not in file	D	1.0	State	not in file	not in file	not in file	not in file	1990Q2
DISP_AllStatesAndTerritories_03312020.xlsx[ALL]	MT	HIGHWAY PATROL HELENA	RIFLE,7.62 MILLIMETER	1990-05-03	138.0	1	Each	patrol	10	05	00	5891271	not in file	1005-00-589-1271	not in file	not in file	D	1.0	State	not in file	not in file	not in file	not in file	1990Q2
DISP_AllStatesAndTerritories_03312020.xlsx[ALL]	MT	HIGHWAY PATROL HELENA	RIFLE,7.62 MILLIMETER	1990-05-03	138.0	1	Each	patrol	10	05	00	5891271	not in file	1005-00-589-1271	not in file	not in file	D	1.0	State	not in file	not in file	not in file	not in file	1990Q2
DISP_AllStatesAndTerritories_03312020.xlsx[ALL]	MT	HIGHWAY PATROL HELENA	RIFLE,7.62 MILLIMETER	1990-05-03	138.0	1	Each	patrol	10	05	00	5891271	not in file	1005-00-589-1271	not in file	not in file	D	1.0	State	not in file	not in file	not in file	not in file	1990Q2
DISP_AllStatesAndTerritories_03312020.xlsx[ALL]	MT	HIGHWAY PATROL HELENA	RIFLE,7.62 MILLIMETER	1990-05-03	138.0	1	Each	patrol	10	05	00	5891271	not in file	1005-00-589-1271	not in file	not in file	D	1.0	State	not in file	not in file	not in file	not in file	1990Q2
DISP_AllStatesAndTerritories_03312020.xlsx[ALL]	MT	HIGHWAY PATROL HELENA	RIFLE,7.62 MILLIMETER	1990-05-03	138.0	1	Each	patrol	10	05	00	5891271	not in file	1005-00-589-1271	not in file	not in file	D	1.0	State	not in file	not in file	not in file	not in file	1990Q2
DISP_AllStatesAndTerritories_03312020.xlsx[ALL]	MT	HIGHWAY PATROL HELENA	RIFLE,7.62 MILLIMETER	1990-05-03	138.0	1	Each	patrol	10	05	00	5891271	not in file	1005-00-589-1271	not in file	not in file	D	1.0	State	not in file	not in file	not in file	not in file	1990Q2
DISP_AllStatesAndTerritories_03312020.xlsx[ALL]	MT	HIGHWAY PATROL HELENA	RIFLE,7.62 MILLIMETER	1990-05-03	138.0	1	Each	patrol	10	05	00	5891271	not in file	1005-00-589-1271	not in file	not in file	D	1.0	State	not in file	not in file	not in file	not in file	1990Q2
DISP_AllStatesAndTerritories_03312020.xlsx[ALL]	MT	HIGHWAY PATROL HELENA	RIFLE,7.62 MILLIMETER	1990-05-03	138.0	1	Each	patrol	10	05	00	5891271	not in file	1005-00-589-1271	not in file	not in file	D	1.0	State	not in file	not in file	not in file	not in file	1990Q2
DISP_AllStatesAndTerritories_03312020.xlsx[ALL]	MT	HIGHWAY PATROL HELENA	RIFLE,7.62 MILLIMETER	1990-05-03	138.0	1	Each	patrol	10	05	00	5891271	not in file	1005-00-589-1271	not in file	not in file	D	1.0	State	not in file	not in file	not in file	not in file	1990Q2
DISP_AllStatesAndTerritories_03312020.xlsx[ALL]	MT	HIGHWAY PATROL HELENA	RIFLE,7.62 MILLIMETER	1990-05-03	138.0	1	Each	patrol	10	05	00	5891271	not in file	1005-00-589-1271	not in file	not in file	D	1.0	State	not in file	not in file	not in file	not in file	1990Q2
DISP_AllStatesAndTerritories_03312020.xlsx[ALL]	MT	HIGHWAY PATROL HELENA	RIFLE,7.62 MILLIMETER	1990-05-03	138.0	1	Each	patrol	10	05	00	5891271	not in file	1005-00-589-1271	not in file	not in file	D	1.0	State	not in file	not in file	not in file	not in file	1990Q2
DISP_AllStatesAndTerritories_03312020.xlsx[ALL]	MT	HIGHWAY PATROL HELENA	RIFLE,7.62 MILLIMETER	1990-05-03	138.0	1	Each	patrol	10	05	00	5891271	not in file	1005-00-589-1271	not in file	not in file	D	1.0	State	not in file	not in file	not in file	not in file	1990Q2
DISP_AllStatesAndTerritories_03312020.xlsx[ALL]	MT	HIGHWAY PATROL HELENA	RIFLE,7.62 MILLIMETER	1990-05-03	138.0	1	Each	patrol	10	05	00	5891271	not in file	1005-00-589-1271	not in file	not in file	D	1.0	State	not in file	not in file	not in file	not in file	1990Q2
DISP_AllStatesAndTerritories_03312020.xlsx[ALL]	MT	HIGHWAY PATROL HELENA	RIFLE,7.62 MILLIMETER	1990-05-03	138.0	1	Each	patrol	10	05	00	5891271	not in file	1005-00-589-1271	not in file	not in file	D	1.0	State	not in file	not in file	not in file	not in file	1990Q2
DISP_AllStatesAndTerritories_03312020.xlsx[ALL]	MT	HIGHWAY PATROL HELENA	RIFLE,7.62 MILLIMETER	1990-05-03	138.0	1	Each	patrol	10	05	00	5891271	not in file	1005-00-589-1271	not in file	not in file	D	1.0	State	not in file	not in file	not in file	not in file	1990Q2
DISP_AllStatesAndTerritories_03312020.xlsx[ALL]	MT	HIGHWAY PATROL HELENA	RIFLE,7.62 MILLIMETER	1990-05-03	138.0	1	Each	patrol	10	05	00	5891271	not in file	1005-00-589-1271	not in file	not in file	D	1.0	State	not in file	not in file	not in file	not in file	1990Q2
DISP_AllStatesAndTerritories_03312020.xlsx[ALL]	MT	HIGHWAY PATROL HELENA	RIFLE,7.62 MILLIMETER	1990-05-03	138.0	1	Each	patrol	10	05	00	5891271	not in file	1005-00-589-1271	not in file	not in file	D	1.0	State	not in file	not in file	not in file	not in file	1990Q2
DISP_AllStatesAndTerritories_03312020.xlsx[ALL]	MT	HIGHWAY PATROL HELENA	RIFLE,7.62 MILLIMETER	1990-05-03	138.0	1	Each	patrol	10	05	00	5891271	not in file	1005-00-589-1271	not in file	not in file	D	1.0	State	not in file	not in file	not in file	not in file	1990Q2
DISP_AllStatesAndTerritories_03312020.xlsx[ALL]	MT	HIGHWAY PATROL HELENA	RIFLE,7.62 MILLIMETER	1990-05-03	138.0	1	Each	patrol	10	05	00	5891271	not in file	1005-00-589-1271	not in file	not in file	D	1.0	State	not in file	not in file	not in file	not in file	1990Q2
DISP_AllStatesAndTerritories_03312020.xlsx[ALL]	MT	HIGHWAY PATROL HELENA	RIFLE,7.62 MILLIMETER	1990-05-03	138.0	1	Each	patrol	10	05	00	5891271	not in file	1005-00-589-1271	not in file	not in file	D	1.0	State	not in file	not in file	not in file	not in file	1990Q2
DISP_AllStatesAndTerritories_03312020.xlsx[ALL]	MT	HIGHWAY PATROL HELENA	RIFLE,7.62 MILLIMETER	1990-05-03	138.0	1	Each	patrol	10	05	00	5891271	not in file	1005-00-589-1271	not in file	not in file	D	1.0	State	not in file	not in file	not in file	not in file	1990Q2
DISP_AllStatesAndTerritories_03312020.xlsx[ALL]	MT	HIGHWAY PATROL HELENA	RIFLE,7.62 MILLIMETER	1990-05-03	138.0	1	Each	patrol	10	05	00	5891271	not in file	1005-00-589-1271	not in file	not in file	D	1.0	State	not in file	not in file	not in file	not in file	1990Q2
DISP_AllStatesAndTerritories_03312020.xlsx[ALL]	MT	HIGHWAY PATROL HELENA	RIFLE,7.62 MILLIMETER	1990-05-03	138.0	1	Each	patrol	10	05	00	5891271	not in file	1005-00-589-1271	not in file	not in file	D	1.0	State	not in file	not in file	not in file	not in file	1990Q2
DISP_AllStatesAndTerritories_03312020.xlsx[ALL]	MT	HIGHWAY PATROL HELENA	RIFLE,7.62 MILLIMETER	1990-05-03	138.0	1	Each	patrol	10	05	00	5891271	not in file	1005-00-589-1271	not in file	not in file	D	1.0	State	not in file	not in file	not in file	not in file	1990Q2
DISP_AllStatesAndTerritories_03312020.xlsx[ALL]	MT	HIGHWAY PATROL HELENA	RIFLE,7.62 MILLIMETER	1990-05-03	138.0	1	Each	patrol	10	05	00	5891271	not in file	1005-00-589-1271	not in file	not in file	D	1.0	State	not in file	not in file	not in file	not in file	1990Q2
DISP_AllStatesAndTerritories_03312020.xlsx[ALL]	MT	HIGHWAY PATROL HELENA	RIFLE,7.62 MILLIMETER	1990-05-03	138.0	1	Each	patrol	10	05	00	5891271	not in file	1005-00-589-1271	not in file	not in file	D	1.0	State	not in file	not in file	not in file	not in file	1990Q2
DISP_AllStatesAndTerritories_03312020.xlsx[ALL]	MT	HIGHWAY PATROL HELENA	RIFLE,7.62 MILLIMETER	1990-05-03	138.0	1	Each	patrol	10	05	00	5891271	not in file	1005-00-589-1271	not in file	not in file	D	1.0	State	not in file	not in file	not in file	not in file	1990Q2
DISP_AllStatesAndTerritories_03312020.xlsx[ALL]	MT	HIGHWAY PATROL HELENA	RIFLE,7.62 MILLIMETER	1990-05-03	138.0	1	Each	patrol	10	05	00	5891271	not in file	1005-00-589-1271	not in file	not in file	D	1.0	State	not in file	not in file	not in file	not in file	1990Q2
DISP_AllStatesAndTerritories_03312020.xlsx[ALL]	MT	HIGHWAY PATROL HELENA	RIFLE,7.62 MILLIMETER	1990-05-03	138.0	1	Each	patrol	10	05	00	5891271	not in file	1005-00-589-1271	not in file	not in file	D	1.0	State	not in file	not in file	not in file	not in file	1990Q2
DISP_AllStatesAndTerritories_03312020.xlsx[ALL]	MT	HIGHWAY PATROL HELENA	RIFLE,7.62 MILLIMETER	1990-05-03	138.0	1	Each	patrol	10	05	00	5891271	not in file	1005-00-589-1271	not in file	not in file	D	1.0	State	not in file	not in file	not in file	not in file	1990Q2
DISP_AllStatesAndTerritories_03312020.xlsx[ALL]	MT	HIGHWAY PATROL HELENA	RIFLE,7.62 MILLIMETER	1990-05-03	138.0	1	Each	patrol	10	05	00	5891271	not in file	1005-00-589-1271	not in file	not in file	D	1.0	State	not in file	not in file	not in file	not in file	1990Q2
DISP_AllStatesAndTerritories_03312020.xlsx[ALL]	MT	HIGHWAY PATROL HELENA	RIFLE,7.62 MILLIMETER	1990-05-03	138.0	1	Each	patrol	10	05	00	5891271	not in file	1005-00-589-1271	not in file	not in file	D	1.0	State	not in file	not in file	not in file	not in file	1990Q2
DISP_AllStatesAndTerritories_03312020.xlsx[ALL]	MT	HIGHWAY PATROL HELENA	RIFLE,7.62 MILLIMETER	1990-05-03	138.0	1	Each	patrol	10	05	00	5891271	not in file	1005-00-589-1271	not in file	not in file	D	1.0	State	not in file	not in file	not in file	not in file	1990Q2
DISP_AllStatesAndTerritories_03312020.xlsx[ALL]	MT	HIGHWAY PATROL HELENA	RIFLE,7.62 MILLIMETER	1990-05-03	138.0	1	Each	patrol	10	05	00	5891271	not in file	1005-00-589-1271	not in file	not in file	D	1.0	State	not in file	not in file	not in file	not in file	1990Q2
DISP_AllStatesAndTerritories_03312020.xlsx[ALL]	MT	HIGHWAY PATROL HELENA	RIFLE,7.62 MILLIMETER	1990-05-03	138.0	1	Each	patrol	10	05	00	5891271	not in file	1005-00-589-1271	not in file	not in file	D	1.0	State	not in file	not in file	not in file	not in file	1990Q2
DISP_AllStatesAndTerritories_03312020.xlsx[ALL]	MT	HIGHWAY PATROL HELENA	RIFLE,7.62 MILLIMETER	1990-05-03	138.0	1	Each	patrol	10	05	00	5891271	not in file	1005-00-589-1271	not in file	not in file	D	1.0	State	not in file	not in file	not in file	not in file	1990Q2
DISP_AllStatesAndTerritories_03312020.xlsx[ALL]	MT	HIGHWAY PATROL HELENA	RIFLE,7.62 MILLIMETER	1990-05-03	138.0	1	Each	patrol	10	05	00	5891271	not in file	1005-00-589-1271	not in file	not in file	D	1.0	State	not in file	not in file	not in file	not in file	1990Q2
DISP_AllStatesAndTerritories_03312020.xlsx[ALL]	MT	HIGHWAY PATROL HELENA	RIFLE,7.62 MILLIMETER	1990-05-03	138.0	1	Each	patrol	10	05	00	5891271	not in file	1005-00-589-1271	not in file	not in file	D	1.0	State	not in file	not in file	not in file	not in file	1990Q2
DISP_AllStatesAndTerritories_03312020.xlsx[ALL]	MT	HIGHWAY PATROL HELENA	RIFLE,7.62 MILLIMETER	1990-05-03	138.0	1	Each	patrol	10	05	00	5891271	not in file	1005-00-589-1271	not in file	not in file	D	1.0	State	not in file	not in file	not in file	not in file	1990Q2
DISP_AllStatesAndTerritories_03312020.xlsx[ALL]	MT	HIGHWAY PATROL HELENA	RIFLE,7.62 MILLIMETER	1990-05-03	138.0	1	Each	patrol	10	05	00	5891271	not in file	1005-00-589-1271	not in file	not in file	D	1.0	State	not in file	not in file	not in file	not in file	1990Q2
DISP_AllStatesAndTerritories_03312020.xlsx[ALL]	MT	HIGHWAY PATROL HELENA	RIFLE,7.62 MILLIMETER	1990-05-03	138.0	1	Each	patrol	10	05	00	5891271	not in file	1005-00-589-1271	not in file	not in file	D	1.0	State	not in file	not in file	not in file	not in file	1990Q2
DISP_AllStatesAndTerritories_03312020.xlsx[ALL]	MT	HIGHWAY PATROL HELENA	RIFLE,7.62 MILLIMETER	1990-05-03	138.0	1	Each	patrol	10	05	00	5891271	not in file	1005-00-589-1271	not in file	not in file	D	1.0	State	not in file	not in file	not in file	not in file	1990Q2
DISP_AllStatesAndTerritories_03312020.xlsx[ALL]	MT	HIGHWAY PATROL HELENA	RIFLE,7.62 MILLIMETER	1990-05-03	138.0	1	Each	patrol	10	05	00	5891271	not in file	1005-00-589-1271	not in file	not in file	D	1.0	State	not in file	not in file	not in file	not in file	1990Q2
DISP_AllStatesAndTerritories_03312020.xlsx[ALL]	MT	HIGHWAY PATROL HELENA	RIFLE,7.62 MILLIMETER	1990-05-03	138.0	1	Each	patrol	10	05	00	5891271	not in file	1005-00-589-1271	not in file	not in file	D	1.0	State	not in file	not in file	not in file	not in file	1990Q2
DISP_AllStatesAndTerritories_03312020.xlsx[ALL]	MT	HIGHWAY PATROL HELENA	RIFLE,7.62 MILLIMETER	1990-05-03	138.0	1	Each	patrol	10	05	00	5891271	not in file	1005-00-589-1271	not in file	not in file	D	1.0	State	not in file	not in file	not in file	not in file	1990Q2
DISP_AllStatesAndTerritories_03312020.xlsx[ALL]	MT	HIGHWAY PATROL HELENA	RIFLE,7.62 MILLIMETER	1990-05-03	138.0	1	Each	patrol	10	05	00	5891271	not in file	1005-00-589-1271	not in file	not in file	D	1.0	State	not in file	not in file	not in file	not in file	1990Q2
DISP_AllStatesAndTerritories_03312020.xlsx[ALL]	MT	HIGHWAY PATROL HELENA	RIFLE,7.62 MILLIMETER	1990-05-03	138.0	1	Each	patrol	10	05	00	5891271	not in file	1005-00-589-1271	not in file	not in file	D	1.0	State	not in file	not in file	not in file	not in file	1990Q2
DISP_AllStatesAndTerritories_03312020.xlsx[ALL]	MT	HIGHWAY PATROL HELENA	RIFLE,7.62 MILLIMETER	1990-05-03	138.0	1	Each	patrol	10	05	00	5891271	not in file	1005-00-589-1271	not in file	not in file	D	1.0	State	not in file	not in file	not in file	not in file	1990Q2
DISP_AllStatesAndTerritories_03312020.xlsx[ALL]	MT	HIGHWAY PATROL HELENA	RIFLE,7.62 MILLIMETER	1990-05-03	138.0	1	Each	patrol	10	05	00	5891271	not in file	1005-00-589-1271	not in file	not in file	D	1.0	State	not in file	not in file	not in file	not in file	1990Q2
DISP_AllStatesAndTerritories_03312020.xlsx[ALL]	MT	HIGHWAY PATROL HELENA	RIFLE,7.62 MILLIMETER	1990-05-03	138.0	1	Each	patrol	10	05	00	5891271	not in file	1005-00-589-1271	not in file	not in file	D	1.0	State	not in file	not in file	not in file	not in file	1990Q2
DISP_AllStatesAndTerritories_03312020.xlsx[ALL]	MT	HIGHWAY PATROL HELENA	RIFLE,7.62 MILLIMETER	1990-05-03	138.0	1	Each	patrol	10	05	00	5891271	not in file	1005-00-589-1271	not in file	not in file	D	1.0	State	not in file	not in file	not in file	not in file	1990Q2
DISP_AllStatesAndTerritories_03312020.xlsx[ALL]	MT	HIGHWAY PATROL HELENA	RIFLE,7.62 MILLIMETER	1990-05-03	138.0	1	Each	patrol	10	05	00	5891271	not in file	1005-00-589-1271	not in file	not in file	D	1.0	State	not in file	not in file	not in file	not in file	1990Q2
DISP_AllStatesAndTerritories_03312020.xlsx[ALL]	MT	HIGHWAY PATROL HELENA	RIFLE,7.62 MILLIMETER	1990-05-03	138.0	1	Each	patrol	10	05	00	5891271	not in file	1005-00-589-1271	not in file	not in file	D	1.0	State	not in file	not in file	not in file	not in file	1990Q2
DISP_AllStatesAndTerritories_03312020.xlsx[ALL]	MT	HIGHWAY PATROL HELENA	RIFLE,7.62 MILLIMETER	1990-05-03	138.0	1	Each	patrol	10	05	00	5891271	not in file	1005-00-589-1271	not in file	not in file	D	1.0	State	not in file	not in file	not in file	not in file	1990Q2
DISP_AllStatesAndTerritories_03312020.xlsx[ALL]	MT	HIGHWAY PATROL HELENA	RIFLE,7.62 MILLIMETER	1990-05-03	138.0	1	Each	patrol	10	05	00	5891271	not in file	1005-00-589-1271	not in file	not in file	D	1.0	State	not in file	not in file	not in file	not in file	1990Q2
DISP_AllStatesAndTerritories_03312020.xlsx[ALL]	MT	HIGHWAY PATROL HELENA	RIFLE,7.62 MILLIMETER	1990-05-03	138.0	1	Each	patrol	10	05	00	5891271	not in file	1005-00-589-1271	not in file	not in file	D	1.0	State	not in file	not in file	not in file	not in file	1990Q2
DISP_AllStatesAndTerritories_03312020.xlsx[ALL]	MT	HIGHWAY PATROL HELENA	RIFLE,7.62 MILLIMETER	1990-05-03	138.0	1	Each	patrol	10	05	00	5891271	not in file	1005-00-589-1271	not in file	not in file	D	1.0	State	not in file	not in file	not in file	not in file	1990Q2
DISP_AllStatesAndTerritories_03312020.xlsx[ALL]	MT	HIGHWAY PATROL HELENA	RIFLE,7.62 MILLIMETER	1990-05-03	138.0	1	Each	patrol	10	05	00	5891271	not in file	1005-00-589-1271	not in file	not in file	D	1.0	State	not in file	not in file	not in file	not in file	1990Q2
DISP_AllStatesAndTerritories_03312020.xlsx[ALL]	MT	HIGHWAY PATROL HELENA	RIFLE,7.62 MILLIMETER	1990-05-03	138.0	1	Each	patrol	10	05	00	5891271	not in file	1005-00-589-1271	not in file	not in file	D	1.0	State	not in file	not in file	not in file	not in file	1990Q2
DISP_AllStatesAndTerritories_03312020.xlsx[ALL]	MT	HIGHWAY PATROL HELENA	RIFLE,7.62 MILLIMETER	1990-05-03	138.0	1	Each	patrol	10	05	00	5891271	not in file	1005-00-589-1271	not in file	not in file	D	1.0	State	not in file	not in file	not in file	not in file	1990Q2
DISP_AllStatesAndTerritories_03312020.xlsx[ALL]	MT	HIGHWAY PATROL HELENA	RIFLE,7.62 MILLIMETER	1990-05-03	138.0	1	Each	patrol	10	05	00	5891271	not in file	1005-00-589-1271	not in file	not in file	D	1.0	State	not in file	not in file	not in file	not in file	1990Q2
DISP_AllStatesAndTerritories_03312020.xlsx[ALL]	MT	HIGHWAY PATROL HELENA	RIFLE,7.62 MILLIMETER	1990-05-03	138.0	1	Each	patrol	10	05	00	5891271	not in file	1005-00-589-1271	not in file	not in file	D	1.0	State	not in file	not in file	not in file	not in file	1990Q2
DISP_AllStatesAndTerritories_03312020.xlsx[ALL]	MT	HIGHWAY PATROL HELENA	RIFLE,7.62 MILLIMETER	1990-05-03	138.0	1	Each	patrol	10	05	00	5891271	not in file	1005-00-589-1271	not in file	not in file	D	1.0	State	not in file	not in file	not in file	not in file	1990Q2
DISP_AllStatesAndTerritories_03312020.xlsx[ALL]	MT	HIGHWAY PATROL HELENA	RIFLE,7.62 MILLIMETER	1990-05-03	138.0	1	Each	patrol	10	05	00	5891271	not in file	1005-00-589-1271	not in file	not in file	D	1.0	State	not in file	not in file	not in file	not in file	1990Q2
DISP_AllStatesAndTerritories_03312020.xlsx[ALL]	MT	HIGHWAY PATROL HELENA	RIFLE,7.62 MILLIMETER	1990-05-03	138.0	1	Each	patrol	10	05	00	5891271	not in file	1005-00-589-1271	not in file	not in file	D	1.0	State	not in file	not in file	not in file	not in file	1990Q2
DISP_AllStatesAndTerritories_03312020.xlsx[ALL]	MT	HIGHWAY PATROL HELENA	RIFLE,7.62 MILLIMETER	1990-05-03	138.0	1	Each	patrol	10	05	00	5891271	not in file	1005-00-589-1271	not in file	not in file	D	1.0	State	not in file	not in file	not in file	not in file	1990Q2
DISP_AllStatesAndTerritories_03312020.xlsx[ALL]	MT	HIGHWAY PATROL HELENA	RIFLE,7.62 MILLIMETER	1990-05-03	138.0	1	Each	patrol	10	05	00	5891271	not in file	1005-00-589-1271	not in file	not in file	D	1.0	State	not in file	not in file	not in file	not in file	1990Q2
DISP_AllStatesAndTerritories_03312020.xlsx[ALL]	MT	HIGHWAY PATROL HELENA	RIFLE,7.62 MILLIMETER	1990-05-03	138.0	1	Each	patrol	10	05	00	5891271	not in file	1005-00-589-1271	not in file	not in file	D	1.0	State	not in file	not in file	not in file	not in file	1990Q2
DISP_AllStatesAndTerritories_03312020.xlsx[ALL]	MT	HIGHWAY PATROL HELENA	RIFLE,7.62 MILLIMETER	1990-05-03	138.0	1	Each	patrol	10	05	00	5891271	not in file	1005-00-589-1271	not in file	not in file	D	1.0	State	not in file	not in file	not in file	not in file	1990Q2
DISP_AllStatesAndTerritories_03312020.xlsx[ALL]	MT	HIGHWAY PATROL HELENA	RIFLE,7.62 MILLIMETER	1990-05-03	138.0	1	Each	patrol	10	05	00	5891271	not in file	1005-00-589-1271	not in file	not in file	D	1.0	State	not in file	not in file	not in file	not in file	1990Q2
DISP_AllStatesAndTerritories_03312020.xlsx[ALL]	MT	HIGHWAY PATROL HELENA	RIFLE,7.62 MILLIMETER	1990-05-03	138.0	1	Each	patrol	10	05	00	5891271	not in file	1005-00-589-1271	not in file	not in file	D	1.0	State	not in file	not in file	not in file	not in file	1990Q2
DISP_AllStatesAndTerritories_03312020.xlsx[ALL]	MT	HIGHWAY PATROL HELENA	RIFLE,7.62 MILLIMETER	1990-05-03	138.0	1	Each	patrol	10	05	00	5891271	not in file	1005-00-589-1271	not in file	not in file	D	1.0	State	not in file	not in file	not in file	not in file	1990Q2
DISP_AllStatesAndTerritories_03312020.xlsx[ALL]	MT	HIGHWAY PATROL HELENA	RIFLE,7.62 MILLIMETER	1990-05-03	138.0	1	Each	patrol	10	05	00	5891271	not in file	1005-00-589-1271	not in file	not in file	D	1.0	State	not in file	not in file	not in file	not in file	1990Q2
DISP_AllStatesAndTerritories_03312020.xlsx[ALL]	MT	HIGHWAY PATROL HELENA	RIFLE,7.62 MILLIMETER	1990-05-03	138.0	1	Each	patrol	10	05	00	5891271	not in file	1005-00-589-1271	not in file	not in file	D	1.0	State	not in file	not in file	not in file	not in file	1990Q2
DISP_AllStatesAndTerritories_03312020.xlsx[ALL]	MT	HIGHWAY PATROL HELENA	RIFLE,7.62 MILLIMETER	1990-05-03	138.0	1	Each	patrol	10	05	00	5891271	not in file	1005-00-589-1271	not in file	not in file	D	1.0	State	not in file	not in file	not in file	not in file	1990Q2
DISP_AllStatesAndTerritories_03312020.xlsx[ALL]	MT	HIGHWAY PATROL HELENA	RIFLE,7.62 MILLIMETER	1990-05-03	138.0	1	Each	patrol	10	05	00	5891271	not in file	1005-00-589-1271	not in file	not in file	D	1.0	State	not in file	not in file	not in file	not in file	1990Q2
DISP_AllStatesAndTerritories_03312020.xlsx[ALL]	MT	HIGHWAY PATROL HELENA	RIFLE,7.62 MILLIMETER	1990-05-03	138.0	1	Each	patrol	10	05	00	5891271	not in file	1005-00-589-1271	not in file	not in file	D	1.0	State	not in file	not in file	not in file	not in file	1990Q2
DISP_AllStatesAndTerritories_03312020.xlsx[ALL]	MT	HIGHWAY PATROL HELENA	RIFLE,7.62 MILLIMETER	1990-05-03	138.0	1	Each	patrol	10	05	00	5891271	not in file	1005-00-589-1271	not in file	not in file	D	1.0	State	not in file	not in file	not in file	not in file	1990Q2
DISP_AllStatesAndTerritories_03312020.xlsx[ALL]	MT	HIGHWAY PATROL HELENA	RIFLE,7.62 MILLIMETER	1990-05-03	138.0	1	Each	patrol	10	05	00	5891271	not in file	1005-00-589-1271	not in file	not in file	D	1.0	State	not in file	not in file	not in file	not in file	1990Q2
DISP_AllStatesAndTerritories_03312020.xlsx[ALL]	MT	HIGHWAY PATROL HELENA	RIFLE,7.62 MILLIMETER	1990-05-03	138.0	1	Each	patrol	10	05	00	5891271	not in file	1005-00-589-1271	not in file	not in file	D	1.0	State	not in file	not in file	not in file	not in file	1990Q2
DISP_AllStatesAndTerritories_03312020.xlsx[ALL]	MT	HIGHWAY PATROL HELENA	RIFLE,7.62 MILLIMETER	1990-05-03	138.0	1	Each	patrol	10	05	00	5891271	not in file	1005-00-589-1271	not in file	not in file	D	1.0	State	not in file	not in file	not in file	not in file	1990Q2
DISP_AllStatesAndTerritories_03312020.xlsx[ALL]	MT	HIGHWAY PATROL HELENA	RIFLE,7.62 MILLIMETER	1990-05-03	138.0	1	Each	patrol	10	05	00	5891271	not in file	1005-00-589-1271	not in file	not in file	D	1.0	State	not in file	not in file	not in file	not in file	1990Q2
DISP_AllStatesAndTerritories_03312020.xlsx[ALL]	MT	HIGHWAY PATROL HELENA	RIFLE,7.62 MILLIMETER	1990-05-03	138.0	1	Each	patrol	10	05	00	5891271	not in file	1005-00-589-1271	not in file	not in file	D	1.0	State	not in file	not in file	not in file	not in file	1990Q2
DISP_AllStatesAndTerritories_03312020.xlsx[ALL]	MT	HIGHWAY PATROL HELENA	RIFLE,7.62 MILLIMETER	1990-05-03	138.0	1	Each	patrol	10	05	00	5891271	not in file	1005-00-589-1271	not in file	not in file	D	1.0	State	not in file	not in file	not in file	not in file	1990Q2
DISP_AllStatesAndTerritories_03312020.xlsx[ALL]	MT	HIGHWAY PATROL HELENA	RIFLE,7.62 MILLIMETER	1990-05-03	138.0	1	Each	patrol	10	05	00	5891271	not in file	1005-00-589-1271	not in file	not in file	D	1.0	State	not in file	not in file	not in file	not in file	1990Q2
DISP_AllStatesAndTerritories_03312020.xlsx[ALL]	MT	HIGHWAY PATROL HELENA	RIFLE,7.62 MILLIMETER	1990-05-03	138.0	1	Each	patrol	10	05	00	5891271	not in file	1005-00-589-1271	not in file	not in file	D	1.0	State	not in file	not in file	not in file	not in file	1990Q2
DISP_AllStatesAndTerritories_03312020.xlsx[ALL]	MT	HIGHWAY PATROL HELENA	RIFLE,7.62 MILLIMETER	1990-05-03	138.0	1	Each	patrol	10	05	00	5891271	not in file	1005-00-589-1271	not in file	not in file	D	1.0	State	not in file	not in file	not in file	not in file	1990Q2
DISP_AllStatesAndTerritories_03312020.xlsx[ALL]	MT	HIGHWAY PATROL HELENA	RIFLE,7.62 MILLIMETER	1990-05-03	138.0	1	Each	patrol	10	05	00	5891271	not in file	1005-00-589-1271	not in file	not in file	D	1.0	State	not in file	not in file	not in file	not in file	1990Q2
DISP_AllStatesAndTerritories_03312020.xlsx[ALL]	MT	HIGHWAY PATROL HELENA	RIFLE,7.62 MILLIMETER	1990-05-03	138.0	1	Each	patrol	10	05	00	5891271	not in file	1005-00-589-1271	not in file	not in file	D	1.0	State	not in file	not in file	not in file	not in file	1990Q2
DISP_AllStatesAndTerritories_03312020.xlsx[ALL]	MT	HIGHWAY PATROL HELENA	RIFLE,7.62 MILLIMETER	1990-05-03	138.0	1	Each	patrol	10	05	00	5891271	not in file	1005-00-589-1271	not in file	not in file	D	1.0	State	not in file	not in file	not in file	not in file	1990Q2
DISP_AllStatesAndTerritories_03312020.xlsx[ALL]	MT	HIGHWAY PATROL HELENA	RIFLE,7.62 MILLIMETER	1990-05-03	138.0	1	Each	patrol	10	05	00	5891271	not in file	1005-00-589-1271	not in file	not in file	D	1.0	State	not in file	not in file	not in file	not in file	1990Q2
DISP_AllStatesAndTerritories_03312020.xlsx[ALL]	MT	HIGHWAY PATROL HELENA	RIFLE,7.62 MILLIMETER	1990-05-03	138.0	1	Each	patrol	10	05	00	5891271	not in file	1005-00-589-1271	not in file	not in file	D	1.0	State	not in file	not in file	not in file	not in file	1990Q2
DISP_AllStatesAndTerritories_03312020.xlsx[ALL]	MT	HIGHWAY PATROL HELENA	RIFLE,7.62 MILLIMETER	1990-05-03	138.0	1	Each	patrol	10	05	00	5891271	not in file	1005-00-589-1271	not in file	not in file	D	1.0	State	not in file	not in file	not in file	not in file	1990Q2
DISP_AllStatesAndTerritories_03312020.xlsx[ALL]	MT	HIGHWAY PATROL HELENA	RIFLE,7.62 MILLIMETER	1990-05-03	138.0	1	Each	patrol	10	05	00	5891271	not in file	1005-00-589-1271	not in file	not in file	D	1.0	State	not in file	not in file	not in file	not in file	1990Q2
DISP_AllStatesAndTerritories_03312020.xlsx[ALL]	MT	HIGHWAY PATROL HELENA	RIFLE,7.62 MILLIMETER	1990-05-03	138.0	1	Each	patrol	10	05	00	5891271	not in file	1005-00-589-1271	not in file	not in file	D	1.0	State	not in file	not in file	not in file	not in file	1990Q2
DISP_AllStatesAndTerritories_03312020.xlsx[ALL]	MT	HIGHWAY PATROL HELENA	RIFLE,7.62 MILLIMETER	1990-05-03	138.0	1	Each	patrol	10	05	00	5891271	not in file	1005-00-589-1271	not in file	not in file	D	1.0	State	not in file	not in file	not in file	not in file	1990Q2
DISP_AllStatesAndTerritories_03312020.xlsx[ALL]	MT	HIGHWAY PATROL HELENA	RIFLE,7.62 MILLIMETER	1990-05-03	138.0	1	Each	patrol	10	05	00	5891271	not in file	1005-00-589-1271	not in file	not in file	D	1.0	State	not in file	not in file	not in file	not in file	1990Q2
DISP_AllStatesAndTerritories_03312020.xlsx[ALL]	MT	HIGHWAY PATROL HELENA	RIFLE,7.62 MILLIMETER	1990-05-03	138.0	1	Each	patrol	10	05	00	5891271	not in file	1005-00-589-1271	not in file	not in file	D	1.0	State	not in file	not in file	not in file	not in file	1990Q2
DISP_AllStatesAndTerritories_03312020.xlsx[ALL]	MT	MISSOULA POLICE DEPT	RIFLE,7.62 MILLIMETER	1990-05-03	138.0	1	Each	police	10	05	00	5891271	not in file	1005-00-589-1271	not in file	not in file	D	1.0	State	not in file	not in file	not in file	not in file	1990Q2
DISP_AllStatesAndTerritories_03312020.xlsx[ALL]	MT	MISSOULA POLICE DEPT	RIFLE,7.62 MILLIMETER	1990-05-03	138.0	1	Each	police	10	05	00	5891271	not in file	1005-00-589-1271	not in file	not in file	D	1.0	State	not in file	not in file	not in file	not in file	1990Q2
DISP_AllStatesAndTerritories_03312020.xlsx[ALL]	MT	MISSOULA POLICE DEPT	RIFLE,7.62 MILLIMETER	1990-05-03	138.0	1	Each	police	10	05	00	5891271	not in file	1005-00-589-1271	not in file	not in file	D	1.0	State	not in file	not in file	not in file	not in file	1990Q2
DISP_AllStatesAndTerritories_03312020.xlsx[ALL]	MT	MISSOULA POLICE DEPT	RIFLE,7.62 MILLIMETER	1990-05-03	138.0	1	Each	police	10	05	00	5891271	not in file	1005-00-589-1271	not in file	not in file	D	1.0	State	not in file	not in file	not in file	not in file	1990Q2
DISP_AllStatesAndTerritories_03312020.xlsx[ALL]	MT	MISSOULA POLICE DEPT	RIFLE,7.62 MILLIMETER	1990-05-03	138.0	1	Each	police	10	05	00	5891271	not in file	1005-00-589-1271	not in file	not in file	D	1.0	State	not in file	not in file	not in file	not in file	1990Q2
DISP_AllStatesAndTerritories_03312020.xlsx[ALL]	MT	MISSOULA POLICE DEPT	RIFLE,7.62 MILLIMETER	1990-05-03	138.0	1	Each	police	10	05	00	5891271	not in file	1005-00-589-1271	not in file	not in file	D	1.0	State	not in file	not in file	not in file	not in file	1990Q2
DISP_AllStatesAndTerritories_03312020.xlsx[ALL]	MT	MISSOULA POLICE DEPT	RIFLE,7.62 MILLIMETER	1990-05-03	138.0	1	Each	police	10	05	00	5891271	not in file	1005-00-589-1271	not in file	not in file	D	1.0	State	not in file	not in file	not in file	not in file	1990Q2
DISP_AllStatesAndTerritories_03312020.xlsx[ALL]	MT	MISSOULA POLICE DEPT	RIFLE,7.62 MILLIMETER	1990-05-03	138.0	1	Each	police	10	05	00	5891271	not in file	1005-00-589-1271	not in file	not in file	D	1.0	State	not in file	not in file	not in file	not in file	1990Q2
DISP_AllStatesAndTerritories_03312020.xlsx[ALL]	MT	MISSOULA POLICE DEPT	RIFLE,7.62 MILLIMETER	1990-05-03	138.0	1	Each	police	10	05	00	5891271	not in file	1005-00-589-1271	not in file	not in file	D	1.0	State	not in file	not in file	not in file	not in file	1990Q2
DISP_AllStatesAndTerritories_03312020.xlsx[ALL]	MT	MISSOULA POLICE DEPT	RIFLE,7.62 MILLIMETER	1990-05-03	138.0	1	Each	police	10	05	00	5891271	not in file	1005-00-589-1271	not in file	not in file	D	1.0	State	not in file	not in file	not in file	not in file	1990Q2
DISP_AllStatesAndTerritories_03312020.xlsx[ALL]	MT	MISSOULA POLICE DEPT	RIFLE,7.62 MILLIMETER	1990-05-03	138.0	1	Each	police	10	05	00	5891271	not in file	1005-00-589-1271	not in file	not in file	D	1.0	State	not in file	not in file	not in file	not in file	1990Q2
DISP_AllStatesAndTerritories_03312020.xlsx[ALL]	MT	MISSOULA POLICE DEPT	RIFLE,7.62 MILLIMETER	1990-05-03	138.0	1	Each	police	10	05	00	5891271	not in file	1005-00-589-1271	not in file	not in file	D	1.0	State	not in file	not in file	not in file	not in file	1990Q2
DISP_AllStatesAndTerritories_03312020.xlsx[ALL]	MT	PETROLEUM CTY SHERIFF DEPT	RIFLE,7.62 MILLIMETER	1990-05-03	138.0	1	Each	sheriff	10	05	00	5891271	not in file	1005-00-589-1271	not in file	not in file	D	1.0	State	not in file	not in file	not in file	not in file	1990Q2
DISP_AllStatesAndTerritories_03312020.xlsx[ALL]	MT	PETROLEUM CTY SHERIFF DEPT	RIFLE,7.62 MILLIMETER	1990-05-03	138.0	1	Each	sheriff	10	05	00	5891271	not in file	1005-00-589-1271	not in file	not in file	D	1.0	State	not in file	not in file	not in file	not in file	1990Q2
DISP_AllStatesAndTerritories_03312020.xlsx[ALL]	MT	PETROLEUM CTY SHERIFF DEPT	RIFLE,7.62 MILLIMETER	1990-05-03	138.0	1	Each	sheriff	10	05	00	5891271	not in file	1005-00-589-1271	not in file	not in file	D	1.0	State	not in file	not in file	not in file	not in file	1990Q2
DISP_AllStatesAndTerritories_03312020.xlsx[ALL]	MT	PETROLEUM CTY SHERIFF DEPT	RIFLE,7.62 MILLIMETER	1990-05-03	138.0	1	Each	sheriff	10	05	00	5891271	not in file	1005-00-589-1271	not in file	not in file	D	1.0	State	not in file	not in file	not in file	not in file	1990Q2
DISP_AllStatesAndTerritories_03312020.xlsx[ALL]	MT	PETROLEUM CTY SHERIFF DEPT	RIFLE,7.62 MILLIMETER	1990-05-03	138.0	1	Each	sheriff	10	05	00	5891271	not in file	1005-00-589-1271	not in file	not in file	D	1.0	State	not in file	not in file	not in file	not in file	1990Q2
DISP_AllStatesAndTerritories_03312020.xlsx[ALL]	MT	PETROLEUM CTY SHERIFF DEPT	RIFLE,7.62 MILLIMETER	1990-05-03	138.0	1	Each	sheriff	10	05	00	5891271	not in file	1005-00-589-1271	not in file	not in file	D	1.0	State	not in file	not in file	not in file	not in file	1990Q2
DISP_AllStatesAndTerritories_03312020.xlsx[ALL]	MT	POWDER RIVER CTY SHERIFF DEPT	RIFLE,7.62 MILLIMETER	1990-05-03	138.0	1	Each	sheriff	10	05	00	5891271	not in file	1005-00-589-1271	not in file	not in file	D	1.0	State	not in file	not in file	not in file	not in file	1990Q2
DISP_AllStatesAndTerritories_03312020.xlsx[ALL]	MT	POWDER RIVER CTY SHERIFF DEPT	RIFLE,7.62 MILLIMETER	1990-05-03	138.0	1	Each	sheriff	10	05	00	5891271	not in file	1005-00-589-1271	not in file	not in file	D	1.0	State	not in file	not in file	not in file	not in file	1990Q2
DISP_AllStatesAndTerritories_03312020.xlsx[ALL]	MT	POWDER RIVER CTY SHERIFF DEPT	RIFLE,7.62 MILLIMETER	1990-05-03	138.0	1	Each	sheriff	10	05	00	5891271	not in file	1005-00-589-1271	not in file	not in file	D	1.0	State	not in file	not in file	not in file	not in file	1990Q2
