OriginatingFile	StateAbbreviation	RequestingAgency	ItemDescription	RecordDate	AcquisitionValue	Quantity	UnitIncrement	AgencyType	Item_FSG	Item_FSC	Item_CC	Item_Code	Justification	NSN	FSC	NIIN	DEMILCode	DEMILIC	StationType	RequisitionID	CancelledBy	RTDRef	ReasonCancelled	Quarter
DISP_AllStatesAndTerritories_06302020.xlsx[ALL]	AR	DE QUEEN POLICE DEPT	RIFLE,5.56 MILLIMETER	2001-09-11	499.0	1	Each	police	10	05	00	0739421	not in file	1005-00-073-9421	not in file	not in file	D	1.0	State	not in file	not in file	not in file	not in file	2001Q3
DISP_AllStatesAndTerritories_06302020.xlsx[ALL]	CA	FRESNO CO SHERIFF / CORONERS OFFICE	SCOPE NIGHT VISION	2001-07-10	3489.0	1	Each	sheriff	58	55	00	9371661	not in file	5855-00-937-1661	not in file	not in file	C	1.0	State	not in file	not in file	not in file	not in file	2001Q3
DISP_AllStatesAndTerritories_06302020.xlsx[ALL]	CA	PLACER COUNTY SHERIFF OFFICE	TRUCK,UTILITY	2001-09-24	49897.0	1	Each	sheriff	23	20	01	1289552	not in file	2320-01-128-9552	not in file	not in file	C	1.0	State	not in file	not in file	not in file	not in file	2001Q3
DISP_AllStatesAndTerritories_06302020.xlsx[ALL]	CA	RIVERSIDE POLICE DEPT	NIGHT VISION SIGHT ASSEMBLY	2001-09-10	3207.0	1	Each	police	58	55	01	0177366	not in file	5855-01-017-7366	not in file	not in file	F	1.0	State	not in file	not in file	not in file	not in file	2001Q3
DISP_AllStatesAndTerritories_06302020.xlsx[ALL]	CA	RIVERSIDE POLICE DEPT	NIGHT VISION SIGHT ASSEMBLY	2001-09-10	3207.0	1	Each	police	58	55	01	0177366	not in file	5855-01-017-7366	not in file	not in file	F	1.0	State	not in file	not in file	not in file	not in file	2001Q3
DISP_AllStatesAndTerritories_06302020.xlsx[ALL]	CA	RIVERSIDE POLICE DEPT	NIGHT VISION SIGHT ASSEMBLY	2001-09-10	3207.0	1	Each	police	58	55	01	0177366	not in file	5855-01-017-7366	not in file	not in file	F	1.0	State	not in file	not in file	not in file	not in file	2001Q3
DISP_AllStatesAndTerritories_06302020.xlsx[ALL]	CA	RIVERSIDE POLICE DEPT	NIGHT VISION SIGHT ASSEMBLY	2001-09-10	3207.0	1	Each	police	58	55	01	0177366	not in file	5855-01-017-7366	not in file	not in file	F	1.0	State	not in file	not in file	not in file	not in file	2001Q3
DISP_AllStatesAndTerritories_06302020.xlsx[ALL]	CA	RIVERSIDE POLICE DEPT	NIGHT VISION SIGHT ASSEMBLY	2001-09-10	3207.0	1	Each	police	58	55	01	0177366	not in file	5855-01-017-7366	not in file	not in file	F	1.0	State	not in file	not in file	not in file	not in file	2001Q3
DISP_AllStatesAndTerritories_06302020.xlsx[ALL]	CA	RIVERSIDE POLICE DEPT	NIGHT VISION SIGHT ASSEMBLY	2001-09-10	3207.0	1	Each	police	58	55	01	0177366	not in file	5855-01-017-7366	not in file	not in file	F	1.0	State	not in file	not in file	not in file	not in file	2001Q3
DISP_AllStatesAndTerritories_06302020.xlsx[ALL]	CA	RIVERSIDE POLICE DEPT	NIGHT VISION SIGHT ASSEMBLY	2001-09-10	3207.0	1	Each	police	58	55	01	0177366	not in file	5855-01-017-7366	not in file	not in file	F	1.0	State	not in file	not in file	not in file	not in file	2001Q3
DISP_AllStatesAndTerritories_06302020.xlsx[ALL]	CA	RIVERSIDE POLICE DEPT	NIGHT VISION SIGHT ASSEMBLY	2001-09-10	3207.0	1	Each	police	58	55	01	0177366	not in file	5855-01-017-7366	not in file	not in file	F	1.0	State	not in file	not in file	not in file	not in file	2001Q3
DISP_AllStatesAndTerritories_06302020.xlsx[ALL]	CA	RIVERSIDE POLICE DEPT	NIGHT VISION SIGHT ASSEMBLY	2001-09-10	3207.0	1	Each	police	58	55	01	0177366	not in file	5855-01-017-7366	not in file	not in file	F	1.0	State	not in file	not in file	not in file	not in file	2001Q3
DISP_AllStatesAndTerritories_06302020.xlsx[ALL]	CA	RIVERSIDE POLICE DEPT	NIGHT VISION SIGHT	2001-09-10	825.58	1	Each	police	58	55	00	4090915	not in file	5855-00-409-0915	not in file	not in file	F	1.0	State	not in file	not in file	not in file	not in file	2001Q3
DISP_AllStatesAndTerritories_06302020.xlsx[ALL]	CA	RIVERSIDE POLICE DEPT	NIGHT VISION SIGHT	2001-09-10	2350.0	1	Each	police	58	55	00	1793708	not in file	5855-00-179-3708	not in file	not in file	F	1.0	State	not in file	not in file	not in file	not in file	2001Q3
DISP_AllStatesAndTerritories_06302020.xlsx[ALL]	CA	RIVERSIDE POLICE DEPT	SIGHT	2001-09-10	2420.6	1	Each	police	58	55	00	4002619	not in file	5855-00-400-2619	not in file	not in file	F		State	not in file	not in file	not in file	not in file	2001Q3
DISP_AllStatesAndTerritories_06302020.xlsx[ALL]	CA	SACRAMENTO COUNTY SHERIFF DEPT	TRUCK,UTILITY	2001-08-09	49897.0	1	Each	sheriff	23	20	01	1289552	not in file	2320-01-128-9552	not in file	not in file	C	1.0	State	not in file	not in file	not in file	not in file	2001Q3
DISP_AllStatesAndTerritories_06302020.xlsx[ALL]	CA	SANTA BARBARA COUNTY SHERIFF OFFICE	VIEWER,NIGHT VISION	2001-07-25	4105.0	1	Each	sheriff	58	55	00	1501820	not in file	5855-00-150-1820	not in file	not in file	F	1.0	State	not in file	not in file	not in file	not in file	2001Q3
DISP_AllStatesAndTerritories_06302020.xlsx[ALL]	CA	SANTA BARBARA COUNTY SHERIFF OFFICE	VIEWER,NIGHT VISION	2001-07-25	4105.0	1	Each	sheriff	58	55	00	1501820	not in file	5855-00-150-1820	not in file	not in file	F	1.0	State	not in file	not in file	not in file	not in file	2001Q3
DISP_AllStatesAndTerritories_06302020.xlsx[ALL]	CA	SANTA BARBARA COUNTY SHERIFF OFFICE	VIEWER,NIGHT VISION	2001-07-25	4105.0	1	Each	sheriff	58	55	00	1501820	not in file	5855-00-150-1820	not in file	not in file	F	1.0	State	not in file	not in file	not in file	not in file	2001Q3
DISP_AllStatesAndTerritories_06302020.xlsx[ALL]	CA	SANTA BARBARA COUNTY SHERIFF OFFICE	VIEWER,NIGHT VISION	2001-07-25	4105.0	1	Each	sheriff	58	55	00	1501820	not in file	5855-00-150-1820	not in file	not in file	F	1.0	State	not in file	not in file	not in file	not in file	2001Q3
DISP_AllStatesAndTerritories_06302020.xlsx[ALL]	CA	SANTA BARBARA COUNTY SHERIFF OFFICE	VIEWER,NIGHT VISION	2001-07-25	4105.0	1	Each	sheriff	58	55	00	1501820	not in file	5855-00-150-1820	not in file	not in file	F	1.0	State	not in file	not in file	not in file	not in file	2001Q3
DISP_AllStatesAndTerritories_06302020.xlsx[ALL]	CA	SANTA BARBARA COUNTY SHERIFF OFFICE	VIEWER,NIGHT VISION	2001-07-25	4105.0	1	Each	sheriff	58	55	00	1501820	not in file	5855-00-150-1820	not in file	not in file	F	1.0	State	not in file	not in file	not in file	not in file	2001Q3
DISP_AllStatesAndTerritories_06302020.xlsx[ALL]	CA	SANTA BARBARA COUNTY SHERIFF OFFICE	VIEWER,NIGHT VISION	2001-07-25	4105.0	1	Each	sheriff	58	55	00	1501820	not in file	5855-00-150-1820	not in file	not in file	F	1.0	State	not in file	not in file	not in file	not in file	2001Q3
DISP_AllStatesAndTerritories_06302020.xlsx[ALL]	CA	SANTA BARBARA COUNTY SHERIFF OFFICE	VIEWER,NIGHT VISION	2001-07-25	4105.0	1	Each	sheriff	58	55	00	1501820	not in file	5855-00-150-1820	not in file	not in file	F	1.0	State	not in file	not in file	not in file	not in file	2001Q3
DISP_AllStatesAndTerritories_06302020.xlsx[ALL]	CA	SANTA BARBARA COUNTY SHERIFF OFFICE	VIEWER,NIGHT VISION	2001-07-25	4105.0	1	Each	sheriff	58	55	00	1501820	not in file	5855-00-150-1820	not in file	not in file	F	1.0	State	not in file	not in file	not in file	not in file	2001Q3
DISP_AllStatesAndTerritories_06302020.xlsx[ALL]	CA	SANTA BARBARA COUNTY SHERIFF OFFICE	NIGHT VISION GOGGLE	2001-07-25	7621.0	1	Each	sheriff	58	55	01	2280939	not in file	5855-01-228-0939	not in file	not in file	F	1.0	State	not in file	not in file	not in file	not in file	2001Q3
DISP_AllStatesAndTerritories_06302020.xlsx[ALL]	GA	TELFAIR CSO	RIFLE,7.62 MILLIMETER	2001-08-16	138.0	1	Each	community outreach	10	05	00	5891271	not in file	1005-00-589-1271	not in file	not in file	D	1.0	State	not in file	not in file	not in file	not in file	2001Q3
DISP_AllStatesAndTerritories_06302020.xlsx[ALL]	GA	TELFAIR CSO	RIFLE,7.62 MILLIMETER	2001-08-16	138.0	1	Each	community outreach	10	05	00	5891271	not in file	1005-00-589-1271	not in file	not in file	D	1.0	State	not in file	not in file	not in file	not in file	2001Q3
DISP_AllStatesAndTerritories_06302020.xlsx[ALL]	GA	TELFAIR CSO	RIFLE,7.62 MILLIMETER	2001-08-16	138.0	1	Each	community outreach	10	05	00	5891271	not in file	1005-00-589-1271	not in file	not in file	D	1.0	State	not in file	not in file	not in file	not in file	2001Q3
DISP_AllStatesAndTerritories_06302020.xlsx[ALL]	GA	TOCCOA POLICE DEPARTMENT	RIFLE,7.62 MILLIMETER	2001-07-06	138.0	1	Each	police	10	05	00	5891271	not in file	1005-00-589-1271	not in file	not in file	D	1.0	State	not in file	not in file	not in file	not in file	2001Q3
DISP_AllStatesAndTerritories_06302020.xlsx[ALL]	GA	WARE COUNTY SHERIFF DEPT	RIFLE,7.62 MILLIMETER	2001-07-06	138.0	1	Each	sheriff	10	05	00	5891271	not in file	1005-00-589-1271	not in file	not in file	D	1.0	State	not in file	not in file	not in file	not in file	2001Q3
DISP_AllStatesAndTerritories_06302020.xlsx[ALL]	GA	WARE COUNTY SHERIFF DEPT	RIFLE,7.62 MILLIMETER	2001-07-06	138.0	1	Each	sheriff	10	05	00	5891271	not in file	1005-00-589-1271	not in file	not in file	D	1.0	State	not in file	not in file	not in file	not in file	2001Q3
DISP_AllStatesAndTerritories_06302020.xlsx[ALL]	GA	WARE COUNTY SHERIFF DEPT	PISTOL,CALIBER .45,AUTOMATIC	2001-07-03	58.71	1	Each	sheriff	10	05	00	7265655	not in file	1005-00-726-5655	not in file	not in file	D	1.0	State	not in file	not in file	not in file	not in file	2001Q3
DISP_AllStatesAndTerritories_06302020.xlsx[ALL]	GA	WARE COUNTY SHERIFF DEPT	PISTOL,CALIBER .45,AUTOMATIC	2001-07-03	58.71	1	Each	sheriff	10	05	00	7265655	not in file	1005-00-726-5655	not in file	not in file	D	1.0	State	not in file	not in file	not in file	not in file	2001Q3
DISP_AllStatesAndTerritories_06302020.xlsx[ALL]	GA	WARE COUNTY SHERIFF DEPT	PISTOL,CALIBER .45,AUTOMATIC	2001-07-03	58.71	1	Each	sheriff	10	05	00	7265655	not in file	1005-00-726-5655	not in file	not in file	D	1.0	State	not in file	not in file	not in file	not in file	2001Q3
DISP_AllStatesAndTerritories_06302020.xlsx[ALL]	ID	FREMONT COUNTY SHERIFF DEPT	RIFLE,7.62 MILLIMETER	2001-07-06	138.0	1	Each	sheriff	10	05	00	5891271	not in file	1005-00-589-1271	not in file	not in file	D	1.0	State	not in file	not in file	not in file	not in file	2001Q3
DISP_AllStatesAndTerritories_06302020.xlsx[ALL]	ID	FREMONT COUNTY SHERIFF DEPT	RIFLE,7.62 MILLIMETER	2001-07-06	138.0	1	Each	sheriff	10	05	00	5891271	not in file	1005-00-589-1271	not in file	not in file	D	1.0	State	not in file	not in file	not in file	not in file	2001Q3
DISP_AllStatesAndTerritories_06302020.xlsx[ALL]	ID	FREMONT COUNTY SHERIFF DEPT	RIFLE,7.62 MILLIMETER	2001-07-06	138.0	1	Each	sheriff	10	05	00	5891271	not in file	1005-00-589-1271	not in file	not in file	D	1.0	State	not in file	not in file	not in file	not in file	2001Q3
DISP_AllStatesAndTerritories_06302020.xlsx[ALL]	IL	AROMA PARK POLICE DEPARTMENT	RIFLE,7.62 MILLIMETER	2001-07-06	138.0	1	Each	police	10	05	00	5891271	not in file	1005-00-589-1271	not in file	not in file	D	1.0	State	not in file	not in file	not in file	not in file	2001Q3
DISP_AllStatesAndTerritories_06302020.xlsx[ALL]	IL	AROMA PARK POLICE DEPARTMENT	RIFLE,7.62 MILLIMETER	2001-07-06	138.0	1	Each	police	10	05	00	5891271	not in file	1005-00-589-1271	not in file	not in file	D	1.0	State	not in file	not in file	not in file	not in file	2001Q3
DISP_AllStatesAndTerritories_06302020.xlsx[ALL]	IL	AROMA PARK POLICE DEPARTMENT	RIFLE,7.62 MILLIMETER	2001-07-06	138.0	1	Each	police	10	05	00	5891271	not in file	1005-00-589-1271	not in file	not in file	D	1.0	State	not in file	not in file	not in file	not in file	2001Q3
DISP_AllStatesAndTerritories_06302020.xlsx[ALL]	IL	DUPAGE COUNTY SHERIFF	RIFLE,7.62 MILLIMETER	2001-08-21	138.0	1	Each	sheriff	10	05	00	5891271	not in file	1005-00-589-1271	not in file	not in file	D	1.0	State	not in file	not in file	not in file	not in file	2001Q3
DISP_AllStatesAndTerritories_06302020.xlsx[ALL]	IL	DUPAGE COUNTY SHERIFF	RIFLE,7.62 MILLIMETER	2001-08-21	138.0	1	Each	sheriff	10	05	00	5891271	not in file	1005-00-589-1271	not in file	not in file	D	1.0	State	not in file	not in file	not in file	not in file	2001Q3
DISP_AllStatesAndTerritories_06302020.xlsx[ALL]	IL	DUPAGE COUNTY SHERIFF	RIFLE,7.62 MILLIMETER	2001-08-21	138.0	1	Each	sheriff	10	05	00	5891271	not in file	1005-00-589-1271	not in file	not in file	D	1.0	State	not in file	not in file	not in file	not in file	2001Q3
DISP_AllStatesAndTerritories_06302020.xlsx[ALL]	IL	DUPAGE COUNTY SHERIFF	RIFLE,7.62 MILLIMETER	2001-08-21	138.0	1	Each	sheriff	10	05	00	5891271	not in file	1005-00-589-1271	not in file	not in file	D	1.0	State	not in file	not in file	not in file	not in file	2001Q3
DISP_AllStatesAndTerritories_06302020.xlsx[ALL]	IL	DUPAGE COUNTY SHERIFF	RIFLE,7.62 MILLIMETER	2001-08-21	138.0	1	Each	sheriff	10	05	00	5891271	not in file	1005-00-589-1271	not in file	not in file	D	1.0	State	not in file	not in file	not in file	not in file	2001Q3
DISP_AllStatesAndTerritories_06302020.xlsx[ALL]	IL	ODIN POLICE DEPT	RIFLE,7.62 MILLIMETER	2001-08-16	138.0	1	Each	police	10	05	00	5891271	not in file	1005-00-589-1271	not in file	not in file	D	1.0	State	not in file	not in file	not in file	not in file	2001Q3
DISP_AllStatesAndTerritories_06302020.xlsx[ALL]	IL	ODIN POLICE DEPT	RIFLE,7.62 MILLIMETER	2001-08-16	138.0	1	Each	police	10	05	00	5891271	not in file	1005-00-589-1271	not in file	not in file	D	1.0	State	not in file	not in file	not in file	not in file	2001Q3
DISP_AllStatesAndTerritories_06302020.xlsx[ALL]	IL	STREATOR POLICE DEPT	RIFLE,7.62 MILLIMETER	2001-07-06	138.0	1	Each	police	10	05	00	5891271	not in file	1005-00-589-1271	not in file	not in file	D	1.0	State	not in file	not in file	not in file	not in file	2001Q3
DISP_AllStatesAndTerritories_06302020.xlsx[ALL]	IL	STREATOR POLICE DEPT	RIFLE,7.62 MILLIMETER	2001-07-06	138.0	1	Each	police	10	05	00	5891271	not in file	1005-00-589-1271	not in file	not in file	D	1.0	State	not in file	not in file	not in file	not in file	2001Q3
DISP_AllStatesAndTerritories_06302020.xlsx[ALL]	IL	STREATOR POLICE DEPT	RIFLE,7.62 MILLIMETER	2001-07-06	138.0	1	Each	police	10	05	00	5891271	not in file	1005-00-589-1271	not in file	not in file	D	1.0	State	not in file	not in file	not in file	not in file	2001Q3
DISP_AllStatesAndTerritories_06302020.xlsx[ALL]	IL	STREATOR POLICE DEPT	RIFLE,7.62 MILLIMETER	2001-07-06	138.0	1	Each	police	10	05	00	5891271	not in file	1005-00-589-1271	not in file	not in file	D	1.0	State	not in file	not in file	not in file	not in file	2001Q3
DISP_AllStatesAndTerritories_06302020.xlsx[ALL]	IL	VERNON HILLS POLICE DEPT	RIFLE,7.62 MILLIMETER	2001-07-06	138.0	1	Each	police	10	05	00	5891271	not in file	1005-00-589-1271	not in file	not in file	D	1.0	State	not in file	not in file	not in file	not in file	2001Q3
DISP_AllStatesAndTerritories_06302020.xlsx[ALL]	IL	VERNON HILLS POLICE DEPT	RIFLE,7.62 MILLIMETER	2001-07-06	138.0	1	Each	police	10	05	00	5891271	not in file	1005-00-589-1271	not in file	not in file	D	1.0	State	not in file	not in file	not in file	not in file	2001Q3
DISP_AllStatesAndTerritories_06302020.xlsx[ALL]	IL	VERNON HILLS POLICE DEPT	RIFLE,7.62 MILLIMETER	2001-07-06	138.0	1	Each	police	10	05	00	5891271	not in file	1005-00-589-1271	not in file	not in file	D	1.0	State	not in file	not in file	not in file	not in file	2001Q3
DISP_AllStatesAndTerritories_06302020.xlsx[ALL]	IL	VERNON HILLS POLICE DEPT	RIFLE,7.62 MILLIMETER	2001-07-06	138.0	1	Each	police	10	05	00	5891271	not in file	1005-00-589-1271	not in file	not in file	D	1.0	State	not in file	not in file	not in file	not in file	2001Q3
DISP_AllStatesAndTerritories_06302020.xlsx[ALL]	IN	BUTLER POLICE DEPTMENT	RIFLE,7.62 MILLIMETER	2001-08-20	138.0	1	Each	police	10	05	00	5891271	not in file	1005-00-589-1271	not in file	not in file	D	1.0	State	not in file	not in file	not in file	not in file	2001Q3
DISP_AllStatesAndTerritories_06302020.xlsx[ALL]	IN	BUTLER POLICE DEPTMENT	RIFLE,7.62 MILLIMETER	2001-08-20	138.0	1	Each	police	10	05	00	5891271	not in file	1005-00-589-1271	not in file	not in file	D	1.0	State	not in file	not in file	not in file	not in file	2001Q3
DISP_AllStatesAndTerritories_06302020.xlsx[ALL]	IN	CLARK COUNTY SHERIFF OFFICE	PISTOL,CALIBER .45,AUTOMATIC	2001-07-05	58.71	1	Each	sheriff	10	05	00	7265655	not in file	1005-00-726-5655	not in file	not in file	D	1.0	State	not in file	not in file	not in file	not in file	2001Q3
DISP_AllStatesAndTerritories_06302020.xlsx[ALL]	IN	GASTON POLICE DEPARTMENT	PISTOL,CALIBER .45,AUTOMATIC	2001-08-17	58.71	1	Each	police	10	05	00	7265655	not in file	1005-00-726-5655	not in file	not in file	D	1.0	State	not in file	not in file	not in file	not in file	2001Q3
DISP_AllStatesAndTerritories_06302020.xlsx[ALL]	IN	LOSANTVILLE POLICE DEPARTMENT	RIFLE,7.62 MILLIMETER	2001-08-20	138.0	1	Each	police	10	05	00	5891271	not in file	1005-00-589-1271	not in file	not in file	D	1.0	State	not in file	not in file	not in file	not in file	2001Q3
DISP_AllStatesAndTerritories_06302020.xlsx[ALL]	IN	OGDEN DUNES POLICE DEPT	RIFLE,7.62 MILLIMETER	2001-08-20	138.0	1	Each	police	10	05	00	5891271	not in file	1005-00-589-1271	not in file	not in file	D	1.0	State	not in file	not in file	not in file	not in file	2001Q3
DISP_AllStatesAndTerritories_06302020.xlsx[ALL]	IN	OGDEN DUNES POLICE DEPT	RIFLE,7.62 MILLIMETER	2001-08-20	138.0	1	Each	police	10	05	00	5891271	not in file	1005-00-589-1271	not in file	not in file	D	1.0	State	not in file	not in file	not in file	not in file	2001Q3
DISP_AllStatesAndTerritories_06302020.xlsx[ALL]	IN	OGDEN DUNES POLICE DEPT	RIFLE,7.62 MILLIMETER	2001-08-20	138.0	1	Each	police	10	05	00	5891271	not in file	1005-00-589-1271	not in file	not in file	D	1.0	State	not in file	not in file	not in file	not in file	2001Q3
DISP_AllStatesAndTerritories_06302020.xlsx[ALL]	IN	PALMYRA POLICE DEPT	RIFLE,7.62 MILLIMETER	2001-08-20	138.0	1	Each	police	10	05	00	5891271	not in file	1005-00-589-1271	not in file	not in file	D	1.0	State	not in file	not in file	not in file	not in file	2001Q3
DISP_AllStatesAndTerritories_06302020.xlsx[ALL]	IN	PORTAGE POLICE DEPT	RIFLE,7.62 MILLIMETER	2001-08-20	138.0	1	Each	police	10	05	00	5891271	not in file	1005-00-589-1271	not in file	not in file	D	1.0	State	not in file	not in file	not in file	not in file	2001Q3
DISP_AllStatesAndTerritories_06302020.xlsx[ALL]	IN	PORTAGE POLICE DEPT	RIFLE,7.62 MILLIMETER	2001-08-20	138.0	1	Each	police	10	05	00	5891271	not in file	1005-00-589-1271	not in file	not in file	D	1.0	State	not in file	not in file	not in file	not in file	2001Q3
DISP_AllStatesAndTerritories_06302020.xlsx[ALL]	IN	RUSH COUNTY SHERIFF DEPT	RIFLE,7.62 MILLIMETER	2001-08-20	138.0	1	Each	sheriff	10	05	00	5891271	not in file	1005-00-589-1271	not in file	not in file	D	1.0	State	not in file	not in file	not in file	not in file	2001Q3
DISP_AllStatesAndTerritories_06302020.xlsx[ALL]	KY	STATE POLICE	HELICOPTER,OBSERVATION	2001-07-31	159398.0	1	Each	police	15	20	00	9181523	not in file	1520-00-918-1523	not in file	not in file	C	1.0	State	not in file	not in file	not in file	not in file	2001Q3
DISP_AllStatesAndTerritories_06302020.xlsx[ALL]	KY	STATE POLICE	HELICOPTER,OBSERVATION	2001-07-31	159398.0	1	Each	police	15	20	00	9181523	not in file	1520-00-918-1523	not in file	not in file	C	1.0	State	not in file	not in file	not in file	not in file	2001Q3
DISP_AllStatesAndTerritories_06302020.xlsx[ALL]	LA	LIVONIA POLICE DEPT	RIFLE,7.62 MILLIMETER	2001-07-05	138.0	1	Each	police	10	05	00	5891271	not in file	1005-00-589-1271	not in file	not in file	D	1.0	State	not in file	not in file	not in file	not in file	2001Q3
DISP_AllStatesAndTerritories_06302020.xlsx[ALL]	LA	NORTH HODGE POLICE DEPT	PISTOL,CALIBER .45,AUTOMATIC	2001-07-05	58.71	1	Each	police	10	05	00	7265655	not in file	1005-00-726-5655	not in file	not in file	D	1.0	State	not in file	not in file	not in file	not in file	2001Q3
DISP_AllStatesAndTerritories_06302020.xlsx[ALL]	MD	ANNE ARUNDEL COUNTY SHERIFF DEPT	NIGHT VISION GOGGLE	2001-09-13	4300.0	1	Each	sheriff	58	55	01	2280936	not in file	5855-01-228-0936	not in file	not in file	F	1.0	State	not in file	not in file	not in file	not in file	2001Q3
DISP_AllStatesAndTerritories_06302020.xlsx[ALL]	MD	STATE POLICE	NIGHT VISION GOGGLE	2001-09-13	3578.0	1	Each	police	58	55	01	2280937	not in file	5855-01-228-0937	not in file	not in file	F	1.0	State	not in file	not in file	not in file	not in file	2001Q3
DISP_AllStatesAndTerritories_06302020.xlsx[ALL]	MI	KALAMAZOO COUNTY SHERIFF OFFICE	RIFLE,7.62 MILLIMETER	2001-08-28	138.0	1	Each	sheriff	10	05	00	5891271	not in file	1005-00-589-1271	not in file	not in file	D	1.0	State	not in file	not in file	not in file	not in file	2001Q3
DISP_AllStatesAndTerritories_06302020.xlsx[ALL]	MI	KALAMAZOO COUNTY SHERIFF OFFICE	RIFLE,7.62 MILLIMETER	2001-08-28	138.0	1	Each	sheriff	10	05	00	5891271	not in file	1005-00-589-1271	not in file	not in file	D	1.0	State	not in file	not in file	not in file	not in file	2001Q3
DISP_AllStatesAndTerritories_06302020.xlsx[ALL]	MI	KALAMAZOO COUNTY SHERIFF OFFICE	RIFLE,7.62 MILLIMETER	2001-08-28	138.0	1	Each	sheriff	10	05	00	5891271	not in file	1005-00-589-1271	not in file	not in file	D	1.0	State	not in file	not in file	not in file	not in file	2001Q3
DISP_AllStatesAndTerritories_06302020.xlsx[ALL]	MI	KALAMAZOO COUNTY SHERIFF OFFICE	RIFLE,7.62 MILLIMETER	2001-08-28	138.0	1	Each	sheriff	10	05	00	5891271	not in file	1005-00-589-1271	not in file	not in file	D	1.0	State	not in file	not in file	not in file	not in file	2001Q3
DISP_AllStatesAndTerritories_06302020.xlsx[ALL]	MI	ZILWAUKEE CITY POLICE DEPT	PISTOL,CALIBER .45,AUTOMATIC	2001-08-21	58.71	1	Each	police	10	05	00	7265655	not in file	1005-00-726-5655	not in file	not in file	D	1.0	State	not in file	not in file	not in file	not in file	2001Q3
DISP_AllStatesAndTerritories_06302020.xlsx[ALL]	MI	ZILWAUKEE CITY POLICE DEPT	RIFLE,7.62 MILLIMETER	2001-08-21	138.0	1	Each	police	10	05	00	5891271	not in file	1005-00-589-1271	not in file	not in file	D	1.0	State	not in file	not in file	not in file	not in file	2001Q3
DISP_AllStatesAndTerritories_06302020.xlsx[ALL]	NE	GRAND ISLAND POLICE DEPT	RIFLE,7.62 MILLIMETER	2001-08-21	138.0	1	Each	police	10	05	00	5891271	not in file	1005-00-589-1271	not in file	not in file	D	1.0	State	not in file	not in file	not in file	not in file	2001Q3
DISP_AllStatesAndTerritories_06302020.xlsx[ALL]	NE	GRAND ISLAND POLICE DEPT	RIFLE,7.62 MILLIMETER	2001-08-21	138.0	1	Each	police	10	05	00	5891271	not in file	1005-00-589-1271	not in file	not in file	D	1.0	State	not in file	not in file	not in file	not in file	2001Q3
DISP_AllStatesAndTerritories_06302020.xlsx[ALL]	NE	GRAND ISLAND POLICE DEPT	RIFLE,7.62 MILLIMETER	2001-08-21	138.0	1	Each	police	10	05	00	5891271	not in file	1005-00-589-1271	not in file	not in file	D	1.0	State	not in file	not in file	not in file	not in file	2001Q3
DISP_AllStatesAndTerritories_06302020.xlsx[ALL]	NE	GRAND ISLAND POLICE DEPT	RIFLE,7.62 MILLIMETER	2001-08-21	138.0	1	Each	police	10	05	00	5891271	not in file	1005-00-589-1271	not in file	not in file	D	1.0	State	not in file	not in file	not in file	not in file	2001Q3
DISP_AllStatesAndTerritories_06302020.xlsx[ALL]	NE	GRAND ISLAND POLICE DEPT	RIFLE,7.62 MILLIMETER	2001-08-21	138.0	1	Each	police	10	05	00	5891271	not in file	1005-00-589-1271	not in file	not in file	D	1.0	State	not in file	not in file	not in file	not in file	2001Q3
DISP_AllStatesAndTerritories_06302020.xlsx[ALL]	NE	GRAND ISLAND POLICE DEPT	RIFLE,7.62 MILLIMETER	2001-08-21	138.0	1	Each	police	10	05	00	5891271	not in file	1005-00-589-1271	not in file	not in file	D	1.0	State	not in file	not in file	not in file	not in file	2001Q3
DISP_AllStatesAndTerritories_06302020.xlsx[ALL]	NE	GRAND ISLAND POLICE DEPT	RIFLE,7.62 MILLIMETER	2001-08-21	138.0	1	Each	police	10	05	00	5891271	not in file	1005-00-589-1271	not in file	not in file	D	1.0	State	not in file	not in file	not in file	not in file	2001Q3
DISP_AllStatesAndTerritories_06302020.xlsx[ALL]	NE	GREELEY COUNTY SHERIFF DEPT	RIFLE,7.62 MILLIMETER	2001-08-21	138.0	1	Each	sheriff	10	05	00	5891271	not in file	1005-00-589-1271	not in file	not in file	D	1.0	State	not in file	not in file	not in file	not in file	2001Q3
DISP_AllStatesAndTerritories_06302020.xlsx[ALL]	NE	GREELEY COUNTY SHERIFF DEPT	RIFLE,7.62 MILLIMETER	2001-08-21	138.0	1	Each	sheriff	10	05	00	5891271	not in file	1005-00-589-1271	not in file	not in file	D	1.0	State	not in file	not in file	not in file	not in file	2001Q3
DISP_AllStatesAndTerritories_06302020.xlsx[ALL]	NE	HOWARD COUNTYSHERIFF	RIFLE,7.62 MILLIMETER	2001-08-21	138.0	1	Each	other	10	05	00	5891271	not in file	1005-00-589-1271	not in file	not in file	D	1.0	State	not in file	not in file	not in file	not in file	2001Q3
DISP_AllStatesAndTerritories_06302020.xlsx[ALL]	NJ	DELRAN TOWNSHIP POLICE DEPT	RIFLE,7.62 MILLIMETER	2001-07-05	138.0	1	Each	police	10	05	00	5891271	not in file	1005-00-589-1271	not in file	not in file	D	1.0	State	not in file	not in file	not in file	not in file	2001Q3
DISP_AllStatesAndTerritories_06302020.xlsx[ALL]	NJ	DELRAN TOWNSHIP POLICE DEPT	RIFLE,7.62 MILLIMETER	2001-07-05	138.0	1	Each	police	10	05	00	5891271	not in file	1005-00-589-1271	not in file	not in file	D	1.0	State	not in file	not in file	not in file	not in file	2001Q3
DISP_AllStatesAndTerritories_06302020.xlsx[ALL]	NJ	DELRAN TOWNSHIP POLICE DEPT	RIFLE,7.62 MILLIMETER	2001-07-05	138.0	1	Each	police	10	05	00	5891271	not in file	1005-00-589-1271	not in file	not in file	D	1.0	State	not in file	not in file	not in file	not in file	2001Q3
DISP_AllStatesAndTerritories_06302020.xlsx[ALL]	NJ	DELRAN TOWNSHIP POLICE DEPT	RIFLE,7.62 MILLIMETER	2001-07-05	138.0	1	Each	police	10	05	00	5891271	not in file	1005-00-589-1271	not in file	not in file	D	1.0	State	not in file	not in file	not in file	not in file	2001Q3
DISP_AllStatesAndTerritories_06302020.xlsx[ALL]	NJ	GARFIELD POLICE DEPARTMENT	RIFLE,7.62 MILLIMETER	2001-07-06	138.0	1	Each	police	10	05	00	5891271	not in file	1005-00-589-1271	not in file	not in file	D	1.0	State	not in file	not in file	not in file	not in file	2001Q3
DISP_AllStatesAndTerritories_06302020.xlsx[ALL]	NJ	GARFIELD POLICE DEPARTMENT	RIFLE,7.62 MILLIMETER	2001-07-06	138.0	1	Each	police	10	05	00	5891271	not in file	1005-00-589-1271	not in file	not in file	D	1.0	State	not in file	not in file	not in file	not in file	2001Q3
DISP_AllStatesAndTerritories_06302020.xlsx[ALL]	NJ	GARFIELD POLICE DEPARTMENT	RIFLE,7.62 MILLIMETER	2001-07-06	138.0	1	Each	police	10	05	00	5891271	not in file	1005-00-589-1271	not in file	not in file	D	1.0	State	not in file	not in file	not in file	not in file	2001Q3
DISP_AllStatesAndTerritories_06302020.xlsx[ALL]	NJ	GARFIELD POLICE DEPARTMENT	RIFLE,7.62 MILLIMETER	2001-07-06	138.0	1	Each	police	10	05	00	5891271	not in file	1005-00-589-1271	not in file	not in file	D	1.0	State	not in file	not in file	not in file	not in file	2001Q3
DISP_AllStatesAndTerritories_06302020.xlsx[ALL]	NJ	GARFIELD POLICE DEPARTMENT	RIFLE,7.62 MILLIMETER	2001-07-06	138.0	1	Each	police	10	05	00	5891271	not in file	1005-00-589-1271	not in file	not in file	D	1.0	State	not in file	not in file	not in file	not in file	2001Q3
DISP_AllStatesAndTerritories_06302020.xlsx[ALL]	NJ	GARFIELD POLICE DEPARTMENT	RIFLE,7.62 MILLIMETER	2001-07-06	138.0	1	Each	police	10	05	00	5891271	not in file	1005-00-589-1271	not in file	not in file	D	1.0	State	not in file	not in file	not in file	not in file	2001Q3
DISP_AllStatesAndTerritories_06302020.xlsx[ALL]	NJ	ROXBURY TOWNSHIP POLICE DEPT	RIFLE,7.62 MILLIMETER	2001-08-21	138.0	1	Each	police	10	05	00	5891271	not in file	1005-00-589-1271	not in file	not in file	D	1.0	State	not in file	not in file	not in file	not in file	2001Q3
DISP_AllStatesAndTerritories_06302020.xlsx[ALL]	NJ	ROXBURY TOWNSHIP POLICE DEPT	RIFLE,7.62 MILLIMETER	2001-08-21	138.0	1	Each	police	10	05	00	5891271	not in file	1005-00-589-1271	not in file	not in file	D	1.0	State	not in file	not in file	not in file	not in file	2001Q3
DISP_AllStatesAndTerritories_06302020.xlsx[ALL]	NJ	ROXBURY TOWNSHIP POLICE DEPT	RIFLE,7.62 MILLIMETER	2001-08-21	138.0	1	Each	police	10	05	00	5891271	not in file	1005-00-589-1271	not in file	not in file	D	1.0	State	not in file	not in file	not in file	not in file	2001Q3
DISP_AllStatesAndTerritories_06302020.xlsx[ALL]	NJ	ROXBURY TOWNSHIP POLICE DEPT	RIFLE,7.62 MILLIMETER	2001-08-21	138.0	1	Each	police	10	05	00	5891271	not in file	1005-00-589-1271	not in file	not in file	D	1.0	State	not in file	not in file	not in file	not in file	2001Q3
DISP_AllStatesAndTerritories_06302020.xlsx[ALL]	NJ	ROXBURY TOWNSHIP POLICE DEPT	RIFLE,7.62 MILLIMETER	2001-08-21	138.0	1	Each	police	10	05	00	5891271	not in file	1005-00-589-1271	not in file	not in file	D	1.0	State	not in file	not in file	not in file	not in file	2001Q3
DISP_AllStatesAndTerritories_06302020.xlsx[ALL]	NJ	ROXBURY TOWNSHIP POLICE DEPT	RIFLE,7.62 MILLIMETER	2001-08-21	138.0	1	Each	police	10	05	00	5891271	not in file	1005-00-589-1271	not in file	not in file	D	1.0	State	not in file	not in file	not in file	not in file	2001Q3
DISP_AllStatesAndTerritories_06302020.xlsx[ALL]	NC	NC CENTRAL UNIVERSITY POLICE  HI_ED	RIFLE,7.62 MILLIMETER	2001-08-21	138.0	1	Each	police	10	05	00	5891271	not in file	1005-00-589-1271	not in file	not in file	D	1.0	State	not in file	not in file	not in file	not in file	2001Q3
DISP_AllStatesAndTerritories_06302020.xlsx[ALL]	NC	NC CENTRAL UNIVERSITY POLICE  HI_ED	RIFLE,7.62 MILLIMETER	2001-08-21	138.0	1	Each	police	10	05	00	5891271	not in file	1005-00-589-1271	not in file	not in file	D	1.0	State	not in file	not in file	not in file	not in file	2001Q3
DISP_AllStatesAndTerritories_06302020.xlsx[ALL]	NC	NC CENTRAL UNIVERSITY POLICE  HI_ED	RIFLE,7.62 MILLIMETER	2001-08-21	138.0	1	Each	police	10	05	00	5891271	not in file	1005-00-589-1271	not in file	not in file	D	1.0	State	not in file	not in file	not in file	not in file	2001Q3
DISP_AllStatesAndTerritories_06302020.xlsx[ALL]	ND	RAMSEY COUNTY SHERIFF DEPT	NIGHT VISION GOGGLE	2001-08-07	4300.0	1	Each	sheriff	58	55	01	2280936	not in file	5855-01-228-0936	not in file	not in file	F	1.0	State	not in file	not in file	not in file	not in file	2001Q3
DISP_AllStatesAndTerritories_06302020.xlsx[ALL]	ND	RAMSEY COUNTY SHERIFF DEPT	NIGHT VISION GOGGLE	2001-08-07	4300.0	1	Each	sheriff	58	55	01	2280936	not in file	5855-01-228-0936	not in file	not in file	F	1.0	State	not in file	not in file	not in file	not in file	2001Q3
DISP_AllStatesAndTerritories_06302020.xlsx[ALL]	TN	ELKTON POLICE DEPT	RIFLE,7.62 MILLIMETER	2001-08-21	138.0	1	Each	police	10	05	00	5891271	not in file	1005-00-589-1271	not in file	not in file	D	1.0	State	not in file	not in file	not in file	not in file	2001Q3
DISP_AllStatesAndTerritories_06302020.xlsx[ALL]	TN	MADISON COUNTY SHERIFF'S OFFICE	RIFLE,7.62 MILLIMETER	2001-08-21	138.0	1	Each	sheriff	10	05	00	5891271	not in file	1005-00-589-1271	not in file	not in file	D	1.0	State	not in file	not in file	not in file	not in file	2001Q3
DISP_AllStatesAndTerritories_06302020.xlsx[ALL]	TN	MADISON COUNTY SHERIFF'S OFFICE	RIFLE,7.62 MILLIMETER	2001-08-21	138.0	1	Each	sheriff	10	05	00	5891271	not in file	1005-00-589-1271	not in file	not in file	D	1.0	State	not in file	not in file	not in file	not in file	2001Q3
DISP_AllStatesAndTerritories_06302020.xlsx[ALL]	TN	MADISON COUNTY SHERIFF'S OFFICE	RIFLE,7.62 MILLIMETER	2001-08-21	138.0	1	Each	sheriff	10	05	00	5891271	not in file	1005-00-589-1271	not in file	not in file	D	1.0	State	not in file	not in file	not in file	not in file	2001Q3
DISP_AllStatesAndTerritories_06302020.xlsx[ALL]	TN	MADISON COUNTY SHERIFF'S OFFICE	RIFLE,7.62 MILLIMETER	2001-08-21	138.0	1	Each	sheriff	10	05	00	5891271	not in file	1005-00-589-1271	not in file	not in file	D	1.0	State	not in file	not in file	not in file	not in file	2001Q3
DISP_AllStatesAndTerritories_06302020.xlsx[ALL]	TN	MADISON COUNTY SHERIFF'S OFFICE	RIFLE,7.62 MILLIMETER	2001-08-21	138.0	1	Each	sheriff	10	05	00	5891271	not in file	1005-00-589-1271	not in file	not in file	D	1.0	State	not in file	not in file	not in file	not in file	2001Q3
DISP_AllStatesAndTerritories_06302020.xlsx[ALL]	TN	MADISON COUNTY SHERIFF'S OFFICE	RIFLE,7.62 MILLIMETER	2001-08-21	138.0	1	Each	sheriff	10	05	00	5891271	not in file	1005-00-589-1271	not in file	not in file	D	1.0	State	not in file	not in file	not in file	not in file	2001Q3
DISP_AllStatesAndTerritories_06302020.xlsx[ALL]	TN	MADISON COUNTY SHERIFF'S OFFICE	RIFLE,7.62 MILLIMETER	2001-08-21	138.0	1	Each	sheriff	10	05	00	5891271	not in file	1005-00-589-1271	not in file	not in file	D	1.0	State	not in file	not in file	not in file	not in file	2001Q3
DISP_AllStatesAndTerritories_06302020.xlsx[ALL]	TN	ROANE COUNTY SHERIFF DEPT	RIFLE,7.62 MILLIMETER	2001-08-21	138.0	1	Each	sheriff	10	05	00	5891271	not in file	1005-00-589-1271	not in file	not in file	D	1.0	State	not in file	not in file	not in file	not in file	2001Q3
DISP_AllStatesAndTerritories_06302020.xlsx[ALL]	TN	ROANE COUNTY SHERIFF DEPT	RIFLE,7.62 MILLIMETER	2001-08-21	138.0	1	Each	sheriff	10	05	00	5891271	not in file	1005-00-589-1271	not in file	not in file	D	1.0	State	not in file	not in file	not in file	not in file	2001Q3
DISP_AllStatesAndTerritories_06302020.xlsx[ALL]	TN	ROANE COUNTY SHERIFF DEPT	RIFLE,7.62 MILLIMETER	2001-08-21	138.0	1	Each	sheriff	10	05	00	5891271	not in file	1005-00-589-1271	not in file	not in file	D	1.0	State	not in file	not in file	not in file	not in file	2001Q3
DISP_AllStatesAndTerritories_06302020.xlsx[ALL]	TN	ROANE COUNTY SHERIFF DEPT	RIFLE,7.62 MILLIMETER	2001-08-21	138.0	1	Each	sheriff	10	05	00	5891271	not in file	1005-00-589-1271	not in file	not in file	D	1.0	State	not in file	not in file	not in file	not in file	2001Q3
DISP_AllStatesAndTerritories_06302020.xlsx[ALL]	TN	ROANE COUNTY SHERIFF DEPT	RIFLE,7.62 MILLIMETER	2001-08-21	138.0	1	Each	sheriff	10	05	00	5891271	not in file	1005-00-589-1271	not in file	not in file	D	1.0	State	not in file	not in file	not in file	not in file	2001Q3
DISP_AllStatesAndTerritories_06302020.xlsx[ALL]	TN	ROANE COUNTY SHERIFF DEPT	RIFLE,7.62 MILLIMETER	2001-08-21	138.0	1	Each	sheriff	10	05	00	5891271	not in file	1005-00-589-1271	not in file	not in file	D	1.0	State	not in file	not in file	not in file	not in file	2001Q3
DISP_AllStatesAndTerritories_06302020.xlsx[ALL]	TN	ROANE COUNTY SHERIFF DEPT	RIFLE,7.62 MILLIMETER	2001-08-21	138.0	1	Each	sheriff	10	05	00	5891271	not in file	1005-00-589-1271	not in file	not in file	D	1.0	State	not in file	not in file	not in file	not in file	2001Q3
DISP_AllStatesAndTerritories_06302020.xlsx[ALL]	TX	BRAZOS COUNTY SHERIFF'S OFFICE	RIFLE,7.62 MILLIMETER	2001-08-21	138.0	1	Each	sheriff	10	05	00	5891271	not in file	1005-00-589-1271	not in file	not in file	D	1.0	State	not in file	not in file	not in file	not in file	2001Q3
DISP_AllStatesAndTerritories_06302020.xlsx[ALL]	TX	BRAZOS COUNTY SHERIFF'S OFFICE	RIFLE,7.62 MILLIMETER	2001-08-21	138.0	1	Each	sheriff	10	05	00	5891271	not in file	1005-00-589-1271	not in file	not in file	D	1.0	State	not in file	not in file	not in file	not in file	2001Q3
DISP_AllStatesAndTerritories_06302020.xlsx[ALL]	TX	BRAZOS COUNTY SHERIFF'S OFFICE	RIFLE,7.62 MILLIMETER	2001-08-21	138.0	1	Each	sheriff	10	05	00	5891271	not in file	1005-00-589-1271	not in file	not in file	D	1.0	State	not in file	not in file	not in file	not in file	2001Q3
DISP_AllStatesAndTerritories_06302020.xlsx[ALL]	TX	BRAZOS COUNTY SHERIFF'S OFFICE	RIFLE,7.62 MILLIMETER	2001-08-21	138.0	1	Each	sheriff	10	05	00	5891271	not in file	1005-00-589-1271	not in file	not in file	D	1.0	State	not in file	not in file	not in file	not in file	2001Q3
DISP_AllStatesAndTerritories_06302020.xlsx[ALL]	TX	RANCHO VIEJO POLICE DEPT	PISTOL,CALIBER .45,AUTOMATIC	2001-08-21	58.71	1	Each	police	10	05	00	7265655	not in file	1005-00-726-5655	not in file	not in file	D	1.0	State	not in file	not in file	not in file	not in file	2001Q3
DISP_AllStatesAndTerritories_06302020.xlsx[ALL]	UT	GRANTSVILLE POLICE DEPT	RIFLE,7.62 MILLIMETER	2001-07-06	138.0	1	Each	police	10	05	00	5891271	not in file	1005-00-589-1271	not in file	not in file	D	1.0	State	not in file	not in file	not in file	not in file	2001Q3
DISP_AllStatesAndTerritories_06302020.xlsx[ALL]	VA	PATRICK CSO	INFRARED EQUIPMENT,SUBASSEMBLY	2001-08-14	503.0	2	Each	community outreach	58	55	01	3984315	not in file	5855-01-398-4315	not in file	not in file	D	1.0	State	not in file	not in file	not in file	not in file	2001Q3
DISP_AllStatesAndTerritories_06302020.xlsx[ALL]	WI	ADAMS COUNTY SHERIFF OFFICE	RIFLE,7.62 MILLIMETER	2001-08-21	138.0	1	Each	sheriff	10	05	00	5891271	not in file	1005-00-589-1271	not in file	not in file	D	1.0	State	not in file	not in file	not in file	not in file	2001Q3
DISP_AllStatesAndTerritories_06302020.xlsx[ALL]	WI	ADAMS COUNTY SHERIFF OFFICE	RIFLE,7.62 MILLIMETER	2001-08-21	138.0	1	Each	sheriff	10	05	00	5891271	not in file	1005-00-589-1271	not in file	not in file	D	1.0	State	not in file	not in file	not in file	not in file	2001Q3
DISP_AllStatesAndTerritories_06302020.xlsx[ALL]	WI	ADAMS COUNTY SHERIFF OFFICE	RIFLE,7.62 MILLIMETER	2001-08-21	138.0	1	Each	sheriff	10	05	00	5891271	not in file	1005-00-589-1271	not in file	not in file	D	1.0	State	not in file	not in file	not in file	not in file	2001Q3
DISP_AllStatesAndTerritories_06302020.xlsx[ALL]	WI	ADAMS COUNTY SHERIFF OFFICE	RIFLE,7.62 MILLIMETER	2001-08-21	138.0	1	Each	sheriff	10	05	00	5891271	not in file	1005-00-589-1271	not in file	not in file	D	1.0	State	not in file	not in file	not in file	not in file	2001Q3
DISP_AllStatesAndTerritories_06302020.xlsx[ALL]	WI	ADAMS COUNTY SHERIFF OFFICE	RIFLE,7.62 MILLIMETER	2001-08-21	138.0	1	Each	sheriff	10	05	00	5891271	not in file	1005-00-589-1271	not in file	not in file	D	1.0	State	not in file	not in file	not in file	not in file	2001Q3
DISP_AllStatesAndTerritories_06302020.xlsx[ALL]	WI	ADAMS COUNTY SHERIFF OFFICE	RIFLE,7.62 MILLIMETER	2001-08-21	138.0	1	Each	sheriff	10	05	00	5891271	not in file	1005-00-589-1271	not in file	not in file	D	1.0	State	not in file	not in file	not in file	not in file	2001Q3
DISP_AllStatesAndTerritories_06302020.xlsx[ALL]	WI	ADAMS COUNTY SHERIFF OFFICE	RIFLE,7.62 MILLIMETER	2001-08-21	138.0	1	Each	sheriff	10	05	00	5891271	not in file	1005-00-589-1271	not in file	not in file	D	1.0	State	not in file	not in file	not in file	not in file	2001Q3
DISP_AllStatesAndTerritories_06302020.xlsx[ALL]	WI	ADAMS COUNTY SHERIFF OFFICE	RIFLE,7.62 MILLIMETER	2001-08-21	138.0	1	Each	sheriff	10	05	00	5891271	not in file	1005-00-589-1271	not in file	not in file	D	1.0	State	not in file	not in file	not in file	not in file	2001Q3
DISP_AllStatesAndTerritories_06302020.xlsx[ALL]	WI	ADAMS COUNTY SHERIFF OFFICE	RIFLE,7.62 MILLIMETER	2001-08-21	138.0	1	Each	sheriff	10	05	00	5891271	not in file	1005-00-589-1271	not in file	not in file	D	1.0	State	not in file	not in file	not in file	not in file	2001Q3
OriginatingFile	StateAbbreviation	RequestingAgency	ItemDescription	RecordDate	AcquisitionValue	Quantity	UnitIncrement	AgencyType	Item_FSG	Item_FSC	Item_CC	Item_Code	Justification	NSN	FSC	NIIN	DEMILCode	DEMILIC	StationType	RequisitionID	CancelledBy	RTDRef	ReasonCancelled	Quarter
DISP_AllStatesAndTerritories_03312020.xlsx[ALL]	AR	DE QUEEN POLICE DEPT	RIFLE,5.56 MILLIMETER	2001-09-11	499.0	1	Each	police	10	05	00	0739421	not in file	1005-00-073-9421	not in file	not in file	D	1.0	State	not in file	not in file	not in file	not in file	2001Q3
DISP_AllStatesAndTerritories_03312020.xlsx[ALL]	CA	FRESNO CO SHERIFF / CORONERS OFFICE	SCOPE NIGHT VISION	2001-07-10	3489.0	1	Each	sheriff	58	55	00	9371661	not in file	5855-00-937-1661	not in file	not in file	C	1.0	State	not in file	not in file	not in file	not in file	2001Q3
DISP_AllStatesAndTerritories_03312020.xlsx[ALL]	CA	PLACER COUNTY SHERIFF OFFICE	TRUCK,UTILITY	2001-09-24	49897.0	1	Each	sheriff	23	20	01	1289552	not in file	2320-01-128-9552	not in file	not in file	C	1.0	State	not in file	not in file	not in file	not in file	2001Q3
DISP_AllStatesAndTerritories_03312020.xlsx[ALL]	CA	RIVERSIDE POLICE DEPT	NIGHT VISION SIGHT ASSEMBLY	2001-09-10	3207.0	1	Each	police	58	55	01	0177366	not in file	5855-01-017-7366	not in file	not in file	F	1.0	State	not in file	not in file	not in file	not in file	2001Q3
DISP_AllStatesAndTerritories_03312020.xlsx[ALL]	CA	RIVERSIDE POLICE DEPT	NIGHT VISION SIGHT ASSEMBLY	2001-09-10	3207.0	1	Each	police	58	55	01	0177366	not in file	5855-01-017-7366	not in file	not in file	F	1.0	State	not in file	not in file	not in file	not in file	2001Q3
DISP_AllStatesAndTerritories_03312020.xlsx[ALL]	CA	RIVERSIDE POLICE DEPT	NIGHT VISION SIGHT ASSEMBLY	2001-09-10	3207.0	1	Each	police	58	55	01	0177366	not in file	5855-01-017-7366	not in file	not in file	F	1.0	State	not in file	not in file	not in file	not in file	2001Q3
DISP_AllStatesAndTerritories_03312020.xlsx[ALL]	CA	RIVERSIDE POLICE DEPT	NIGHT VISION SIGHT ASSEMBLY	2001-09-10	3207.0	1	Each	police	58	55	01	0177366	not in file	5855-01-017-7366	not in file	not in file	F	1.0	State	not in file	not in file	not in file	not in file	2001Q3
DISP_AllStatesAndTerritories_03312020.xlsx[ALL]	CA	RIVERSIDE POLICE DEPT	NIGHT VISION SIGHT ASSEMBLY	2001-09-10	3207.0	1	Each	police	58	55	01	0177366	not in file	5855-01-017-7366	not in file	not in file	F	1.0	State	not in file	not in file	not in file	not in file	2001Q3
DISP_AllStatesAndTerritories_03312020.xlsx[ALL]	CA	RIVERSIDE POLICE DEPT	NIGHT VISION SIGHT ASSEMBLY	2001-09-10	3207.0	1	Each	police	58	55	01	0177366	not in file	5855-01-017-7366	not in file	not in file	F	1.0	State	not in file	not in file	not in file	not in file	2001Q3
DISP_AllStatesAndTerritories_03312020.xlsx[ALL]	CA	RIVERSIDE POLICE DEPT	NIGHT VISION SIGHT ASSEMBLY	2001-09-10	3207.0	1	Each	police	58	55	01	0177366	not in file	5855-01-017-7366	not in file	not in file	F	1.0	State	not in file	not in file	not in file	not in file	2001Q3
DISP_AllStatesAndTerritories_03312020.xlsx[ALL]	CA	RIVERSIDE POLICE DEPT	NIGHT VISION SIGHT ASSEMBLY	2001-09-10	3207.0	1	Each	police	58	55	01	0177366	not in file	5855-01-017-7366	not in file	not in file	F	1.0	State	not in file	not in file	not in file	not in file	2001Q3
DISP_AllStatesAndTerritories_03312020.xlsx[ALL]	CA	RIVERSIDE POLICE DEPT	NIGHT VISION SIGHT ASSEMBLY	2001-09-10	3207.0	1	Each	police	58	55	01	0177366	not in file	5855-01-017-7366	not in file	not in file	F	1.0	State	not in file	not in file	not in file	not in file	2001Q3
DISP_AllStatesAndTerritories_03312020.xlsx[ALL]	CA	RIVERSIDE POLICE DEPT	NIGHT VISION SIGHT	2001-09-10	2350.0	1	Each	police	58	55	00	1793708	not in file	5855-00-179-3708	not in file	not in file	F	1.0	State	not in file	not in file	not in file	not in file	2001Q3
DISP_AllStatesAndTerritories_03312020.xlsx[ALL]	CA	RIVERSIDE POLICE DEPT	SIGHT	2001-09-10	2420.6	1	Each	police	58	55	00	4002619	not in file	5855-00-400-2619	not in file	not in file	F		State	not in file	not in file	not in file	not in file	2001Q3
DISP_AllStatesAndTerritories_03312020.xlsx[ALL]	CA	RIVERSIDE POLICE DEPT	NIGHT VISION SIGHT	2001-09-10	825.58	1	Each	police	58	55	00	4090915	not in file	5855-00-409-0915	not in file	not in file	F	1.0	State	not in file	not in file	not in file	not in file	2001Q3
DISP_AllStatesAndTerritories_03312020.xlsx[ALL]	CA	SACRAMENTO COUNTY SHERIFF DEPT	TRUCK,UTILITY	2001-08-09	49897.0	1	Each	sheriff	23	20	01	1289552	not in file	2320-01-128-9552	not in file	not in file	C	1.0	State	not in file	not in file	not in file	not in file	2001Q3
DISP_AllStatesAndTerritories_03312020.xlsx[ALL]	CA	SANTA BARBARA COUNTY SHERIFF OFFICE	VIEWER,NIGHT VISION	2001-07-25	4105.0	1	Each	sheriff	58	55	00	1501820	not in file	5855-00-150-1820	not in file	not in file	F	1.0	State	not in file	not in file	not in file	not in file	2001Q3
DISP_AllStatesAndTerritories_03312020.xlsx[ALL]	CA	SANTA BARBARA COUNTY SHERIFF OFFICE	VIEWER,NIGHT VISION	2001-07-25	4105.0	1	Each	sheriff	58	55	00	1501820	not in file	5855-00-150-1820	not in file	not in file	F	1.0	State	not in file	not in file	not in file	not in file	2001Q3
DISP_AllStatesAndTerritories_03312020.xlsx[ALL]	CA	SANTA BARBARA COUNTY SHERIFF OFFICE	VIEWER,NIGHT VISION	2001-07-25	4105.0	1	Each	sheriff	58	55	00	1501820	not in file	5855-00-150-1820	not in file	not in file	F	1.0	State	not in file	not in file	not in file	not in file	2001Q3
DISP_AllStatesAndTerritories_03312020.xlsx[ALL]	CA	SANTA BARBARA COUNTY SHERIFF OFFICE	VIEWER,NIGHT VISION	2001-07-25	4105.0	1	Each	sheriff	58	55	00	1501820	not in file	5855-00-150-1820	not in file	not in file	F	1.0	State	not in file	not in file	not in file	not in file	2001Q3
DISP_AllStatesAndTerritories_03312020.xlsx[ALL]	CA	SANTA BARBARA COUNTY SHERIFF OFFICE	VIEWER,NIGHT VISION	2001-07-25	4105.0	1	Each	sheriff	58	55	00	1501820	not in file	5855-00-150-1820	not in file	not in file	F	1.0	State	not in file	not in file	not in file	not in file	2001Q3
DISP_AllStatesAndTerritories_03312020.xlsx[ALL]	CA	SANTA BARBARA COUNTY SHERIFF OFFICE	VIEWER,NIGHT VISION	2001-07-25	4105.0	1	Each	sheriff	58	55	00	1501820	not in file	5855-00-150-1820	not in file	not in file	F	1.0	State	not in file	not in file	not in file	not in file	2001Q3
DISP_AllStatesAndTerritories_03312020.xlsx[ALL]	CA	SANTA BARBARA COUNTY SHERIFF OFFICE	VIEWER,NIGHT VISION	2001-07-25	4105.0	1	Each	sheriff	58	55	00	1501820	not in file	5855-00-150-1820	not in file	not in file	F	1.0	State	not in file	not in file	not in file	not in file	2001Q3
DISP_AllStatesAndTerritories_03312020.xlsx[ALL]	CA	SANTA BARBARA COUNTY SHERIFF OFFICE	VIEWER,NIGHT VISION	2001-07-25	4105.0	1	Each	sheriff	58	55	00	1501820	not in file	5855-00-150-1820	not in file	not in file	F	1.0	State	not in file	not in file	not in file	not in file	2001Q3
DISP_AllStatesAndTerritories_03312020.xlsx[ALL]	CA	SANTA BARBARA COUNTY SHERIFF OFFICE	VIEWER,NIGHT VISION	2001-07-25	4105.0	1	Each	sheriff	58	55	00	1501820	not in file	5855-00-150-1820	not in file	not in file	F	1.0	State	not in file	not in file	not in file	not in file	2001Q3
DISP_AllStatesAndTerritories_03312020.xlsx[ALL]	CA	SANTA BARBARA COUNTY SHERIFF OFFICE	NIGHT VISION GOGGLE	2001-07-25	7621.0	1	Each	sheriff	58	55	01	2280939	not in file	5855-01-228-0939	not in file	not in file	F	1.0	State	not in file	not in file	not in file	not in file	2001Q3
DISP_AllStatesAndTerritories_03312020.xlsx[ALL]	GA	TELFAIR CSO	RIFLE,7.62 MILLIMETER	2001-08-16	138.0	1	Each	community outreach	10	05	00	5891271	not in file	1005-00-589-1271	not in file	not in file	D	1.0	State	not in file	not in file	not in file	not in file	2001Q3
DISP_AllStatesAndTerritories_03312020.xlsx[ALL]	GA	TELFAIR CSO	RIFLE,7.62 MILLIMETER	2001-08-16	138.0	1	Each	community outreach	10	05	00	5891271	not in file	1005-00-589-1271	not in file	not in file	D	1.0	State	not in file	not in file	not in file	not in file	2001Q3
DISP_AllStatesAndTerritories_03312020.xlsx[ALL]	GA	TELFAIR CSO	RIFLE,7.62 MILLIMETER	2001-08-16	138.0	1	Each	community outreach	10	05	00	5891271	not in file	1005-00-589-1271	not in file	not in file	D	1.0	State	not in file	not in file	not in file	not in file	2001Q3
DISP_AllStatesAndTerritories_03312020.xlsx[ALL]	GA	TOCCOA POLICE DEPARTMENT	RIFLE,7.62 MILLIMETER	2001-07-06	138.0	1	Each	police	10	05	00	5891271	not in file	1005-00-589-1271	not in file	not in file	D	1.0	State	not in file	not in file	not in file	not in file	2001Q3
DISP_AllStatesAndTerritories_03312020.xlsx[ALL]	GA	WARE COUNTY SHERIFF DEPT	RIFLE,7.62 MILLIMETER	2001-07-06	138.0	1	Each	sheriff	10	05	00	5891271	not in file	1005-00-589-1271	not in file	not in file	D	1.0	State	not in file	not in file	not in file	not in file	2001Q3
DISP_AllStatesAndTerritories_03312020.xlsx[ALL]	GA	WARE COUNTY SHERIFF DEPT	RIFLE,7.62 MILLIMETER	2001-07-06	138.0	1	Each	sheriff	10	05	00	5891271	not in file	1005-00-589-1271	not in file	not in file	D	1.0	State	not in file	not in file	not in file	not in file	2001Q3
DISP_AllStatesAndTerritories_03312020.xlsx[ALL]	GA	WARE COUNTY SHERIFF DEPT	PISTOL,CALIBER .45,AUTOMATIC	2001-07-03	58.71	1	Each	sheriff	10	05	00	7265655	not in file	1005-00-726-5655	not in file	not in file	D	1.0	State	not in file	not in file	not in file	not in file	2001Q3
DISP_AllStatesAndTerritories_03312020.xlsx[ALL]	GA	WARE COUNTY SHERIFF DEPT	PISTOL,CALIBER .45,AUTOMATIC	2001-07-03	58.71	1	Each	sheriff	10	05	00	7265655	not in file	1005-00-726-5655	not in file	not in file	D	1.0	State	not in file	not in file	not in file	not in file	2001Q3
DISP_AllStatesAndTerritories_03312020.xlsx[ALL]	GA	WARE COUNTY SHERIFF DEPT	PISTOL,CALIBER .45,AUTOMATIC	2001-07-03	58.71	1	Each	sheriff	10	05	00	7265655	not in file	1005-00-726-5655	not in file	not in file	D	1.0	State	not in file	not in file	not in file	not in file	2001Q3
DISP_AllStatesAndTerritories_03312020.xlsx[ALL]	ID	FREMONT COUNTY SHERIFF DEPT	RIFLE,7.62 MILLIMETER	2001-07-06	138.0	1	Each	sheriff	10	05	00	5891271	not in file	1005-00-589-1271	not in file	not in file	D	1.0	State	not in file	not in file	not in file	not in file	2001Q3
DISP_AllStatesAndTerritories_03312020.xlsx[ALL]	ID	FREMONT COUNTY SHERIFF DEPT	RIFLE,7.62 MILLIMETER	2001-07-06	138.0	1	Each	sheriff	10	05	00	5891271	not in file	1005-00-589-1271	not in file	not in file	D	1.0	State	not in file	not in file	not in file	not in file	2001Q3
DISP_AllStatesAndTerritories_03312020.xlsx[ALL]	ID	FREMONT COUNTY SHERIFF DEPT	RIFLE,7.62 MILLIMETER	2001-07-06	138.0	1	Each	sheriff	10	05	00	5891271	not in file	1005-00-589-1271	not in file	not in file	D	1.0	State	not in file	not in file	not in file	not in file	2001Q3
DISP_AllStatesAndTerritories_03312020.xlsx[ALL]	IL	AROMA PARK POLICE DEPARTMENT	RIFLE,7.62 MILLIMETER	2001-07-06	138.0	1	Each	police	10	05	00	5891271	not in file	1005-00-589-1271	not in file	not in file	D	1.0	State	not in file	not in file	not in file	not in file	2001Q3
DISP_AllStatesAndTerritories_03312020.xlsx[ALL]	IL	AROMA PARK POLICE DEPARTMENT	RIFLE,7.62 MILLIMETER	2001-07-06	138.0	1	Each	police	10	05	00	5891271	not in file	1005-00-589-1271	not in file	not in file	D	1.0	State	not in file	not in file	not in file	not in file	2001Q3
DISP_AllStatesAndTerritories_03312020.xlsx[ALL]	IL	AROMA PARK POLICE DEPARTMENT	RIFLE,7.62 MILLIMETER	2001-07-06	138.0	1	Each	police	10	05	00	5891271	not in file	1005-00-589-1271	not in file	not in file	D	1.0	State	not in file	not in file	not in file	not in file	2001Q3
DISP_AllStatesAndTerritories_03312020.xlsx[ALL]	IL	DUPAGE COUNTY SHERIFF	RIFLE,7.62 MILLIMETER	2001-08-21	138.0	1	Each	sheriff	10	05	00	5891271	not in file	1005-00-589-1271	not in file	not in file	D	1.0	State	not in file	not in file	not in file	not in file	2001Q3
DISP_AllStatesAndTerritories_03312020.xlsx[ALL]	IL	DUPAGE COUNTY SHERIFF	RIFLE,7.62 MILLIMETER	2001-08-21	138.0	1	Each	sheriff	10	05	00	5891271	not in file	1005-00-589-1271	not in file	not in file	D	1.0	State	not in file	not in file	not in file	not in file	2001Q3
DISP_AllStatesAndTerritories_03312020.xlsx[ALL]	IL	DUPAGE COUNTY SHERIFF	RIFLE,7.62 MILLIMETER	2001-08-21	138.0	1	Each	sheriff	10	05	00	5891271	not in file	1005-00-589-1271	not in file	not in file	D	1.0	State	not in file	not in file	not in file	not in file	2001Q3
DISP_AllStatesAndTerritories_03312020.xlsx[ALL]	IL	DUPAGE COUNTY SHERIFF	RIFLE,7.62 MILLIMETER	2001-08-21	138.0	1	Each	sheriff	10	05	00	5891271	not in file	1005-00-589-1271	not in file	not in file	D	1.0	State	not in file	not in file	not in file	not in file	2001Q3
DISP_AllStatesAndTerritories_03312020.xlsx[ALL]	IL	DUPAGE COUNTY SHERIFF	RIFLE,7.62 MILLIMETER	2001-08-21	138.0	1	Each	sheriff	10	05	00	5891271	not in file	1005-00-589-1271	not in file	not in file	D	1.0	State	not in file	not in file	not in file	not in file	2001Q3
DISP_AllStatesAndTerritories_03312020.xlsx[ALL]	IL	ODIN POLICE DEPT	RIFLE,7.62 MILLIMETER	2001-08-16	138.0	1	Each	police	10	05	00	5891271	not in file	1005-00-589-1271	not in file	not in file	D	1.0	State	not in file	not in file	not in file	not in file	2001Q3
DISP_AllStatesAndTerritories_03312020.xlsx[ALL]	IL	ODIN POLICE DEPT	RIFLE,7.62 MILLIMETER	2001-08-16	138.0	1	Each	police	10	05	00	5891271	not in file	1005-00-589-1271	not in file	not in file	D	1.0	State	not in file	not in file	not in file	not in file	2001Q3
DISP_AllStatesAndTerritories_03312020.xlsx[ALL]	IL	STREATOR POLICE DEPT	RIFLE,7.62 MILLIMETER	2001-07-06	138.0	1	Each	police	10	05	00	5891271	not in file	1005-00-589-1271	not in file	not in file	D	1.0	State	not in file	not in file	not in file	not in file	2001Q3
DISP_AllStatesAndTerritories_03312020.xlsx[ALL]	IL	STREATOR POLICE DEPT	RIFLE,7.62 MILLIMETER	2001-07-06	138.0	1	Each	police	10	05	00	5891271	not in file	1005-00-589-1271	not in file	not in file	D	1.0	State	not in file	not in file	not in file	not in file	2001Q3
DISP_AllStatesAndTerritories_03312020.xlsx[ALL]	IL	STREATOR POLICE DEPT	RIFLE,7.62 MILLIMETER	2001-07-06	138.0	1	Each	police	10	05	00	5891271	not in file	1005-00-589-1271	not in file	not in file	D	1.0	State	not in file	not in file	not in file	not in file	2001Q3
DISP_AllStatesAndTerritories_03312020.xlsx[ALL]	IL	STREATOR POLICE DEPT	RIFLE,7.62 MILLIMETER	2001-07-06	138.0	1	Each	police	10	05	00	5891271	not in file	1005-00-589-1271	not in file	not in file	D	1.0	State	not in file	not in file	not in file	not in file	2001Q3
DISP_AllStatesAndTerritories_03312020.xlsx[ALL]	IL	VERNON HILLS POLICE DEPT	RIFLE,7.62 MILLIMETER	2001-07-06	138.0	1	Each	police	10	05	00	5891271	not in file	1005-00-589-1271	not in file	not in file	D	1.0	State	not in file	not in file	not in file	not in file	2001Q3
DISP_AllStatesAndTerritories_03312020.xlsx[ALL]	IL	VERNON HILLS POLICE DEPT	RIFLE,7.62 MILLIMETER	2001-07-06	138.0	1	Each	police	10	05	00	5891271	not in file	1005-00-589-1271	not in file	not in file	D	1.0	State	not in file	not in file	not in file	not in file	2001Q3
DISP_AllStatesAndTerritories_03312020.xlsx[ALL]	IL	VERNON HILLS POLICE DEPT	RIFLE,7.62 MILLIMETER	2001-07-06	138.0	1	Each	police	10	05	00	5891271	not in file	1005-00-589-1271	not in file	not in file	D	1.0	State	not in file	not in file	not in file	not in file	2001Q3
DISP_AllStatesAndTerritories_03312020.xlsx[ALL]	IL	VERNON HILLS POLICE DEPT	RIFLE,7.62 MILLIMETER	2001-07-06	138.0	1	Each	police	10	05	00	5891271	not in file	1005-00-589-1271	not in file	not in file	D	1.0	State	not in file	not in file	not in file	not in file	2001Q3
DISP_AllStatesAndTerritories_03312020.xlsx[ALL]	IN	BUTLER POLICE DEPTMENT	RIFLE,7.62 MILLIMETER	2001-08-20	138.0	1	Each	police	10	05	00	5891271	not in file	1005-00-589-1271	not in file	not in file	D	1.0	State	not in file	not in file	not in file	not in file	2001Q3
DISP_AllStatesAndTerritories_03312020.xlsx[ALL]	IN	BUTLER POLICE DEPTMENT	RIFLE,7.62 MILLIMETER	2001-08-20	138.0	1	Each	police	10	05	00	5891271	not in file	1005-00-589-1271	not in file	not in file	D	1.0	State	not in file	not in file	not in file	not in file	2001Q3
DISP_AllStatesAndTerritories_03312020.xlsx[ALL]	IN	CLARK COUNTY SHERIFF OFFICE	PISTOL,CALIBER .45,AUTOMATIC	2001-07-05	58.71	1	Each	sheriff	10	05	00	7265655	not in file	1005-00-726-5655	not in file	not in file	D	1.0	State	not in file	not in file	not in file	not in file	2001Q3
DISP_AllStatesAndTerritories_03312020.xlsx[ALL]	IN	GASTON POLICE DEPARTMENT	PISTOL,CALIBER .45,AUTOMATIC	2001-08-17	58.71	1	Each	police	10	05	00	7265655	not in file	1005-00-726-5655	not in file	not in file	D	1.0	State	not in file	not in file	not in file	not in file	2001Q3
DISP_AllStatesAndTerritories_03312020.xlsx[ALL]	IN	LOSANTVILLE POLICE DEPARTMENT	RIFLE,7.62 MILLIMETER	2001-08-20	138.0	1	Each	police	10	05	00	5891271	not in file	1005-00-589-1271	not in file	not in file	D	1.0	State	not in file	not in file	not in file	not in file	2001Q3
DISP_AllStatesAndTerritories_03312020.xlsx[ALL]	IN	OGDEN DUNES POLICE DEPT	RIFLE,7.62 MILLIMETER	2001-08-20	138.0	1	Each	police	10	05	00	5891271	not in file	1005-00-589-1271	not in file	not in file	D	1.0	State	not in file	not in file	not in file	not in file	2001Q3
DISP_AllStatesAndTerritories_03312020.xlsx[ALL]	IN	OGDEN DUNES POLICE DEPT	RIFLE,7.62 MILLIMETER	2001-08-20	138.0	1	Each	police	10	05	00	5891271	not in file	1005-00-589-1271	not in file	not in file	D	1.0	State	not in file	not in file	not in file	not in file	2001Q3
DISP_AllStatesAndTerritories_03312020.xlsx[ALL]	IN	OGDEN DUNES POLICE DEPT	RIFLE,7.62 MILLIMETER	2001-08-20	138.0	1	Each	police	10	05	00	5891271	not in file	1005-00-589-1271	not in file	not in file	D	1.0	State	not in file	not in file	not in file	not in file	2001Q3
DISP_AllStatesAndTerritories_03312020.xlsx[ALL]	IN	PALMYRA POLICE DEPT	RIFLE,7.62 MILLIMETER	2001-08-20	138.0	1	Each	police	10	05	00	5891271	not in file	1005-00-589-1271	not in file	not in file	D	1.0	State	not in file	not in file	not in file	not in file	2001Q3
DISP_AllStatesAndTerritories_03312020.xlsx[ALL]	IN	PORTAGE POLICE DEPT	RIFLE,7.62 MILLIMETER	2001-08-20	138.0	1	Each	police	10	05	00	5891271	not in file	1005-00-589-1271	not in file	not in file	D	1.0	State	not in file	not in file	not in file	not in file	2001Q3
DISP_AllStatesAndTerritories_03312020.xlsx[ALL]	IN	PORTAGE POLICE DEPT	RIFLE,7.62 MILLIMETER	2001-08-20	138.0	1	Each	police	10	05	00	5891271	not in file	1005-00-589-1271	not in file	not in file	D	1.0	State	not in file	not in file	not in file	not in file	2001Q3
DISP_AllStatesAndTerritories_03312020.xlsx[ALL]	IN	RUSH COUNTY SHERIFF DEPT	RIFLE,7.62 MILLIMETER	2001-08-20	138.0	1	Each	sheriff	10	05	00	5891271	not in file	1005-00-589-1271	not in file	not in file	D	1.0	State	not in file	not in file	not in file	not in file	2001Q3
DISP_AllStatesAndTerritories_03312020.xlsx[ALL]	KY	STATE POLICE	HELICOPTER,OBSERVATION	2001-07-31	159398.0	1	Each	police	15	20	00	9181523	not in file	1520-00-918-1523	not in file	not in file	C	1.0	State	not in file	not in file	not in file	not in file	2001Q3
DISP_AllStatesAndTerritories_03312020.xlsx[ALL]	KY	STATE POLICE	HELICOPTER,OBSERVATION	2001-07-31	159398.0	1	Each	police	15	20	00	9181523	not in file	1520-00-918-1523	not in file	not in file	C	1.0	State	not in file	not in file	not in file	not in file	2001Q3
DISP_AllStatesAndTerritories_03312020.xlsx[ALL]	LA	LIVONIA POLICE DEPT	RIFLE,7.62 MILLIMETER	2001-07-05	138.0	1	Each	police	10	05	00	5891271	not in file	1005-00-589-1271	not in file	not in file	D	1.0	State	not in file	not in file	not in file	not in file	2001Q3
DISP_AllStatesAndTerritories_03312020.xlsx[ALL]	LA	NORTH HODGE POLICE DEPT	PISTOL,CALIBER .45,AUTOMATIC	2001-07-05	58.71	1	Each	police	10	05	00	7265655	not in file	1005-00-726-5655	not in file	not in file	D	1.0	State	not in file	not in file	not in file	not in file	2001Q3
DISP_AllStatesAndTerritories_03312020.xlsx[ALL]	MD	ANNE ARUNDEL COUNTY SHERIFF DEPT	NIGHT VISION GOGGLE	2001-09-13	4300.0	1	Each	sheriff	58	55	01	2280936	not in file	5855-01-228-0936	not in file	not in file	F	1.0	State	not in file	not in file	not in file	not in file	2001Q3
DISP_AllStatesAndTerritories_03312020.xlsx[ALL]	MD	STATE POLICE	NIGHT VISION GOGGLE	2001-09-13	3578.0	1	Each	police	58	55	01	2280937	not in file	5855-01-228-0937	not in file	not in file	F	1.0	State	not in file	not in file	not in file	not in file	2001Q3
DISP_AllStatesAndTerritories_03312020.xlsx[ALL]	MI	KALAMAZOO COUNTY SHERIFF OFFICE	RIFLE,7.62 MILLIMETER	2001-08-28	138.0	1	Each	sheriff	10	05	00	5891271	not in file	1005-00-589-1271	not in file	not in file	D	1.0	State	not in file	not in file	not in file	not in file	2001Q3
DISP_AllStatesAndTerritories_03312020.xlsx[ALL]	MI	KALAMAZOO COUNTY SHERIFF OFFICE	RIFLE,7.62 MILLIMETER	2001-08-28	138.0	1	Each	sheriff	10	05	00	5891271	not in file	1005-00-589-1271	not in file	not in file	D	1.0	State	not in file	not in file	not in file	not in file	2001Q3
DISP_AllStatesAndTerritories_03312020.xlsx[ALL]	MI	KALAMAZOO COUNTY SHERIFF OFFICE	RIFLE,7.62 MILLIMETER	2001-08-28	138.0	1	Each	sheriff	10	05	00	5891271	not in file	1005-00-589-1271	not in file	not in file	D	1.0	State	not in file	not in file	not in file	not in file	2001Q3
DISP_AllStatesAndTerritories_03312020.xlsx[ALL]	MI	KALAMAZOO COUNTY SHERIFF OFFICE	RIFLE,7.62 MILLIMETER	2001-08-28	138.0	1	Each	sheriff	10	05	00	5891271	not in file	1005-00-589-1271	not in file	not in file	D	1.0	State	not in file	not in file	not in file	not in file	2001Q3
DISP_AllStatesAndTerritories_03312020.xlsx[ALL]	MI	ZILWAUKEE CITY POLICE DEPT	PISTOL,CALIBER .45,AUTOMATIC	2001-08-21	58.71	1	Each	police	10	05	00	7265655	not in file	1005-00-726-5655	not in file	not in file	D	1.0	State	not in file	not in file	not in file	not in file	2001Q3
DISP_AllStatesAndTerritories_03312020.xlsx[ALL]	MI	ZILWAUKEE CITY POLICE DEPT	RIFLE,7.62 MILLIMETER	2001-08-21	138.0	1	Each	police	10	05	00	5891271	not in file	1005-00-589-1271	not in file	not in file	D	1.0	State	not in file	not in file	not in file	not in file	2001Q3
DISP_AllStatesAndTerritories_03312020.xlsx[ALL]	NE	GRAND ISLAND POLICE DEPT	RIFLE,7.62 MILLIMETER	2001-08-21	138.0	1	Each	police	10	05	00	5891271	not in file	1005-00-589-1271	not in file	not in file	D	1.0	State	not in file	not in file	not in file	not in file	2001Q3
DISP_AllStatesAndTerritories_03312020.xlsx[ALL]	NE	GRAND ISLAND POLICE DEPT	RIFLE,7.62 MILLIMETER	2001-08-21	138.0	1	Each	police	10	05	00	5891271	not in file	1005-00-589-1271	not in file	not in file	D	1.0	State	not in file	not in file	not in file	not in file	2001Q3
DISP_AllStatesAndTerritories_03312020.xlsx[ALL]	NE	GRAND ISLAND POLICE DEPT	RIFLE,7.62 MILLIMETER	2001-08-21	138.0	1	Each	police	10	05	00	5891271	not in file	1005-00-589-1271	not in file	not in file	D	1.0	State	not in file	not in file	not in file	not in file	2001Q3
DISP_AllStatesAndTerritories_03312020.xlsx[ALL]	NE	GRAND ISLAND POLICE DEPT	RIFLE,7.62 MILLIMETER	2001-08-21	138.0	1	Each	police	10	05	00	5891271	not in file	1005-00-589-1271	not in file	not in file	D	1.0	State	not in file	not in file	not in file	not in file	2001Q3
DISP_AllStatesAndTerritories_03312020.xlsx[ALL]	NE	GRAND ISLAND POLICE DEPT	RIFLE,7.62 MILLIMETER	2001-08-21	138.0	1	Each	police	10	05	00	5891271	not in file	1005-00-589-1271	not in file	not in file	D	1.0	State	not in file	not in file	not in file	not in file	2001Q3
DISP_AllStatesAndTerritories_03312020.xlsx[ALL]	NE	GRAND ISLAND POLICE DEPT	RIFLE,7.62 MILLIMETER	2001-08-21	138.0	1	Each	police	10	05	00	5891271	not in file	1005-00-589-1271	not in file	not in file	D	1.0	State	not in file	not in file	not in file	not in file	2001Q3
DISP_AllStatesAndTerritories_03312020.xlsx[ALL]	NE	GRAND ISLAND POLICE DEPT	RIFLE,7.62 MILLIMETER	2001-08-21	138.0	1	Each	police	10	05	00	5891271	not in file	1005-00-589-1271	not in file	not in file	D	1.0	State	not in file	not in file	not in file	not in file	2001Q3
DISP_AllStatesAndTerritories_03312020.xlsx[ALL]	NE	GREELEY COUNTY SHERIFF DEPT	RIFLE,7.62 MILLIMETER	2001-08-21	138.0	1	Each	sheriff	10	05	00	5891271	not in file	1005-00-589-1271	not in file	not in file	D	1.0	State	not in file	not in file	not in file	not in file	2001Q3
DISP_AllStatesAndTerritories_03312020.xlsx[ALL]	NE	GREELEY COUNTY SHERIFF DEPT	RIFLE,7.62 MILLIMETER	2001-08-21	138.0	1	Each	sheriff	10	05	00	5891271	not in file	1005-00-589-1271	not in file	not in file	D	1.0	State	not in file	not in file	not in file	not in file	2001Q3
DISP_AllStatesAndTerritories_03312020.xlsx[ALL]	NE	HOWARD COUNTYSHERIFF	RIFLE,7.62 MILLIMETER	2001-08-21	138.0	1	Each	other	10	05	00	5891271	not in file	1005-00-589-1271	not in file	not in file	D	1.0	State	not in file	not in file	not in file	not in file	2001Q3
DISP_AllStatesAndTerritories_03312020.xlsx[ALL]	NJ	DELRAN TOWNSHIP POLICE DEPT	RIFLE,7.62 MILLIMETER	2001-07-05	138.0	1	Each	police	10	05	00	5891271	not in file	1005-00-589-1271	not in file	not in file	D	1.0	State	not in file	not in file	not in file	not in file	2001Q3
DISP_AllStatesAndTerritories_03312020.xlsx[ALL]	NJ	DELRAN TOWNSHIP POLICE DEPT	RIFLE,7.62 MILLIMETER	2001-07-05	138.0	1	Each	police	10	05	00	5891271	not in file	1005-00-589-1271	not in file	not in file	D	1.0	State	not in file	not in file	not in file	not in file	2001Q3
DISP_AllStatesAndTerritories_03312020.xlsx[ALL]	NJ	DELRAN TOWNSHIP POLICE DEPT	RIFLE,7.62 MILLIMETER	2001-07-05	138.0	1	Each	police	10	05	00	5891271	not in file	1005-00-589-1271	not in file	not in file	D	1.0	State	not in file	not in file	not in file	not in file	2001Q3
DISP_AllStatesAndTerritories_03312020.xlsx[ALL]	NJ	DELRAN TOWNSHIP POLICE DEPT	RIFLE,7.62 MILLIMETER	2001-07-05	138.0	1	Each	police	10	05	00	5891271	not in file	1005-00-589-1271	not in file	not in file	D	1.0	State	not in file	not in file	not in file	not in file	2001Q3
DISP_AllStatesAndTerritories_03312020.xlsx[ALL]	NJ	GARFIELD POLICE DEPARTMENT	RIFLE,7.62 MILLIMETER	2001-07-06	138.0	1	Each	police	10	05	00	5891271	not in file	1005-00-589-1271	not in file	not in file	D	1.0	State	not in file	not in file	not in file	not in file	2001Q3
DISP_AllStatesAndTerritories_03312020.xlsx[ALL]	NJ	GARFIELD POLICE DEPARTMENT	RIFLE,7.62 MILLIMETER	2001-07-06	138.0	1	Each	police	10	05	00	5891271	not in file	1005-00-589-1271	not in file	not in file	D	1.0	State	not in file	not in file	not in file	not in file	2001Q3
DISP_AllStatesAndTerritories_03312020.xlsx[ALL]	NJ	GARFIELD POLICE DEPARTMENT	RIFLE,7.62 MILLIMETER	2001-07-06	138.0	1	Each	police	10	05	00	5891271	not in file	1005-00-589-1271	not in file	not in file	D	1.0	State	not in file	not in file	not in file	not in file	2001Q3
DISP_AllStatesAndTerritories_03312020.xlsx[ALL]	NJ	GARFIELD POLICE DEPARTMENT	RIFLE,7.62 MILLIMETER	2001-07-06	138.0	1	Each	police	10	05	00	5891271	not in file	1005-00-589-1271	not in file	not in file	D	1.0	State	not in file	not in file	not in file	not in file	2001Q3
DISP_AllStatesAndTerritories_03312020.xlsx[ALL]	NJ	GARFIELD POLICE DEPARTMENT	RIFLE,7.62 MILLIMETER	2001-07-06	138.0	1	Each	police	10	05	00	5891271	not in file	1005-00-589-1271	not in file	not in file	D	1.0	State	not in file	not in file	not in file	not in file	2001Q3
DISP_AllStatesAndTerritories_03312020.xlsx[ALL]	NJ	GARFIELD POLICE DEPARTMENT	RIFLE,7.62 MILLIMETER	2001-07-06	138.0	1	Each	police	10	05	00	5891271	not in file	1005-00-589-1271	not in file	not in file	D	1.0	State	not in file	not in file	not in file	not in file	2001Q3
DISP_AllStatesAndTerritories_03312020.xlsx[ALL]	NJ	ROXBURY TOWNSHIP POLICE DEPT	RIFLE,7.62 MILLIMETER	2001-08-21	138.0	1	Each	police	10	05	00	5891271	not in file	1005-00-589-1271	not in file	not in file	D	1.0	State	not in file	not in file	not in file	not in file	2001Q3
DISP_AllStatesAndTerritories_03312020.xlsx[ALL]	NJ	ROXBURY TOWNSHIP POLICE DEPT	RIFLE,7.62 MILLIMETER	2001-08-21	138.0	1	Each	police	10	05	00	5891271	not in file	1005-00-589-1271	not in file	not in file	D	1.0	State	not in file	not in file	not in file	not in file	2001Q3
DISP_AllStatesAndTerritories_03312020.xlsx[ALL]	NJ	ROXBURY TOWNSHIP POLICE DEPT	RIFLE,7.62 MILLIMETER	2001-08-21	138.0	1	Each	police	10	05	00	5891271	not in file	1005-00-589-1271	not in file	not in file	D	1.0	State	not in file	not in file	not in file	not in file	2001Q3
DISP_AllStatesAndTerritories_03312020.xlsx[ALL]	NJ	ROXBURY TOWNSHIP POLICE DEPT	RIFLE,7.62 MILLIMETER	2001-08-21	138.0	1	Each	police	10	05	00	5891271	not in file	1005-00-589-1271	not in file	not in file	D	1.0	State	not in file	not in file	not in file	not in file	2001Q3
DISP_AllStatesAndTerritories_03312020.xlsx[ALL]	NJ	ROXBURY TOWNSHIP POLICE DEPT	RIFLE,7.62 MILLIMETER	2001-08-21	138.0	1	Each	police	10	05	00	5891271	not in file	1005-00-589-1271	not in file	not in file	D	1.0	State	not in file	not in file	not in file	not in file	2001Q3
DISP_AllStatesAndTerritories_03312020.xlsx[ALL]	NJ	ROXBURY TOWNSHIP POLICE DEPT	RIFLE,7.62 MILLIMETER	2001-08-21	138.0	1	Each	police	10	05	00	5891271	not in file	1005-00-589-1271	not in file	not in file	D	1.0	State	not in file	not in file	not in file	not in file	2001Q3
DISP_AllStatesAndTerritories_03312020.xlsx[ALL]	NC	NC CENTRAL UNIVERSITY POLICE  HI_ED	RIFLE,7.62 MILLIMETER	2001-08-21	138.0	1	Each	police	10	05	00	5891271	not in file	1005-00-589-1271	not in file	not in file	D	1.0	State	not in file	not in file	not in file	not in file	2001Q3
DISP_AllStatesAndTerritories_03312020.xlsx[ALL]	NC	NC CENTRAL UNIVERSITY POLICE  HI_ED	RIFLE,7.62 MILLIMETER	2001-08-21	138.0	1	Each	police	10	05	00	5891271	not in file	1005-00-589-1271	not in file	not in file	D	1.0	State	not in file	not in file	not in file	not in file	2001Q3
DISP_AllStatesAndTerritories_03312020.xlsx[ALL]	NC	NC CENTRAL UNIVERSITY POLICE  HI_ED	RIFLE,7.62 MILLIMETER	2001-08-21	138.0	1	Each	police	10	05	00	5891271	not in file	1005-00-589-1271	not in file	not in file	D	1.0	State	not in file	not in file	not in file	not in file	2001Q3
DISP_AllStatesAndTerritories_03312020.xlsx[ALL]	ND	RAMSEY COUNTY SHERIFF DEPT	NIGHT VISION GOGGLE	2001-08-07	4300.0	1	Each	sheriff	58	55	01	2280936	not in file	5855-01-228-0936	not in file	not in file	F	1.0	State	not in file	not in file	not in file	not in file	2001Q3
DISP_AllStatesAndTerritories_03312020.xlsx[ALL]	ND	RAMSEY COUNTY SHERIFF DEPT	NIGHT VISION GOGGLE	2001-08-07	4300.0	1	Each	sheriff	58	55	01	2280936	not in file	5855-01-228-0936	not in file	not in file	F	1.0	State	not in file	not in file	not in file	not in file	2001Q3
DISP_AllStatesAndTerritories_03312020.xlsx[ALL]	TN	ELKTON POLICE DEPT	RIFLE,7.62 MILLIMETER	2001-08-21	138.0	1	Each	police	10	05	00	5891271	not in file	1005-00-589-1271	not in file	not in file	D	1.0	State	not in file	not in file	not in file	not in file	2001Q3
DISP_AllStatesAndTerritories_03312020.xlsx[ALL]	TN	MADISON COUNTY SHERIFF'S OFFICE	RIFLE,7.62 MILLIMETER	2001-08-21	138.0	1	Each	sheriff	10	05	00	5891271	not in file	1005-00-589-1271	not in file	not in file	D	1.0	State	not in file	not in file	not in file	not in file	2001Q3
DISP_AllStatesAndTerritories_03312020.xlsx[ALL]	TN	MADISON COUNTY SHERIFF'S OFFICE	RIFLE,7.62 MILLIMETER	2001-08-21	138.0	1	Each	sheriff	10	05	00	5891271	not in file	1005-00-589-1271	not in file	not in file	D	1.0	State	not in file	not in file	not in file	not in file	2001Q3
DISP_AllStatesAndTerritories_03312020.xlsx[ALL]	TN	MADISON COUNTY SHERIFF'S OFFICE	RIFLE,7.62 MILLIMETER	2001-08-21	138.0	1	Each	sheriff	10	05	00	5891271	not in file	1005-00-589-1271	not in file	not in file	D	1.0	State	not in file	not in file	not in file	not in file	2001Q3
DISP_AllStatesAndTerritories_03312020.xlsx[ALL]	TN	MADISON COUNTY SHERIFF'S OFFICE	RIFLE,7.62 MILLIMETER	2001-08-21	138.0	1	Each	sheriff	10	05	00	5891271	not in file	1005-00-589-1271	not in file	not in file	D	1.0	State	not in file	not in file	not in file	not in file	2001Q3
DISP_AllStatesAndTerritories_03312020.xlsx[ALL]	TN	MADISON COUNTY SHERIFF'S OFFICE	RIFLE,7.62 MILLIMETER	2001-08-21	138.0	1	Each	sheriff	10	05	00	5891271	not in file	1005-00-589-1271	not in file	not in file	D	1.0	State	not in file	not in file	not in file	not in file	2001Q3
DISP_AllStatesAndTerritories_03312020.xlsx[ALL]	TN	MADISON COUNTY SHERIFF'S OFFICE	RIFLE,7.62 MILLIMETER	2001-08-21	138.0	1	Each	sheriff	10	05	00	5891271	not in file	1005-00-589-1271	not in file	not in file	D	1.0	State	not in file	not in file	not in file	not in file	2001Q3
DISP_AllStatesAndTerritories_03312020.xlsx[ALL]	TN	MADISON COUNTY SHERIFF'S OFFICE	RIFLE,7.62 MILLIMETER	2001-08-21	138.0	1	Each	sheriff	10	05	00	5891271	not in file	1005-00-589-1271	not in file	not in file	D	1.0	State	not in file	not in file	not in file	not in file	2001Q3
DISP_AllStatesAndTerritories_03312020.xlsx[ALL]	TN	ROANE COUNTY SHERIFF DEPT	RIFLE,7.62 MILLIMETER	2001-08-21	138.0	1	Each	sheriff	10	05	00	5891271	not in file	1005-00-589-1271	not in file	not in file	D	1.0	State	not in file	not in file	not in file	not in file	2001Q3
DISP_AllStatesAndTerritories_03312020.xlsx[ALL]	TN	ROANE COUNTY SHERIFF DEPT	RIFLE,7.62 MILLIMETER	2001-08-21	138.0	1	Each	sheriff	10	05	00	5891271	not in file	1005-00-589-1271	not in file	not in file	D	1.0	State	not in file	not in file	not in file	not in file	2001Q3
DISP_AllStatesAndTerritories_03312020.xlsx[ALL]	TN	ROANE COUNTY SHERIFF DEPT	RIFLE,7.62 MILLIMETER	2001-08-21	138.0	1	Each	sheriff	10	05	00	5891271	not in file	1005-00-589-1271	not in file	not in file	D	1.0	State	not in file	not in file	not in file	not in file	2001Q3
DISP_AllStatesAndTerritories_03312020.xlsx[ALL]	TN	ROANE COUNTY SHERIFF DEPT	RIFLE,7.62 MILLIMETER	2001-08-21	138.0	1	Each	sheriff	10	05	00	5891271	not in file	1005-00-589-1271	not in file	not in file	D	1.0	State	not in file	not in file	not in file	not in file	2001Q3
DISP_AllStatesAndTerritories_03312020.xlsx[ALL]	TN	ROANE COUNTY SHERIFF DEPT	RIFLE,7.62 MILLIMETER	2001-08-21	138.0	1	Each	sheriff	10	05	00	5891271	not in file	1005-00-589-1271	not in file	not in file	D	1.0	State	not in file	not in file	not in file	not in file	2001Q3
DISP_AllStatesAndTerritories_03312020.xlsx[ALL]	TN	ROANE COUNTY SHERIFF DEPT	RIFLE,7.62 MILLIMETER	2001-08-21	138.0	1	Each	sheriff	10	05	00	5891271	not in file	1005-00-589-1271	not in file	not in file	D	1.0	State	not in file	not in file	not in file	not in file	2001Q3
DISP_AllStatesAndTerritories_03312020.xlsx[ALL]	TN	ROANE COUNTY SHERIFF DEPT	RIFLE,7.62 MILLIMETER	2001-08-21	138.0	1	Each	sheriff	10	05	00	5891271	not in file	1005-00-589-1271	not in file	not in file	D	1.0	State	not in file	not in file	not in file	not in file	2001Q3
DISP_AllStatesAndTerritories_03312020.xlsx[ALL]	TX	BRAZOS COUNTY SHERIFF'S OFFICE	RIFLE,7.62 MILLIMETER	2001-08-21	138.0	1	Each	sheriff	10	05	00	5891271	not in file	1005-00-589-1271	not in file	not in file	D	1.0	State	not in file	not in file	not in file	not in file	2001Q3
DISP_AllStatesAndTerritories_03312020.xlsx[ALL]	TX	BRAZOS COUNTY SHERIFF'S OFFICE	RIFLE,7.62 MILLIMETER	2001-08-21	138.0	1	Each	sheriff	10	05	00	5891271	not in file	1005-00-589-1271	not in file	not in file	D	1.0	State	not in file	not in file	not in file	not in file	2001Q3
DISP_AllStatesAndTerritories_03312020.xlsx[ALL]	TX	BRAZOS COUNTY SHERIFF'S OFFICE	RIFLE,7.62 MILLIMETER	2001-08-21	138.0	1	Each	sheriff	10	05	00	5891271	not in file	1005-00-589-1271	not in file	not in file	D	1.0	State	not in file	not in file	not in file	not in file	2001Q3
DISP_AllStatesAndTerritories_03312020.xlsx[ALL]	TX	BRAZOS COUNTY SHERIFF'S OFFICE	RIFLE,7.62 MILLIMETER	2001-08-21	138.0	1	Each	sheriff	10	05	00	5891271	not in file	1005-00-589-1271	not in file	not in file	D	1.0	State	not in file	not in file	not in file	not in file	2001Q3
DISP_AllStatesAndTerritories_03312020.xlsx[ALL]	TX	RANCHO VIEJO POLICE DEPT	PISTOL,CALIBER .45,AUTOMATIC	2001-08-21	58.71	1	Each	police	10	05	00	7265655	not in file	1005-00-726-5655	not in file	not in file	D	1.0	State	not in file	not in file	not in file	not in file	2001Q3
DISP_AllStatesAndTerritories_03312020.xlsx[ALL]	UT	GRANTSVILLE POLICE DEPT	RIFLE,7.62 MILLIMETER	2001-07-06	138.0	1	Each	police	10	05	00	5891271	not in file	1005-00-589-1271	not in file	not in file	D	1.0	State	not in file	not in file	not in file	not in file	2001Q3
DISP_AllStatesAndTerritories_03312020.xlsx[ALL]	VA	PATRICK CSO	INFRARED EQUIPMENT,SUBASSEMBLY	2001-08-14	503.0	2	Each	community outreach	58	55	01	3984315	not in file	5855-01-398-4315	not in file	not in file	D	1.0	State	not in file	not in file	not in file	not in file	2001Q3
DISP_AllStatesAndTerritories_03312020.xlsx[ALL]	WI	ADAMS COUNTY SHERIFF OFFICE	RIFLE,7.62 MILLIMETER	2001-08-21	138.0	1	Each	sheriff	10	05	00	5891271	not in file	1005-00-589-1271	not in file	not in file	D	1.0	State	not in file	not in file	not in file	not in file	2001Q3
DISP_AllStatesAndTerritories_03312020.xlsx[ALL]	WI	ADAMS COUNTY SHERIFF OFFICE	RIFLE,7.62 MILLIMETER	2001-08-21	138.0	1	Each	sheriff	10	05	00	5891271	not in file	1005-00-589-1271	not in file	not in file	D	1.0	State	not in file	not in file	not in file	not in file	2001Q3
DISP_AllStatesAndTerritories_03312020.xlsx[ALL]	WI	ADAMS COUNTY SHERIFF OFFICE	RIFLE,7.62 MILLIMETER	2001-08-21	138.0	1	Each	sheriff	10	05	00	5891271	not in file	1005-00-589-1271	not in file	not in file	D	1.0	State	not in file	not in file	not in file	not in file	2001Q3
DISP_AllStatesAndTerritories_03312020.xlsx[ALL]	WI	ADAMS COUNTY SHERIFF OFFICE	RIFLE,7.62 MILLIMETER	2001-08-21	138.0	1	Each	sheriff	10	05	00	5891271	not in file	1005-00-589-1271	not in file	not in file	D	1.0	State	not in file	not in file	not in file	not in file	2001Q3
DISP_AllStatesAndTerritories_03312020.xlsx[ALL]	WI	ADAMS COUNTY SHERIFF OFFICE	RIFLE,7.62 MILLIMETER	2001-08-21	138.0	1	Each	sheriff	10	05	00	5891271	not in file	1005-00-589-1271	not in file	not in file	D	1.0	State	not in file	not in file	not in file	not in file	2001Q3
DISP_AllStatesAndTerritories_03312020.xlsx[ALL]	WI	ADAMS COUNTY SHERIFF OFFICE	RIFLE,7.62 MILLIMETER	2001-08-21	138.0	1	Each	sheriff	10	05	00	5891271	not in file	1005-00-589-1271	not in file	not in file	D	1.0	State	not in file	not in file	not in file	not in file	2001Q3
DISP_AllStatesAndTerritories_03312020.xlsx[ALL]	WI	ADAMS COUNTY SHERIFF OFFICE	RIFLE,7.62 MILLIMETER	2001-08-21	138.0	1	Each	sheriff	10	05	00	5891271	not in file	1005-00-589-1271	not in file	not in file	D	1.0	State	not in file	not in file	not in file	not in file	2001Q3
DISP_AllStatesAndTerritories_03312020.xlsx[ALL]	WI	ADAMS COUNTY SHERIFF OFFICE	RIFLE,7.62 MILLIMETER	2001-08-21	138.0	1	Each	sheriff	10	05	00	5891271	not in file	1005-00-589-1271	not in file	not in file	D	1.0	State	not in file	not in file	not in file	not in file	2001Q3
DISP_AllStatesAndTerritories_03312020.xlsx[ALL]	WI	ADAMS COUNTY SHERIFF OFFICE	RIFLE,7.62 MILLIMETER	2001-08-21	138.0	1	Each	sheriff	10	05	00	5891271	not in file	1005-00-589-1271	not in file	not in file	D	1.0	State	not in file	not in file	not in file	not in file	2001Q3
