OriginatingFile	StateAbbreviation	RequestingAgency	ItemDescription	RecordDate	AcquisitionValue	Quantity	UnitIncrement	AgencyType	Item_FSG	Item_FSC	Item_CC	Item_Code	Justification	NSN	FSC	NIIN	DEMILCode	DEMILIC	StationType	RequisitionID	CancelledBy	RTDRef	ReasonCancelled	Quarter
DISP_AllStatesAndTerritories_06302020.xlsx[ALL]	CO	RIO GRANDE COUNTY SHERIFF OFFICE	RIFLE,5.56 MILLIMETER	1997-03-04	499.0	1	Each	sheriff	10	05	00	0739421	not in file	1005-00-073-9421	not in file	not in file	D	1.0	State	not in file	not in file	not in file	not in file	1997Q1
DISP_AllStatesAndTerritories_06302020.xlsx[ALL]	CO	RIO GRANDE COUNTY SHERIFF OFFICE	RIFLE,5.56 MILLIMETER	1997-03-04	499.0	1	Each	sheriff	10	05	00	0739421	not in file	1005-00-073-9421	not in file	not in file	D	1.0	State	not in file	not in file	not in file	not in file	1997Q1
DISP_AllStatesAndTerritories_06302020.xlsx[ALL]	CO	RIO GRANDE COUNTY SHERIFF OFFICE	RIFLE,5.56 MILLIMETER	1997-03-04	499.0	1	Each	sheriff	10	05	00	0739421	not in file	1005-00-073-9421	not in file	not in file	D	1.0	State	not in file	not in file	not in file	not in file	1997Q1
DISP_AllStatesAndTerritories_06302020.xlsx[ALL]	FL	BREVARD COUNTY SHERIFFS OFFICE	HELICOPTER,OBSERVATION	1997-02-04	92290.0	1	Each	sheriff	15	20	00	1697137	not in file	1520-00-169-7137	not in file	not in file	C	1.0	State	not in file	not in file	not in file	not in file	1997Q1
DISP_AllStatesAndTerritories_06302020.xlsx[ALL]	FL	BREVARD COUNTY SHERIFFS OFFICE	HELICOPTER,OBSERVATION	1997-02-04	92290.0	1	Each	sheriff	15	20	00	1697137	not in file	1520-00-169-7137	not in file	not in file	C	1.0	State	not in file	not in file	not in file	not in file	1997Q1
DISP_AllStatesAndTerritories_06302020.xlsx[ALL]	FL	LAKE COUNTY SHERIFF'S OFFICE	HELICOPTER,OBSERVATION	1997-02-04	92290.0	1	Each	sheriff	15	20	00	1697137	not in file	1520-00-169-7137	not in file	not in file	C	1.0	State	not in file	not in file	not in file	not in file	1997Q1
DISP_AllStatesAndTerritories_06302020.xlsx[ALL]	FL	LAKE COUNTY SHERIFF'S OFFICE	HELICOPTER,OBSERVATION	1997-02-04	92290.0	1	Each	sheriff	15	20	00	1697137	not in file	1520-00-169-7137	not in file	not in file	C	1.0	State	not in file	not in file	not in file	not in file	1997Q1
DISP_AllStatesAndTerritories_06302020.xlsx[ALL]	IN	BROWN COUNTY SHERIFF DEPT	SIGHT,NIGHT VISION	1997-01-13	5029.0	1	Each	sheriff	58	55	00	1061573	not in file	5855-00-106-1573	not in file	not in file	C		State	not in file	not in file	not in file	not in file	1997Q1
DISP_AllStatesAndTerritories_06302020.xlsx[ALL]	IN	PORTLAND POLICE DEPT	RIFLE,5.56 MILLIMETER	1997-03-04	499.0	1	Each	police	10	05	00	0739421	not in file	1005-00-073-9421	not in file	not in file	D	1.0	State	not in file	not in file	not in file	not in file	1997Q1
DISP_AllStatesAndTerritories_06302020.xlsx[ALL]	MA	WEST SPRINGFIELD POLICE DEPT	RIFLE,7.62 MILLIMETER	1997-01-21	1278.0	1	Each	police	10	05	00	1790300	not in file	1005-00-179-0300	not in file	not in file	D	1.0	State	not in file	not in file	not in file	not in file	1997Q1
DISP_AllStatesAndTerritories_06302020.xlsx[ALL]	NE	OMAHA POLICE DEPT	HELICOPTER,OBSERVATION	1997-01-06	92290.0	1	Each	police	15	20	00	1697137	not in file	1520-00-169-7137	not in file	not in file	C	1.0	State	not in file	not in file	not in file	not in file	1997Q1
DISP_AllStatesAndTerritories_06302020.xlsx[ALL]	NE	OMAHA POLICE DEPT	HELICOPTER,OBSERVATION	1997-01-06	92290.0	1	Each	police	15	20	00	1697137	not in file	1520-00-169-7137	not in file	not in file	C	1.0	State	not in file	not in file	not in file	not in file	1997Q1
DISP_AllStatesAndTerritories_06302020.xlsx[ALL]	NV	WASHOE COUNTY SHERIFF DEPT	HELICOPTER,OBSERVATION	1997-01-25	92290.0	1	Each	sheriff	15	20	00	1697137	not in file	1520-00-169-7137	not in file	not in file	C	1.0	State	not in file	not in file	not in file	not in file	1997Q1
DISP_AllStatesAndTerritories_06302020.xlsx[ALL]	NV	WASHOE COUNTY SHERIFF DEPT	HELICOPTER,OBSERVATION	1997-01-25	92290.0	1	Each	sheriff	15	20	00	1697137	not in file	1520-00-169-7137	not in file	not in file	C	1.0	State	not in file	not in file	not in file	not in file	1997Q1
DISP_AllStatesAndTerritories_06302020.xlsx[ALL]	TN	KNOX COUNTY SHERIFF'S OFFICE	HELICOPTER,OBSERVATION	1997-02-04	92290.0	1	Each	sheriff	15	20	00	1697137	not in file	1520-00-169-7137	not in file	not in file	C	1.0	State	not in file	not in file	not in file	not in file	1997Q1
DISP_AllStatesAndTerritories_06302020.xlsx[ALL]	TN	KNOX COUNTY SHERIFF'S OFFICE	HELICOPTER,OBSERVATION	1997-02-04	92290.0	1	Each	sheriff	15	20	00	1697137	not in file	1520-00-169-7137	not in file	not in file	C	1.0	State	not in file	not in file	not in file	not in file	1997Q1
DISP_AllStatesAndTerritories_06302020.xlsx[ALL]	TN	METROPOLITAN NASHVILLE POLICE DEPT	HELICOPTER,OBSERVATION	1997-01-08	92290.0	1	Each	police	15	20	00	1697137	not in file	1520-00-169-7137	not in file	not in file	C	1.0	State	not in file	not in file	not in file	not in file	1997Q1
DISP_AllStatesAndTerritories_06302020.xlsx[ALL]	TN	METROPOLITAN NASHVILLE POLICE DEPT	HELICOPTER,OBSERVATION	1997-01-08	92290.0	1	Each	police	15	20	00	1697137	not in file	1520-00-169-7137	not in file	not in file	C	1.0	State	not in file	not in file	not in file	not in file	1997Q1
DISP_AllStatesAndTerritories_06302020.xlsx[ALL]	WY	NATRONA COUNTY SHERIFF'S OFFICE	TRUCK,ARMORED	1997-03-20	65070.0	1	Each	sheriff	23	20	01	0747642	not in file	2320-01-074-7642	not in file	not in file	C	1.0	State	not in file	not in file	not in file	not in file	1997Q1
DISP_AllStatesAndTerritories_06302020.xlsx[ALL]	WY	NATRONA COUNTY SHERIFF'S OFFICE	TRUCK,ARMORED	1997-03-20	65070.0	1	Each	sheriff	23	20	01	0747642	not in file	2320-01-074-7642	not in file	not in file	C	1.0	State	not in file	not in file	not in file	not in file	1997Q1
OriginatingFile	StateAbbreviation	RequestingAgency	ItemDescription	RecordDate	AcquisitionValue	Quantity	UnitIncrement	AgencyType	Item_FSG	Item_FSC	Item_CC	Item_Code	Justification	NSN	FSC	NIIN	DEMILCode	DEMILIC	StationType	RequisitionID	CancelledBy	RTDRef	ReasonCancelled	Quarter
DISP_AllStatesAndTerritories_03312020.xlsx[ALL]	CO	MORGAN COUNTY SHERIFF OFFICE	RIFLE,5.56 MILLIMETER	1997-03-04	499.0	1	Each	sheriff	10	05	00	0739421	not in file	1005-00-073-9421	not in file	not in file	D	1.0	State	not in file	not in file	not in file	not in file	1997Q1
DISP_AllStatesAndTerritories_03312020.xlsx[ALL]	CO	MORGAN COUNTY SHERIFF OFFICE	RIFLE,5.56 MILLIMETER	1997-03-04	499.0	1	Each	sheriff	10	05	00	0739421	not in file	1005-00-073-9421	not in file	not in file	D	1.0	State	not in file	not in file	not in file	not in file	1997Q1
DISP_AllStatesAndTerritories_03312020.xlsx[ALL]	CO	MORGAN COUNTY SHERIFF OFFICE	RIFLE,5.56 MILLIMETER	1997-03-04	499.0	1	Each	sheriff	10	05	00	0739421	not in file	1005-00-073-9421	not in file	not in file	D	1.0	State	not in file	not in file	not in file	not in file	1997Q1
DISP_AllStatesAndTerritories_03312020.xlsx[ALL]	FL	BREVARD COUNTY SHERIFF'S OFFICE	HELICOPTER,OBSERVATION	1997-02-04	92290.0	1	Each	sheriff	15	20	00	1697137	not in file	1520-00-169-7137	not in file	not in file	C	1.0	State	not in file	not in file	not in file	not in file	1997Q1
DISP_AllStatesAndTerritories_03312020.xlsx[ALL]	FL	BREVARD COUNTY SHERIFF'S OFFICE	HELICOPTER,OBSERVATION	1997-02-04	92290.0	1	Each	sheriff	15	20	00	1697137	not in file	1520-00-169-7137	not in file	not in file	C	1.0	State	not in file	not in file	not in file	not in file	1997Q1
DISP_AllStatesAndTerritories_03312020.xlsx[ALL]	FL	LAKE COUNTY SHERIFF'S OFFICE	HELICOPTER,OBSERVATION	1997-02-04	92290.0	1	Each	sheriff	15	20	00	1697137	not in file	1520-00-169-7137	not in file	not in file	C	1.0	State	not in file	not in file	not in file	not in file	1997Q1
DISP_AllStatesAndTerritories_03312020.xlsx[ALL]	FL	LAKE COUNTY SHERIFF'S OFFICE	HELICOPTER,OBSERVATION	1997-02-04	92290.0	1	Each	sheriff	15	20	00	1697137	not in file	1520-00-169-7137	not in file	not in file	C	1.0	State	not in file	not in file	not in file	not in file	1997Q1
DISP_AllStatesAndTerritories_03312020.xlsx[ALL]	IN	BROWN COUNTY SHERIFF DEPT	SIGHT,NIGHT VISION	1997-01-13	5029.0	1	Each	sheriff	58	55	00	1061573	not in file	5855-00-106-1573	not in file	not in file	C		State	not in file	not in file	not in file	not in file	1997Q1
DISP_AllStatesAndTerritories_03312020.xlsx[ALL]	IN	PORTLAND POLICE DEPT	RIFLE,5.56 MILLIMETER	1997-03-04	499.0	1	Each	police	10	05	00	0739421	not in file	1005-00-073-9421	not in file	not in file	D	1.0	State	not in file	not in file	not in file	not in file	1997Q1
DISP_AllStatesAndTerritories_03312020.xlsx[ALL]	MA	WEST SPRINGFIELD POLICE DEPT	RIFLE,7.62 MILLIMETER	1997-01-21	1278.0	1	Each	police	10	05	00	1790300	not in file	1005-00-179-0300	not in file	not in file	D	1.0	State	not in file	not in file	not in file	not in file	1997Q1
DISP_AllStatesAndTerritories_03312020.xlsx[ALL]	NE	OMAHA POLICE DEPT	HELICOPTER,OBSERVATION	1997-01-06	92290.0	1	Each	police	15	20	00	1697137	not in file	1520-00-169-7137	not in file	not in file	C	1.0	State	not in file	not in file	not in file	not in file	1997Q1
DISP_AllStatesAndTerritories_03312020.xlsx[ALL]	NE	OMAHA POLICE DEPT	HELICOPTER,OBSERVATION	1997-01-06	92290.0	1	Each	police	15	20	00	1697137	not in file	1520-00-169-7137	not in file	not in file	C	1.0	State	not in file	not in file	not in file	not in file	1997Q1
DISP_AllStatesAndTerritories_03312020.xlsx[ALL]	NV	WASHOE COUNTY SHERIFF DEPT	HELICOPTER,OBSERVATION	1997-01-25	92290.0	1	Each	sheriff	15	20	00	1697137	not in file	1520-00-169-7137	not in file	not in file	C	1.0	State	not in file	not in file	not in file	not in file	1997Q1
DISP_AllStatesAndTerritories_03312020.xlsx[ALL]	NV	WASHOE COUNTY SHERIFF DEPT	HELICOPTER,OBSERVATION	1997-01-25	92290.0	1	Each	sheriff	15	20	00	1697137	not in file	1520-00-169-7137	not in file	not in file	C	1.0	State	not in file	not in file	not in file	not in file	1997Q1
DISP_AllStatesAndTerritories_03312020.xlsx[ALL]	TN	KNOX COUNTY SHERIFF'S OFFICE	HELICOPTER,OBSERVATION	1997-02-04	92290.0	1	Each	sheriff	15	20	00	1697137	not in file	1520-00-169-7137	not in file	not in file	C	1.0	State	not in file	not in file	not in file	not in file	1997Q1
DISP_AllStatesAndTerritories_03312020.xlsx[ALL]	TN	KNOX COUNTY SHERIFF'S OFFICE	HELICOPTER,OBSERVATION	1997-02-04	92290.0	1	Each	sheriff	15	20	00	1697137	not in file	1520-00-169-7137	not in file	not in file	C	1.0	State	not in file	not in file	not in file	not in file	1997Q1
DISP_AllStatesAndTerritories_03312020.xlsx[ALL]	TN	METROPOLITAN NASHVILLE POLICE DEPT	HELICOPTER,OBSERVATION	1997-01-08	92290.0	1	Each	police	15	20	00	1697137	not in file	1520-00-169-7137	not in file	not in file	C	1.0	State	not in file	not in file	not in file	not in file	1997Q1
DISP_AllStatesAndTerritories_03312020.xlsx[ALL]	TN	METROPOLITAN NASHVILLE POLICE DEPT	HELICOPTER,OBSERVATION	1997-01-08	92290.0	1	Each	police	15	20	00	1697137	not in file	1520-00-169-7137	not in file	not in file	C	1.0	State	not in file	not in file	not in file	not in file	1997Q1
DISP_AllStatesAndTerritories_03312020.xlsx[ALL]	WY	NATRONA COUNTY SHERIFF'S OFFICE	TRUCK,ARMORED	1997-03-20	65070.0	1	Each	sheriff	23	20	01	0747642	not in file	2320-01-074-7642	not in file	not in file	C	1.0	State	not in file	not in file	not in file	not in file	1997Q1
DISP_AllStatesAndTerritories_03312020.xlsx[ALL]	WY	NATRONA COUNTY SHERIFF'S OFFICE	TRUCK,ARMORED	1997-03-20	65070.0	1	Each	sheriff	23	20	01	0747642	not in file	2320-01-074-7642	not in file	not in file	C	1.0	State	not in file	not in file	not in file	not in file	1997Q1
