OriginatingFile	StateAbbreviation	RequestingAgency	ItemDescription	RecordDate	AcquisitionValue	Quantity	UnitIncrement	AgencyType	Item_FSG	Item_FSC	Item_CC	Item_Code	Justification	NSN	FSC	NIIN	DEMILCode	DEMILIC	StationType	RequisitionID	CancelledBy	RTDRef	ReasonCancelled	Quarter
DISP_AllStatesAndTerritories_06302020.xlsx[ALL]	CA	MERCED COUNTY SHERIFF OFFICE	TRUCK,ARMORED	1996-10-28	65070.0	1	Each	sheriff	23	20	01	0747642	not in file	2320-01-074-7642	not in file	not in file	C	1.0	State	not in file	not in file	not in file	not in file	1996Q4
DISP_AllStatesAndTerritories_06302020.xlsx[ALL]	CA	RIALTO POLICE DEPT	RIFLE,5.56 MILLIMETER	1996-12-05	499.0	1	Each	police	10	05	00	0739421	not in file	1005-00-073-9421	not in file	not in file	D	1.0	State	not in file	not in file	not in file	not in file	1996Q4
DISP_AllStatesAndTerritories_06302020.xlsx[ALL]	CA	RIALTO POLICE DEPT	RIFLE,7.62 MILLIMETER	1996-12-04	138.0	1	Each	police	10	05	00	5891271	not in file	1005-00-589-1271	not in file	not in file	D	1.0	State	not in file	not in file	not in file	not in file	1996Q4
DISP_AllStatesAndTerritories_06302020.xlsx[ALL]	CA	RIALTO POLICE DEPT	RIFLE,5.56 MILLIMETER	1996-12-05	499.0	1	Each	police	10	05	00	0739421	not in file	1005-00-073-9421	not in file	not in file	D	1.0	State	not in file	not in file	not in file	not in file	1996Q4
DISP_AllStatesAndTerritories_06302020.xlsx[ALL]	CA	RIALTO POLICE DEPT	RIFLE,5.56 MILLIMETER	1996-12-05	499.0	1	Each	police	10	05	00	0739421	not in file	1005-00-073-9421	not in file	not in file	D	1.0	State	not in file	not in file	not in file	not in file	1996Q4
DISP_AllStatesAndTerritories_06302020.xlsx[ALL]	CA	RIALTO POLICE DEPT	RIFLE,7.62 MILLIMETER	1996-12-04	138.0	1	Each	police	10	05	00	5891271	not in file	1005-00-589-1271	not in file	not in file	D	1.0	State	not in file	not in file	not in file	not in file	1996Q4
DISP_AllStatesAndTerritories_06302020.xlsx[ALL]	CA	RIALTO POLICE DEPT	RIFLE,5.56 MILLIMETER	1996-12-05	499.0	1	Each	police	10	05	00	0739421	not in file	1005-00-073-9421	not in file	not in file	D	1.0	State	not in file	not in file	not in file	not in file	1996Q4
DISP_AllStatesAndTerritories_06302020.xlsx[ALL]	CA	RIALTO POLICE DEPT	RIFLE,5.56 MILLIMETER	1996-12-05	499.0	1	Each	police	10	05	00	0739421	not in file	1005-00-073-9421	not in file	not in file	D	1.0	State	not in file	not in file	not in file	not in file	1996Q4
DISP_AllStatesAndTerritories_06302020.xlsx[ALL]	CA	RIALTO POLICE DEPT	RIFLE,5.56 MILLIMETER	1996-12-05	499.0	1	Each	police	10	05	00	0739421	not in file	1005-00-073-9421	not in file	not in file	D	1.0	State	not in file	not in file	not in file	not in file	1996Q4
DISP_AllStatesAndTerritories_06302020.xlsx[ALL]	CA	RIALTO POLICE DEPT	RIFLE,7.62 MILLIMETER	1996-12-04	138.0	1	Each	police	10	05	00	5891271	not in file	1005-00-589-1271	not in file	not in file	D	1.0	State	not in file	not in file	not in file	not in file	1996Q4
DISP_AllStatesAndTerritories_06302020.xlsx[ALL]	CA	RIALTO POLICE DEPT	RIFLE,5.56 MILLIMETER	1996-12-05	499.0	1	Each	police	10	05	00	0739421	not in file	1005-00-073-9421	not in file	not in file	D	1.0	State	not in file	not in file	not in file	not in file	1996Q4
DISP_AllStatesAndTerritories_06302020.xlsx[ALL]	CA	TAFT POLICE DEPT	RIFLE,5.56 MILLIMETER	1996-12-03	499.0	1	Each	police	10	05	00	0739421	not in file	1005-00-073-9421	not in file	not in file	D	1.0	State	not in file	not in file	not in file	not in file	1996Q4
DISP_AllStatesAndTerritories_06302020.xlsx[ALL]	CA	TAFT POLICE DEPT	RIFLE,5.56 MILLIMETER	1996-12-03	499.0	1	Each	police	10	05	00	0739421	not in file	1005-00-073-9421	not in file	not in file	D	1.0	State	not in file	not in file	not in file	not in file	1996Q4
DISP_AllStatesAndTerritories_06302020.xlsx[ALL]	CA	TAFT POLICE DEPT	RIFLE,5.56 MILLIMETER	1996-12-03	499.0	1	Each	police	10	05	00	0739421	not in file	1005-00-073-9421	not in file	not in file	D	1.0	State	not in file	not in file	not in file	not in file	1996Q4
DISP_AllStatesAndTerritories_06302020.xlsx[ALL]	CA	TAFT POLICE DEPT	RIFLE,5.56 MILLIMETER	1996-12-03	499.0	1	Each	police	10	05	00	0739421	not in file	1005-00-073-9421	not in file	not in file	D	1.0	State	not in file	not in file	not in file	not in file	1996Q4
DISP_AllStatesAndTerritories_06302020.xlsx[ALL]	CO	FORT COLLINS POLICE SERVICES	RIFLE,7.62 MILLIMETER	1996-11-14	138.0	1	Each	police	10	05	00	5891271	not in file	1005-00-589-1271	not in file	not in file	D	1.0	State	not in file	not in file	not in file	not in file	1996Q4
DISP_AllStatesAndTerritories_06302020.xlsx[ALL]	CO	FORT COLLINS POLICE SERVICES	RIFLE,7.62 MILLIMETER	1996-11-14	138.0	1	Each	police	10	05	00	5891271	not in file	1005-00-589-1271	not in file	not in file	D	1.0	State	not in file	not in file	not in file	not in file	1996Q4
DISP_AllStatesAndTerritories_06302020.xlsx[ALL]	CO	ROUTT COUNTY SHERIFF OFFICE	RIFLE,5.56 MILLIMETER	1996-11-20	499.0	1	Each	sheriff	10	05	00	0739421	not in file	1005-00-073-9421	not in file	not in file	D	1.0	State	not in file	not in file	not in file	not in file	1996Q4
DISP_AllStatesAndTerritories_06302020.xlsx[ALL]	CO	ROUTT COUNTY SHERIFF OFFICE	RIFLE,5.56 MILLIMETER	1996-11-20	499.0	1	Each	sheriff	10	05	00	0739421	not in file	1005-00-073-9421	not in file	not in file	D	1.0	State	not in file	not in file	not in file	not in file	1996Q4
DISP_AllStatesAndTerritories_06302020.xlsx[ALL]	CO	ROUTT COUNTY SHERIFF OFFICE	RIFLE,5.56 MILLIMETER	1996-11-20	499.0	1	Each	sheriff	10	05	00	0739421	not in file	1005-00-073-9421	not in file	not in file	D	1.0	State	not in file	not in file	not in file	not in file	1996Q4
DISP_AllStatesAndTerritories_06302020.xlsx[ALL]	CO	ROUTT COUNTY SHERIFF OFFICE	RIFLE,5.56 MILLIMETER	1996-11-20	499.0	1	Each	sheriff	10	05	00	0739421	not in file	1005-00-073-9421	not in file	not in file	D	1.0	State	not in file	not in file	not in file	not in file	1996Q4
DISP_AllStatesAndTerritories_06302020.xlsx[ALL]	CO	ROUTT COUNTY SHERIFF OFFICE	RIFLE,5.56 MILLIMETER	1996-11-20	499.0	1	Each	sheriff	10	05	00	0739421	not in file	1005-00-073-9421	not in file	not in file	D	1.0	State	not in file	not in file	not in file	not in file	1996Q4
DISP_AllStatesAndTerritories_06302020.xlsx[ALL]	CO	ROUTT COUNTY SHERIFF OFFICE	RIFLE,5.56 MILLIMETER	1996-11-20	499.0	1	Each	sheriff	10	05	00	0739421	not in file	1005-00-073-9421	not in file	not in file	D	1.0	State	not in file	not in file	not in file	not in file	1996Q4
DISP_AllStatesAndTerritories_06302020.xlsx[ALL]	ID	HOMEDALE POLICE DEPT	RIFLE,5.56 MILLIMETER	1996-12-09	499.0	1	Each	police	10	05	00	0739421	not in file	1005-00-073-9421	not in file	not in file	D	1.0	State	not in file	not in file	not in file	not in file	1996Q4
DISP_AllStatesAndTerritories_06302020.xlsx[ALL]	ID	HOMEDALE POLICE DEPT	RIFLE,5.56 MILLIMETER	1996-12-09	499.0	1	Each	police	10	05	00	0739421	not in file	1005-00-073-9421	not in file	not in file	D	1.0	State	not in file	not in file	not in file	not in file	1996Q4
DISP_AllStatesAndTerritories_06302020.xlsx[ALL]	ID	HOMEDALE POLICE DEPT	RIFLE,5.56 MILLIMETER	1996-12-09	499.0	1	Each	police	10	05	00	0739421	not in file	1005-00-073-9421	not in file	not in file	D	1.0	State	not in file	not in file	not in file	not in file	1996Q4
DISP_AllStatesAndTerritories_06302020.xlsx[ALL]	IN	FORT WAYNE POLICE DEPT	RIFLE,7.62 MILLIMETER	1996-12-10	138.0	1	Each	police	10	05	00	5891271	not in file	1005-00-589-1271	not in file	not in file	D	1.0	State	not in file	not in file	not in file	not in file	1996Q4
DISP_AllStatesAndTerritories_06302020.xlsx[ALL]	IN	FORT WAYNE POLICE DEPT	RIFLE,7.62 MILLIMETER	1996-12-10	138.0	1	Each	police	10	05	00	5891271	not in file	1005-00-589-1271	not in file	not in file	D	1.0	State	not in file	not in file	not in file	not in file	1996Q4
DISP_AllStatesAndTerritories_06302020.xlsx[ALL]	IN	FORT WAYNE POLICE DEPT	RIFLE,7.62 MILLIMETER	1996-12-10	138.0	1	Each	police	10	05	00	5891271	not in file	1005-00-589-1271	not in file	not in file	D	1.0	State	not in file	not in file	not in file	not in file	1996Q4
DISP_AllStatesAndTerritories_06302020.xlsx[ALL]	IN	FORT WAYNE POLICE DEPT	RIFLE,7.62 MILLIMETER	1996-12-10	138.0	1	Each	police	10	05	00	5891271	not in file	1005-00-589-1271	not in file	not in file	D	1.0	State	not in file	not in file	not in file	not in file	1996Q4
DISP_AllStatesAndTerritories_06302020.xlsx[ALL]	IN	JEFFERSONVILLE POLICE DEPARTMENT	RIFLE,7.62 MILLIMETER	1996-12-10	138.0	1	Each	police	10	05	00	5891271	not in file	1005-00-589-1271	not in file	not in file	D	1.0	State	not in file	not in file	not in file	not in file	1996Q4
DISP_AllStatesAndTerritories_06302020.xlsx[ALL]	IN	JEFFERSONVILLE POLICE DEPARTMENT	RIFLE,7.62 MILLIMETER	1996-12-10	138.0	1	Each	police	10	05	00	5891271	not in file	1005-00-589-1271	not in file	not in file	D	1.0	State	not in file	not in file	not in file	not in file	1996Q4
DISP_AllStatesAndTerritories_06302020.xlsx[ALL]	IN	JEFFERSONVILLE POLICE DEPARTMENT	RIFLE,7.62 MILLIMETER	1996-12-10	138.0	1	Each	police	10	05	00	5891271	not in file	1005-00-589-1271	not in file	not in file	D	1.0	State	not in file	not in file	not in file	not in file	1996Q4
DISP_AllStatesAndTerritories_06302020.xlsx[ALL]	IN	JEFFERSONVILLE POLICE DEPARTMENT	RIFLE,7.62 MILLIMETER	1996-12-10	138.0	1	Each	police	10	05	00	5891271	not in file	1005-00-589-1271	not in file	not in file	D	1.0	State	not in file	not in file	not in file	not in file	1996Q4
DISP_AllStatesAndTerritories_06302020.xlsx[ALL]	IN	JEFFERSONVILLE POLICE DEPARTMENT	RIFLE,7.62 MILLIMETER	1996-12-10	138.0	1	Each	police	10	05	00	5891271	not in file	1005-00-589-1271	not in file	not in file	D	1.0	State	not in file	not in file	not in file	not in file	1996Q4
DISP_AllStatesAndTerritories_06302020.xlsx[ALL]	IN	JEFFERSONVILLE POLICE DEPARTMENT	RIFLE,7.62 MILLIMETER	1996-12-10	138.0	1	Each	police	10	05	00	5891271	not in file	1005-00-589-1271	not in file	not in file	D	1.0	State	not in file	not in file	not in file	not in file	1996Q4
DISP_AllStatesAndTerritories_06302020.xlsx[ALL]	IN	JEFFERSONVILLE POLICE DEPARTMENT	RIFLE,7.62 MILLIMETER	1996-12-10	138.0	1	Each	police	10	05	00	5891271	not in file	1005-00-589-1271	not in file	not in file	D	1.0	State	not in file	not in file	not in file	not in file	1996Q4
DISP_AllStatesAndTerritories_06302020.xlsx[ALL]	IN	JEFFERSONVILLE POLICE DEPARTMENT	RIFLE,7.62 MILLIMETER	1996-12-10	138.0	1	Each	police	10	05	00	5891271	not in file	1005-00-589-1271	not in file	not in file	D	1.0	State	not in file	not in file	not in file	not in file	1996Q4
DISP_AllStatesAndTerritories_06302020.xlsx[ALL]	IN	JEFFERSONVILLE POLICE DEPARTMENT	RIFLE,7.62 MILLIMETER	1996-12-10	138.0	1	Each	police	10	05	00	5891271	not in file	1005-00-589-1271	not in file	not in file	D	1.0	State	not in file	not in file	not in file	not in file	1996Q4
DISP_AllStatesAndTerritories_06302020.xlsx[ALL]	IN	JEFFERSONVILLE POLICE DEPARTMENT	RIFLE,7.62 MILLIMETER	1996-12-10	138.0	1	Each	police	10	05	00	5891271	not in file	1005-00-589-1271	not in file	not in file	D	1.0	State	not in file	not in file	not in file	not in file	1996Q4
DISP_AllStatesAndTerritories_06302020.xlsx[ALL]	IN	JEFFERSONVILLE POLICE DEPARTMENT	RIFLE,7.62 MILLIMETER	1996-12-10	138.0	1	Each	police	10	05	00	5891271	not in file	1005-00-589-1271	not in file	not in file	D	1.0	State	not in file	not in file	not in file	not in file	1996Q4
DISP_AllStatesAndTerritories_06302020.xlsx[ALL]	IN	JEFFERSONVILLE POLICE DEPARTMENT	RIFLE,7.62 MILLIMETER	1996-12-10	138.0	1	Each	police	10	05	00	5891271	not in file	1005-00-589-1271	not in file	not in file	D	1.0	State	not in file	not in file	not in file	not in file	1996Q4
DISP_AllStatesAndTerritories_06302020.xlsx[ALL]	IN	MARION COUNTY SHERIFF DEPT	RIFLE,5.56 MILLIMETER	1996-12-16	499.0	1	Each	sheriff	10	05	00	0739421	not in file	1005-00-073-9421	not in file	not in file	D	1.0	State	not in file	not in file	not in file	not in file	1996Q4
DISP_AllStatesAndTerritories_06302020.xlsx[ALL]	IN	MARION COUNTY SHERIFF DEPT	RIFLE,5.56 MILLIMETER	1996-12-16	499.0	1	Each	sheriff	10	05	00	0739421	not in file	1005-00-073-9421	not in file	not in file	D	1.0	State	not in file	not in file	not in file	not in file	1996Q4
DISP_AllStatesAndTerritories_06302020.xlsx[ALL]	IN	MARION COUNTY SHERIFF DEPT	RIFLE,5.56 MILLIMETER	1996-12-16	499.0	1	Each	sheriff	10	05	00	0739421	not in file	1005-00-073-9421	not in file	not in file	D	1.0	State	not in file	not in file	not in file	not in file	1996Q4
DISP_AllStatesAndTerritories_06302020.xlsx[ALL]	IN	MARION COUNTY SHERIFF DEPT	RIFLE,5.56 MILLIMETER	1996-12-16	499.0	1	Each	sheriff	10	05	00	0739421	not in file	1005-00-073-9421	not in file	not in file	D	1.0	State	not in file	not in file	not in file	not in file	1996Q4
DISP_AllStatesAndTerritories_06302020.xlsx[ALL]	IN	MARION COUNTY SHERIFF DEPT	RIFLE,5.56 MILLIMETER	1996-12-16	499.0	1	Each	sheriff	10	05	00	0739421	not in file	1005-00-073-9421	not in file	not in file	D	1.0	State	not in file	not in file	not in file	not in file	1996Q4
DISP_AllStatesAndTerritories_06302020.xlsx[ALL]	IN	MARION COUNTY SHERIFF DEPT	RIFLE,5.56 MILLIMETER	1996-12-16	499.0	1	Each	sheriff	10	05	00	0739421	not in file	1005-00-073-9421	not in file	not in file	D	1.0	State	not in file	not in file	not in file	not in file	1996Q4
DISP_AllStatesAndTerritories_06302020.xlsx[ALL]	IN	MARION COUNTY SHERIFF DEPT	RIFLE,5.56 MILLIMETER	1996-12-16	499.0	1	Each	sheriff	10	05	00	0739421	not in file	1005-00-073-9421	not in file	not in file	D	1.0	State	not in file	not in file	not in file	not in file	1996Q4
DISP_AllStatesAndTerritories_06302020.xlsx[ALL]	IN	MARION COUNTY SHERIFF DEPT	RIFLE,5.56 MILLIMETER	1996-12-16	499.0	1	Each	sheriff	10	05	00	0739421	not in file	1005-00-073-9421	not in file	not in file	D	1.0	State	not in file	not in file	not in file	not in file	1996Q4
DISP_AllStatesAndTerritories_06302020.xlsx[ALL]	IN	MARION COUNTY SHERIFF DEPT	RIFLE,5.56 MILLIMETER	1996-12-16	499.0	1	Each	sheriff	10	05	00	0739421	not in file	1005-00-073-9421	not in file	not in file	D	1.0	State	not in file	not in file	not in file	not in file	1996Q4
DISP_AllStatesAndTerritories_06302020.xlsx[ALL]	IN	MARION COUNTY SHERIFF DEPT	RIFLE,5.56 MILLIMETER	1996-12-16	499.0	1	Each	sheriff	10	05	00	0739421	not in file	1005-00-073-9421	not in file	not in file	D	1.0	State	not in file	not in file	not in file	not in file	1996Q4
DISP_AllStatesAndTerritories_06302020.xlsx[ALL]	IN	MARION COUNTY SHERIFF DEPT	RIFLE,5.56 MILLIMETER	1996-12-16	499.0	1	Each	sheriff	10	05	00	0739421	not in file	1005-00-073-9421	not in file	not in file	D	1.0	State	not in file	not in file	not in file	not in file	1996Q4
DISP_AllStatesAndTerritories_06302020.xlsx[ALL]	IN	MARION COUNTY SHERIFF DEPT	RIFLE,5.56 MILLIMETER	1996-12-16	499.0	1	Each	sheriff	10	05	00	0739421	not in file	1005-00-073-9421	not in file	not in file	D	1.0	State	not in file	not in file	not in file	not in file	1996Q4
DISP_AllStatesAndTerritories_06302020.xlsx[ALL]	IN	MARION COUNTY SHERIFF DEPT	RIFLE,5.56 MILLIMETER	1996-12-16	499.0	1	Each	sheriff	10	05	00	0739421	not in file	1005-00-073-9421	not in file	not in file	D	1.0	State	not in file	not in file	not in file	not in file	1996Q4
DISP_AllStatesAndTerritories_06302020.xlsx[ALL]	IN	STATE EXCISE POLICE	RIFLE,5.56 MILLIMETER	1996-12-16	499.0	1	Each	police	10	05	00	0739421	not in file	1005-00-073-9421	not in file	not in file	D	1.0	State	not in file	not in file	not in file	not in file	1996Q4
DISP_AllStatesAndTerritories_06302020.xlsx[ALL]	IN	STATE EXCISE POLICE	RIFLE,5.56 MILLIMETER	1996-12-16	499.0	1	Each	police	10	05	00	0739421	not in file	1005-00-073-9421	not in file	not in file	D	1.0	State	not in file	not in file	not in file	not in file	1996Q4
DISP_AllStatesAndTerritories_06302020.xlsx[ALL]	IN	STATE EXCISE POLICE	RIFLE,5.56 MILLIMETER	1996-12-16	499.0	1	Each	police	10	05	00	0739421	not in file	1005-00-073-9421	not in file	not in file	D	1.0	State	not in file	not in file	not in file	not in file	1996Q4
DISP_AllStatesAndTerritories_06302020.xlsx[ALL]	IN	STATE EXCISE POLICE	RIFLE,5.56 MILLIMETER	1996-12-16	499.0	1	Each	police	10	05	00	0739421	not in file	1005-00-073-9421	not in file	not in file	D	1.0	State	not in file	not in file	not in file	not in file	1996Q4
DISP_AllStatesAndTerritories_06302020.xlsx[ALL]	IN	STATE EXCISE POLICE	RIFLE,5.56 MILLIMETER	1996-12-16	499.0	1	Each	police	10	05	00	0739421	not in file	1005-00-073-9421	not in file	not in file	D	1.0	State	not in file	not in file	not in file	not in file	1996Q4
DISP_AllStatesAndTerritories_06302020.xlsx[ALL]	IN	STATE EXCISE POLICE	RIFLE,5.56 MILLIMETER	1996-12-16	499.0	1	Each	police	10	05	00	0739421	not in file	1005-00-073-9421	not in file	not in file	D	1.0	State	not in file	not in file	not in file	not in file	1996Q4
DISP_AllStatesAndTerritories_06302020.xlsx[ALL]	IN	STATE EXCISE POLICE	RIFLE,5.56 MILLIMETER	1996-12-16	499.0	1	Each	police	10	05	00	0739421	not in file	1005-00-073-9421	not in file	not in file	D	1.0	State	not in file	not in file	not in file	not in file	1996Q4
DISP_AllStatesAndTerritories_06302020.xlsx[ALL]	KS	GREAT BEND POLICE DEPARTMENT	RIFLE,5.56 MILLIMETER	1996-12-04	499.0	1	Each	police	10	05	00	0739421	not in file	1005-00-073-9421	not in file	not in file	D	1.0	State	not in file	not in file	not in file	not in file	1996Q4
DISP_AllStatesAndTerritories_06302020.xlsx[ALL]	KS	GREAT BEND POLICE DEPARTMENT	RIFLE,5.56 MILLIMETER	1996-12-04	499.0	1	Each	police	10	05	00	0739421	not in file	1005-00-073-9421	not in file	not in file	D	1.0	State	not in file	not in file	not in file	not in file	1996Q4
DISP_AllStatesAndTerritories_06302020.xlsx[ALL]	KY	PULASKI COUNTY SHERIFF'S OFFICE	HELICOPTER,OBSERVATION	1996-10-24	92290.0	1	Each	sheriff	15	20	00	1697137	not in file	1520-00-169-7137	not in file	not in file	C	1.0	State	not in file	not in file	not in file	not in file	1996Q4
DISP_AllStatesAndTerritories_06302020.xlsx[ALL]	MN	LAC QUI PARLE COUNTY SHERIFF DEPT	RIFLE,5.56 MILLIMETER	1996-12-03	499.0	1	Each	sheriff	10	05	00	0739421	not in file	1005-00-073-9421	not in file	not in file	D	1.0	State	not in file	not in file	not in file	not in file	1996Q4
DISP_AllStatesAndTerritories_06302020.xlsx[ALL]	MN	LAC QUI PARLE COUNTY SHERIFF DEPT	RIFLE,5.56 MILLIMETER	1996-12-03	499.0	1	Each	sheriff	10	05	00	0739421	not in file	1005-00-073-9421	not in file	not in file	D	1.0	State	not in file	not in file	not in file	not in file	1996Q4
DISP_AllStatesAndTerritories_06302020.xlsx[ALL]	MN	LAC QUI PARLE COUNTY SHERIFF DEPT	RIFLE,5.56 MILLIMETER	1996-12-03	499.0	1	Each	sheriff	10	05	00	0739421	not in file	1005-00-073-9421	not in file	not in file	D	1.0	State	not in file	not in file	not in file	not in file	1996Q4
DISP_AllStatesAndTerritories_06302020.xlsx[ALL]	MT	FLATHEAD CTY SHERIFF OFFICE	TRUCK,ARMORED	1996-10-18	65070.0	1	Each	sheriff	23	20	01	0747642	not in file	2320-01-074-7642	not in file	not in file	C	1.0	State	not in file	not in file	not in file	not in file	1996Q4
DISP_AllStatesAndTerritories_06302020.xlsx[ALL]	ND	BISMARCK POLICE DEPT	RIFLE,5.56 MILLIMETER	1996-12-04	499.0	1	Each	police	10	05	00	0739421	not in file	1005-00-073-9421	not in file	not in file	D	1.0	State	not in file	not in file	not in file	not in file	1996Q4
DISP_AllStatesAndTerritories_06302020.xlsx[ALL]	SD	BENNETT COUNTY SHERIFF OFFICE	RIFLE,5.56 MILLIMETER	1996-12-03	499.0	1	Each	sheriff	10	05	00	0739421	not in file	1005-00-073-9421	not in file	not in file	D	1.0	State	not in file	not in file	not in file	not in file	1996Q4
DISP_AllStatesAndTerritories_06302020.xlsx[ALL]	SD	BENNETT COUNTY SHERIFF OFFICE	RIFLE,5.56 MILLIMETER	1996-12-03	499.0	1	Each	sheriff	10	05	00	0739421	not in file	1005-00-073-9421	not in file	not in file	D	1.0	State	not in file	not in file	not in file	not in file	1996Q4
DISP_AllStatesAndTerritories_06302020.xlsx[ALL]	SD	BENNETT COUNTY SHERIFF OFFICE	RIFLE,5.56 MILLIMETER	1996-12-03	499.0	1	Each	sheriff	10	05	00	0739421	not in file	1005-00-073-9421	not in file	not in file	D	1.0	State	not in file	not in file	not in file	not in file	1996Q4
DISP_AllStatesAndTerritories_06302020.xlsx[ALL]	SD	SOUTH DAKOTA  HIGHWAY PATROL	VIEWING SET,INFRARE	1996-11-07	2582.0	75	Each	patrol	58	50	00	9993736	not in file	5850-00-999-3736	not in file	not in file	C	1.0	State	not in file	not in file	not in file	not in file	1996Q4
DISP_AllStatesAndTerritories_06302020.xlsx[ALL]	TN	OAK RIDGE POLICE DEPT	NIGHT VISION EQUIP, EMIT, REFLECTED RAD	1996-10-01	985.0	1	Each	police	58	55	DS	NIGHTVI	not in file	5855-DS-NIG-HTVI	not in file	not in file	D		State	not in file	not in file	not in file	not in file	1996Q4
DISP_AllStatesAndTerritories_06302020.xlsx[ALL]	TN	OAK RIDGE POLICE DEPT	NIGHT VISION EQUIP, EMIT, REFLECTED RAD	1996-10-01	985.0	1	Each	police	58	55	DS	NIGHTVI	not in file	5855-DS-NIG-HTVI	not in file	not in file	D		State	not in file	not in file	not in file	not in file	1996Q4
DISP_AllStatesAndTerritories_06302020.xlsx[ALL]	TN	OAK RIDGE POLICE DEPT	NIGHT VISION EQUIP, EMIT, REFLECTED RAD	1996-10-01	1050.0	1	Each	police	58	55	DS	NIGHTVI	not in file	5855-DS-NIG-HTVI	not in file	not in file	D		State	not in file	not in file	not in file	not in file	1996Q4
DISP_AllStatesAndTerritories_06302020.xlsx[ALL]	TN	OAK RIDGE POLICE DEPT	NIGHT VISION EQUIP, EMIT, REFLECTED RAD	1996-10-01	1050.0	1	Each	police	58	55	DS	NIGHTVI	not in file	5855-DS-NIG-HTVI	not in file	not in file	D		State	not in file	not in file	not in file	not in file	1996Q4
DISP_AllStatesAndTerritories_06302020.xlsx[ALL]	WA	CENTRALIA POLICE DEPT	TRUCK,ARMORED	1996-10-31	65070.0	1	Each	police	23	20	01	0747642	not in file	2320-01-074-7642	not in file	not in file	C	1.0	State	not in file	not in file	not in file	not in file	1996Q4
OriginatingFile	StateAbbreviation	RequestingAgency	ItemDescription	RecordDate	AcquisitionValue	Quantity	UnitIncrement	AgencyType	Item_FSG	Item_FSC	Item_CC	Item_Code	Justification	NSN	FSC	NIIN	DEMILCode	DEMILIC	StationType	RequisitionID	CancelledBy	RTDRef	ReasonCancelled	Quarter
DISP_AllStatesAndTerritories_03312020.xlsx[ALL]	CA	MERCED COUNTY SHERIFF OFFICE	TRUCK,ARMORED	1996-10-28	65070.0	1	Each	sheriff	23	20	01	0747642	not in file	2320-01-074-7642	not in file	not in file	C	1.0	State	not in file	not in file	not in file	not in file	1996Q4
DISP_AllStatesAndTerritories_03312020.xlsx[ALL]	CA	RIALTO POLICE DEPT	RIFLE,7.62 MILLIMETER	1996-12-04	138.0	1	Each	police	10	05	00	5891271	not in file	1005-00-589-1271	not in file	not in file	D	1.0	State	not in file	not in file	not in file	not in file	1996Q4
DISP_AllStatesAndTerritories_03312020.xlsx[ALL]	CA	RIALTO POLICE DEPT	RIFLE,5.56 MILLIMETER	1996-12-05	499.0	1	Each	police	10	05	00	0739421	not in file	1005-00-073-9421	not in file	not in file	D	1.0	State	not in file	not in file	not in file	not in file	1996Q4
DISP_AllStatesAndTerritories_03312020.xlsx[ALL]	CA	RIALTO POLICE DEPT	RIFLE,5.56 MILLIMETER	1996-12-05	499.0	1	Each	police	10	05	00	0739421	not in file	1005-00-073-9421	not in file	not in file	D	1.0	State	not in file	not in file	not in file	not in file	1996Q4
DISP_AllStatesAndTerritories_03312020.xlsx[ALL]	CA	RIALTO POLICE DEPT	RIFLE,5.56 MILLIMETER	1996-12-05	499.0	1	Each	police	10	05	00	0739421	not in file	1005-00-073-9421	not in file	not in file	D	1.0	State	not in file	not in file	not in file	not in file	1996Q4
DISP_AllStatesAndTerritories_03312020.xlsx[ALL]	CA	RIALTO POLICE DEPT	RIFLE,7.62 MILLIMETER	1996-12-04	138.0	1	Each	police	10	05	00	5891271	not in file	1005-00-589-1271	not in file	not in file	D	1.0	State	not in file	not in file	not in file	not in file	1996Q4
DISP_AllStatesAndTerritories_03312020.xlsx[ALL]	CA	RIALTO POLICE DEPT	RIFLE,5.56 MILLIMETER	1996-12-05	499.0	1	Each	police	10	05	00	0739421	not in file	1005-00-073-9421	not in file	not in file	D	1.0	State	not in file	not in file	not in file	not in file	1996Q4
DISP_AllStatesAndTerritories_03312020.xlsx[ALL]	CA	RIALTO POLICE DEPT	RIFLE,5.56 MILLIMETER	1996-12-05	499.0	1	Each	police	10	05	00	0739421	not in file	1005-00-073-9421	not in file	not in file	D	1.0	State	not in file	not in file	not in file	not in file	1996Q4
DISP_AllStatesAndTerritories_03312020.xlsx[ALL]	CA	RIALTO POLICE DEPT	RIFLE,5.56 MILLIMETER	1996-12-05	499.0	1	Each	police	10	05	00	0739421	not in file	1005-00-073-9421	not in file	not in file	D	1.0	State	not in file	not in file	not in file	not in file	1996Q4
DISP_AllStatesAndTerritories_03312020.xlsx[ALL]	CA	RIALTO POLICE DEPT	RIFLE,7.62 MILLIMETER	1996-12-04	138.0	1	Each	police	10	05	00	5891271	not in file	1005-00-589-1271	not in file	not in file	D	1.0	State	not in file	not in file	not in file	not in file	1996Q4
DISP_AllStatesAndTerritories_03312020.xlsx[ALL]	CA	RIALTO POLICE DEPT	RIFLE,5.56 MILLIMETER	1996-12-05	499.0	1	Each	police	10	05	00	0739421	not in file	1005-00-073-9421	not in file	not in file	D	1.0	State	not in file	not in file	not in file	not in file	1996Q4
DISP_AllStatesAndTerritories_03312020.xlsx[ALL]	CA	TAFT POLICE DEPT	RIFLE,5.56 MILLIMETER	1996-12-03	499.0	1	Each	police	10	05	00	0739421	not in file	1005-00-073-9421	not in file	not in file	D	1.0	State	not in file	not in file	not in file	not in file	1996Q4
DISP_AllStatesAndTerritories_03312020.xlsx[ALL]	CA	TAFT POLICE DEPT	RIFLE,5.56 MILLIMETER	1996-12-03	499.0	1	Each	police	10	05	00	0739421	not in file	1005-00-073-9421	not in file	not in file	D	1.0	State	not in file	not in file	not in file	not in file	1996Q4
DISP_AllStatesAndTerritories_03312020.xlsx[ALL]	CA	TAFT POLICE DEPT	RIFLE,5.56 MILLIMETER	1996-12-03	499.0	1	Each	police	10	05	00	0739421	not in file	1005-00-073-9421	not in file	not in file	D	1.0	State	not in file	not in file	not in file	not in file	1996Q4
DISP_AllStatesAndTerritories_03312020.xlsx[ALL]	CA	TAFT POLICE DEPT	RIFLE,5.56 MILLIMETER	1996-12-03	499.0	1	Each	police	10	05	00	0739421	not in file	1005-00-073-9421	not in file	not in file	D	1.0	State	not in file	not in file	not in file	not in file	1996Q4
DISP_AllStatesAndTerritories_03312020.xlsx[ALL]	CO	FORT COLLINS POLICE SERVICES	RIFLE,7.62 MILLIMETER	1996-11-14	138.0	1	Each	police	10	05	00	5891271	not in file	1005-00-589-1271	not in file	not in file	D	1.0	State	not in file	not in file	not in file	not in file	1996Q4
DISP_AllStatesAndTerritories_03312020.xlsx[ALL]	CO	FORT COLLINS POLICE SERVICES	RIFLE,7.62 MILLIMETER	1996-11-14	138.0	1	Each	police	10	05	00	5891271	not in file	1005-00-589-1271	not in file	not in file	D	1.0	State	not in file	not in file	not in file	not in file	1996Q4
DISP_AllStatesAndTerritories_03312020.xlsx[ALL]	CO	ROUTT COUNTY SHERIFF OFFICE	RIFLE,5.56 MILLIMETER	1996-11-20	499.0	1	Each	sheriff	10	05	00	0739421	not in file	1005-00-073-9421	not in file	not in file	D	1.0	State	not in file	not in file	not in file	not in file	1996Q4
DISP_AllStatesAndTerritories_03312020.xlsx[ALL]	CO	ROUTT COUNTY SHERIFF OFFICE	RIFLE,5.56 MILLIMETER	1996-11-20	499.0	1	Each	sheriff	10	05	00	0739421	not in file	1005-00-073-9421	not in file	not in file	D	1.0	State	not in file	not in file	not in file	not in file	1996Q4
DISP_AllStatesAndTerritories_03312020.xlsx[ALL]	CO	ROUTT COUNTY SHERIFF OFFICE	RIFLE,5.56 MILLIMETER	1996-11-20	499.0	1	Each	sheriff	10	05	00	0739421	not in file	1005-00-073-9421	not in file	not in file	D	1.0	State	not in file	not in file	not in file	not in file	1996Q4
DISP_AllStatesAndTerritories_03312020.xlsx[ALL]	CO	ROUTT COUNTY SHERIFF OFFICE	RIFLE,5.56 MILLIMETER	1996-11-20	499.0	1	Each	sheriff	10	05	00	0739421	not in file	1005-00-073-9421	not in file	not in file	D	1.0	State	not in file	not in file	not in file	not in file	1996Q4
DISP_AllStatesAndTerritories_03312020.xlsx[ALL]	CO	ROUTT COUNTY SHERIFF OFFICE	RIFLE,5.56 MILLIMETER	1996-11-20	499.0	1	Each	sheriff	10	05	00	0739421	not in file	1005-00-073-9421	not in file	not in file	D	1.0	State	not in file	not in file	not in file	not in file	1996Q4
DISP_AllStatesAndTerritories_03312020.xlsx[ALL]	CO	ROUTT COUNTY SHERIFF OFFICE	RIFLE,5.56 MILLIMETER	1996-11-20	499.0	1	Each	sheriff	10	05	00	0739421	not in file	1005-00-073-9421	not in file	not in file	D	1.0	State	not in file	not in file	not in file	not in file	1996Q4
DISP_AllStatesAndTerritories_03312020.xlsx[ALL]	ID	HOMEDALE POLICE DEPT	RIFLE,5.56 MILLIMETER	1996-12-09	499.0	1	Each	police	10	05	00	0739421	not in file	1005-00-073-9421	not in file	not in file	D	1.0	State	not in file	not in file	not in file	not in file	1996Q4
DISP_AllStatesAndTerritories_03312020.xlsx[ALL]	ID	HOMEDALE POLICE DEPT	RIFLE,5.56 MILLIMETER	1996-12-09	499.0	1	Each	police	10	05	00	0739421	not in file	1005-00-073-9421	not in file	not in file	D	1.0	State	not in file	not in file	not in file	not in file	1996Q4
DISP_AllStatesAndTerritories_03312020.xlsx[ALL]	ID	HOMEDALE POLICE DEPT	RIFLE,5.56 MILLIMETER	1996-12-09	499.0	1	Each	police	10	05	00	0739421	not in file	1005-00-073-9421	not in file	not in file	D	1.0	State	not in file	not in file	not in file	not in file	1996Q4
DISP_AllStatesAndTerritories_03312020.xlsx[ALL]	IN	FORT WAYNE POLICE DEPT	RIFLE,7.62 MILLIMETER	1996-12-10	138.0	1	Each	police	10	05	00	5891271	not in file	1005-00-589-1271	not in file	not in file	D	1.0	State	not in file	not in file	not in file	not in file	1996Q4
DISP_AllStatesAndTerritories_03312020.xlsx[ALL]	IN	FORT WAYNE POLICE DEPT	RIFLE,7.62 MILLIMETER	1996-12-10	138.0	1	Each	police	10	05	00	5891271	not in file	1005-00-589-1271	not in file	not in file	D	1.0	State	not in file	not in file	not in file	not in file	1996Q4
DISP_AllStatesAndTerritories_03312020.xlsx[ALL]	IN	FORT WAYNE POLICE DEPT	RIFLE,7.62 MILLIMETER	1996-12-10	138.0	1	Each	police	10	05	00	5891271	not in file	1005-00-589-1271	not in file	not in file	D	1.0	State	not in file	not in file	not in file	not in file	1996Q4
DISP_AllStatesAndTerritories_03312020.xlsx[ALL]	IN	FORT WAYNE POLICE DEPT	RIFLE,7.62 MILLIMETER	1996-12-10	138.0	1	Each	police	10	05	00	5891271	not in file	1005-00-589-1271	not in file	not in file	D	1.0	State	not in file	not in file	not in file	not in file	1996Q4
DISP_AllStatesAndTerritories_03312020.xlsx[ALL]	IN	JEFFERSONVILLE POLICE DEPARTMENT	RIFLE,7.62 MILLIMETER	1996-12-10	138.0	1	Each	police	10	05	00	5891271	not in file	1005-00-589-1271	not in file	not in file	D	1.0	State	not in file	not in file	not in file	not in file	1996Q4
DISP_AllStatesAndTerritories_03312020.xlsx[ALL]	IN	JEFFERSONVILLE POLICE DEPARTMENT	RIFLE,7.62 MILLIMETER	1996-12-10	138.0	1	Each	police	10	05	00	5891271	not in file	1005-00-589-1271	not in file	not in file	D	1.0	State	not in file	not in file	not in file	not in file	1996Q4
DISP_AllStatesAndTerritories_03312020.xlsx[ALL]	IN	JEFFERSONVILLE POLICE DEPARTMENT	RIFLE,7.62 MILLIMETER	1996-12-10	138.0	1	Each	police	10	05	00	5891271	not in file	1005-00-589-1271	not in file	not in file	D	1.0	State	not in file	not in file	not in file	not in file	1996Q4
DISP_AllStatesAndTerritories_03312020.xlsx[ALL]	IN	JEFFERSONVILLE POLICE DEPARTMENT	RIFLE,7.62 MILLIMETER	1996-12-10	138.0	1	Each	police	10	05	00	5891271	not in file	1005-00-589-1271	not in file	not in file	D	1.0	State	not in file	not in file	not in file	not in file	1996Q4
DISP_AllStatesAndTerritories_03312020.xlsx[ALL]	IN	JEFFERSONVILLE POLICE DEPARTMENT	RIFLE,7.62 MILLIMETER	1996-12-10	138.0	1	Each	police	10	05	00	5891271	not in file	1005-00-589-1271	not in file	not in file	D	1.0	State	not in file	not in file	not in file	not in file	1996Q4
DISP_AllStatesAndTerritories_03312020.xlsx[ALL]	IN	JEFFERSONVILLE POLICE DEPARTMENT	RIFLE,7.62 MILLIMETER	1996-12-10	138.0	1	Each	police	10	05	00	5891271	not in file	1005-00-589-1271	not in file	not in file	D	1.0	State	not in file	not in file	not in file	not in file	1996Q4
DISP_AllStatesAndTerritories_03312020.xlsx[ALL]	IN	JEFFERSONVILLE POLICE DEPARTMENT	RIFLE,7.62 MILLIMETER	1996-12-10	138.0	1	Each	police	10	05	00	5891271	not in file	1005-00-589-1271	not in file	not in file	D	1.0	State	not in file	not in file	not in file	not in file	1996Q4
DISP_AllStatesAndTerritories_03312020.xlsx[ALL]	IN	JEFFERSONVILLE POLICE DEPARTMENT	RIFLE,7.62 MILLIMETER	1996-12-10	138.0	1	Each	police	10	05	00	5891271	not in file	1005-00-589-1271	not in file	not in file	D	1.0	State	not in file	not in file	not in file	not in file	1996Q4
DISP_AllStatesAndTerritories_03312020.xlsx[ALL]	IN	JEFFERSONVILLE POLICE DEPARTMENT	RIFLE,7.62 MILLIMETER	1996-12-10	138.0	1	Each	police	10	05	00	5891271	not in file	1005-00-589-1271	not in file	not in file	D	1.0	State	not in file	not in file	not in file	not in file	1996Q4
DISP_AllStatesAndTerritories_03312020.xlsx[ALL]	IN	JEFFERSONVILLE POLICE DEPARTMENT	RIFLE,7.62 MILLIMETER	1996-12-10	138.0	1	Each	police	10	05	00	5891271	not in file	1005-00-589-1271	not in file	not in file	D	1.0	State	not in file	not in file	not in file	not in file	1996Q4
DISP_AllStatesAndTerritories_03312020.xlsx[ALL]	IN	JEFFERSONVILLE POLICE DEPARTMENT	RIFLE,7.62 MILLIMETER	1996-12-10	138.0	1	Each	police	10	05	00	5891271	not in file	1005-00-589-1271	not in file	not in file	D	1.0	State	not in file	not in file	not in file	not in file	1996Q4
DISP_AllStatesAndTerritories_03312020.xlsx[ALL]	IN	JEFFERSONVILLE POLICE DEPARTMENT	RIFLE,7.62 MILLIMETER	1996-12-10	138.0	1	Each	police	10	05	00	5891271	not in file	1005-00-589-1271	not in file	not in file	D	1.0	State	not in file	not in file	not in file	not in file	1996Q4
DISP_AllStatesAndTerritories_03312020.xlsx[ALL]	IN	MARION COUNTY SHERIFF DEPT	RIFLE,5.56 MILLIMETER	1996-12-16	499.0	1	Each	sheriff	10	05	00	0739421	not in file	1005-00-073-9421	not in file	not in file	D	1.0	State	not in file	not in file	not in file	not in file	1996Q4
DISP_AllStatesAndTerritories_03312020.xlsx[ALL]	IN	MARION COUNTY SHERIFF DEPT	RIFLE,5.56 MILLIMETER	1996-12-16	499.0	1	Each	sheriff	10	05	00	0739421	not in file	1005-00-073-9421	not in file	not in file	D	1.0	State	not in file	not in file	not in file	not in file	1996Q4
DISP_AllStatesAndTerritories_03312020.xlsx[ALL]	IN	MARION COUNTY SHERIFF DEPT	RIFLE,5.56 MILLIMETER	1996-12-16	499.0	1	Each	sheriff	10	05	00	0739421	not in file	1005-00-073-9421	not in file	not in file	D	1.0	State	not in file	not in file	not in file	not in file	1996Q4
DISP_AllStatesAndTerritories_03312020.xlsx[ALL]	IN	MARION COUNTY SHERIFF DEPT	RIFLE,5.56 MILLIMETER	1996-12-16	499.0	1	Each	sheriff	10	05	00	0739421	not in file	1005-00-073-9421	not in file	not in file	D	1.0	State	not in file	not in file	not in file	not in file	1996Q4
DISP_AllStatesAndTerritories_03312020.xlsx[ALL]	IN	MARION COUNTY SHERIFF DEPT	RIFLE,5.56 MILLIMETER	1996-12-16	499.0	1	Each	sheriff	10	05	00	0739421	not in file	1005-00-073-9421	not in file	not in file	D	1.0	State	not in file	not in file	not in file	not in file	1996Q4
DISP_AllStatesAndTerritories_03312020.xlsx[ALL]	IN	MARION COUNTY SHERIFF DEPT	RIFLE,5.56 MILLIMETER	1996-12-16	499.0	1	Each	sheriff	10	05	00	0739421	not in file	1005-00-073-9421	not in file	not in file	D	1.0	State	not in file	not in file	not in file	not in file	1996Q4
DISP_AllStatesAndTerritories_03312020.xlsx[ALL]	IN	MARION COUNTY SHERIFF DEPT	RIFLE,5.56 MILLIMETER	1996-12-16	499.0	1	Each	sheriff	10	05	00	0739421	not in file	1005-00-073-9421	not in file	not in file	D	1.0	State	not in file	not in file	not in file	not in file	1996Q4
DISP_AllStatesAndTerritories_03312020.xlsx[ALL]	IN	MARION COUNTY SHERIFF DEPT	RIFLE,5.56 MILLIMETER	1996-12-16	499.0	1	Each	sheriff	10	05	00	0739421	not in file	1005-00-073-9421	not in file	not in file	D	1.0	State	not in file	not in file	not in file	not in file	1996Q4
DISP_AllStatesAndTerritories_03312020.xlsx[ALL]	IN	MARION COUNTY SHERIFF DEPT	RIFLE,5.56 MILLIMETER	1996-12-16	499.0	1	Each	sheriff	10	05	00	0739421	not in file	1005-00-073-9421	not in file	not in file	D	1.0	State	not in file	not in file	not in file	not in file	1996Q4
DISP_AllStatesAndTerritories_03312020.xlsx[ALL]	IN	MARION COUNTY SHERIFF DEPT	RIFLE,5.56 MILLIMETER	1996-12-16	499.0	1	Each	sheriff	10	05	00	0739421	not in file	1005-00-073-9421	not in file	not in file	D	1.0	State	not in file	not in file	not in file	not in file	1996Q4
DISP_AllStatesAndTerritories_03312020.xlsx[ALL]	IN	MARION COUNTY SHERIFF DEPT	RIFLE,5.56 MILLIMETER	1996-12-16	499.0	1	Each	sheriff	10	05	00	0739421	not in file	1005-00-073-9421	not in file	not in file	D	1.0	State	not in file	not in file	not in file	not in file	1996Q4
DISP_AllStatesAndTerritories_03312020.xlsx[ALL]	IN	MARION COUNTY SHERIFF DEPT	RIFLE,5.56 MILLIMETER	1996-12-16	499.0	1	Each	sheriff	10	05	00	0739421	not in file	1005-00-073-9421	not in file	not in file	D	1.0	State	not in file	not in file	not in file	not in file	1996Q4
DISP_AllStatesAndTerritories_03312020.xlsx[ALL]	IN	MARION COUNTY SHERIFF DEPT	RIFLE,5.56 MILLIMETER	1996-12-16	499.0	1	Each	sheriff	10	05	00	0739421	not in file	1005-00-073-9421	not in file	not in file	D	1.0	State	not in file	not in file	not in file	not in file	1996Q4
DISP_AllStatesAndTerritories_03312020.xlsx[ALL]	IN	STATE EXCISE POLICE	RIFLE,5.56 MILLIMETER	1996-12-16	499.0	1	Each	police	10	05	00	0739421	not in file	1005-00-073-9421	not in file	not in file	D	1.0	State	not in file	not in file	not in file	not in file	1996Q4
DISP_AllStatesAndTerritories_03312020.xlsx[ALL]	IN	STATE EXCISE POLICE	RIFLE,5.56 MILLIMETER	1996-12-16	499.0	1	Each	police	10	05	00	0739421	not in file	1005-00-073-9421	not in file	not in file	D	1.0	State	not in file	not in file	not in file	not in file	1996Q4
DISP_AllStatesAndTerritories_03312020.xlsx[ALL]	IN	STATE EXCISE POLICE	RIFLE,5.56 MILLIMETER	1996-12-16	499.0	1	Each	police	10	05	00	0739421	not in file	1005-00-073-9421	not in file	not in file	D	1.0	State	not in file	not in file	not in file	not in file	1996Q4
DISP_AllStatesAndTerritories_03312020.xlsx[ALL]	IN	STATE EXCISE POLICE	RIFLE,5.56 MILLIMETER	1996-12-16	499.0	1	Each	police	10	05	00	0739421	not in file	1005-00-073-9421	not in file	not in file	D	1.0	State	not in file	not in file	not in file	not in file	1996Q4
DISP_AllStatesAndTerritories_03312020.xlsx[ALL]	IN	STATE EXCISE POLICE	RIFLE,5.56 MILLIMETER	1996-12-16	499.0	1	Each	police	10	05	00	0739421	not in file	1005-00-073-9421	not in file	not in file	D	1.0	State	not in file	not in file	not in file	not in file	1996Q4
DISP_AllStatesAndTerritories_03312020.xlsx[ALL]	IN	STATE EXCISE POLICE	RIFLE,5.56 MILLIMETER	1996-12-16	499.0	1	Each	police	10	05	00	0739421	not in file	1005-00-073-9421	not in file	not in file	D	1.0	State	not in file	not in file	not in file	not in file	1996Q4
DISP_AllStatesAndTerritories_03312020.xlsx[ALL]	IN	STATE EXCISE POLICE	RIFLE,5.56 MILLIMETER	1996-12-16	499.0	1	Each	police	10	05	00	0739421	not in file	1005-00-073-9421	not in file	not in file	D	1.0	State	not in file	not in file	not in file	not in file	1996Q4
DISP_AllStatesAndTerritories_03312020.xlsx[ALL]	KS	GREAT BEND POLICE DEPARTMENT	RIFLE,5.56 MILLIMETER	1996-12-04	499.0	1	Each	police	10	05	00	0739421	not in file	1005-00-073-9421	not in file	not in file	D	1.0	State	not in file	not in file	not in file	not in file	1996Q4
DISP_AllStatesAndTerritories_03312020.xlsx[ALL]	KS	GREAT BEND POLICE DEPARTMENT	RIFLE,5.56 MILLIMETER	1996-12-04	499.0	1	Each	police	10	05	00	0739421	not in file	1005-00-073-9421	not in file	not in file	D	1.0	State	not in file	not in file	not in file	not in file	1996Q4
DISP_AllStatesAndTerritories_03312020.xlsx[ALL]	KY	PULASKI COUNTY SHERIFF'S OFFICE	HELICOPTER,OBSERVATION	1996-10-24	92290.0	1	Each	sheriff	15	20	00	1697137	not in file	1520-00-169-7137	not in file	not in file	C	1.0	State	not in file	not in file	not in file	not in file	1996Q4
DISP_AllStatesAndTerritories_03312020.xlsx[ALL]	MN	LAC QUI PARLE COUNTY SHERIFF DEPT	RIFLE,5.56 MILLIMETER	1996-12-03	499.0	1	Each	sheriff	10	05	00	0739421	not in file	1005-00-073-9421	not in file	not in file	D	1.0	State	not in file	not in file	not in file	not in file	1996Q4
DISP_AllStatesAndTerritories_03312020.xlsx[ALL]	MN	LAC QUI PARLE COUNTY SHERIFF DEPT	RIFLE,5.56 MILLIMETER	1996-12-03	499.0	1	Each	sheriff	10	05	00	0739421	not in file	1005-00-073-9421	not in file	not in file	D	1.0	State	not in file	not in file	not in file	not in file	1996Q4
DISP_AllStatesAndTerritories_03312020.xlsx[ALL]	MN	LAC QUI PARLE COUNTY SHERIFF DEPT	RIFLE,5.56 MILLIMETER	1996-12-03	499.0	1	Each	sheriff	10	05	00	0739421	not in file	1005-00-073-9421	not in file	not in file	D	1.0	State	not in file	not in file	not in file	not in file	1996Q4
DISP_AllStatesAndTerritories_03312020.xlsx[ALL]	MT	FLATHEAD CTY SHERIFF OFFICE	TRUCK,ARMORED	1996-10-18	65070.0	1	Each	sheriff	23	20	01	0747642	not in file	2320-01-074-7642	not in file	not in file	C	1.0	State	not in file	not in file	not in file	not in file	1996Q4
DISP_AllStatesAndTerritories_03312020.xlsx[ALL]	ND	BISMARCK POLICE DEPT	RIFLE,5.56 MILLIMETER	1996-12-04	499.0	1	Each	police	10	05	00	0739421	not in file	1005-00-073-9421	not in file	not in file	D	1.0	State	not in file	not in file	not in file	not in file	1996Q4
DISP_AllStatesAndTerritories_03312020.xlsx[ALL]	SD	BENNETT COUNTY SHERIFF OFFICE	RIFLE,5.56 MILLIMETER	1996-12-03	499.0	1	Each	sheriff	10	05	00	0739421	not in file	1005-00-073-9421	not in file	not in file	D	1.0	State	not in file	not in file	not in file	not in file	1996Q4
DISP_AllStatesAndTerritories_03312020.xlsx[ALL]	SD	BENNETT COUNTY SHERIFF OFFICE	RIFLE,5.56 MILLIMETER	1996-12-03	499.0	1	Each	sheriff	10	05	00	0739421	not in file	1005-00-073-9421	not in file	not in file	D	1.0	State	not in file	not in file	not in file	not in file	1996Q4
DISP_AllStatesAndTerritories_03312020.xlsx[ALL]	SD	BENNETT COUNTY SHERIFF OFFICE	RIFLE,5.56 MILLIMETER	1996-12-03	499.0	1	Each	sheriff	10	05	00	0739421	not in file	1005-00-073-9421	not in file	not in file	D	1.0	State	not in file	not in file	not in file	not in file	1996Q4
DISP_AllStatesAndTerritories_03312020.xlsx[ALL]	SD	SOUTH DAKOTA  HIGHWAY PATROL	VIEWING SET,INFRARE	1996-11-07	2582.0	75	Each	patrol	58	50	00	9993736	not in file	5850-00-999-3736	not in file	not in file	C	1.0	State	not in file	not in file	not in file	not in file	1996Q4
DISP_AllStatesAndTerritories_03312020.xlsx[ALL]	TN	OAK RIDGE POLICE DEPT	NIGHT VISION EQUIP, EMIT, REFLECTED RAD	1996-10-01	985.0	1	Each	police	58	55	DS	NIGHTVI	not in file	5855-DS-NIG-HTVI	not in file	not in file	D		State	not in file	not in file	not in file	not in file	1996Q4
DISP_AllStatesAndTerritories_03312020.xlsx[ALL]	TN	OAK RIDGE POLICE DEPT	NIGHT VISION EQUIP, EMIT, REFLECTED RAD	1996-10-01	1050.0	1	Each	police	58	55	DS	NIGHTVI	not in file	5855-DS-NIG-HTVI	not in file	not in file	D		State	not in file	not in file	not in file	not in file	1996Q4
DISP_AllStatesAndTerritories_03312020.xlsx[ALL]	TN	OAK RIDGE POLICE DEPT	NIGHT VISION EQUIP, EMIT, REFLECTED RAD	1996-10-01	1050.0	1	Each	police	58	55	DS	NIGHTVI	not in file	5855-DS-NIG-HTVI	not in file	not in file	D		State	not in file	not in file	not in file	not in file	1996Q4
DISP_AllStatesAndTerritories_03312020.xlsx[ALL]	TN	OAK RIDGE POLICE DEPT	NIGHT VISION EQUIP, EMIT, REFLECTED RAD	1996-10-01	985.0	1	Each	police	58	55	DS	NIGHTVI	not in file	5855-DS-NIG-HTVI	not in file	not in file	D		State	not in file	not in file	not in file	not in file	1996Q4
DISP_AllStatesAndTerritories_03312020.xlsx[ALL]	WA	CENTRALIA POLICE DEPT	TRUCK,ARMORED	1996-10-31	65070.0	1	Each	police	23	20	01	0747642	not in file	2320-01-074-7642	not in file	not in file	C	1.0	State	not in file	not in file	not in file	not in file	1996Q4
