OriginatingFile	StateAbbreviation	RequestingAgency	ItemDescription	RecordDate	AcquisitionValue	Quantity	UnitIncrement	AgencyType	Item_FSG	Item_FSC	Item_CC	Item_Code	Justification	NSN	FSC	NIIN	DEMILCode	DEMILIC	StationType	RequisitionID	CancelledBy	RTDRef	ReasonCancelled	Quarter
DISP_AllStatesAndTerritories_06302020.xlsx[ALL]	FL	DEPT OF LAW ENF TALLAHASSEE	RIFLE,7.62 MILLIMETER	1994-04-14	138.0	1	Each	law enforcement	10	05	00	5891271	not in file	1005-00-589-1271	not in file	not in file	D	1.0	State	not in file	not in file	not in file	not in file	1994Q2
DISP_AllStatesAndTerritories_06302020.xlsx[ALL]	FL	DEPT OF LAW ENF TALLAHASSEE	RIFLE,7.62 MILLIMETER	1994-04-14	138.0	1	Each	law enforcement	10	05	00	5891271	not in file	1005-00-589-1271	not in file	not in file	D	1.0	State	not in file	not in file	not in file	not in file	1994Q2
DISP_AllStatesAndTerritories_06302020.xlsx[ALL]	FL	DEPT OF LAW ENF TALLAHASSEE	RIFLE,7.62 MILLIMETER	1994-04-14	138.0	1	Each	law enforcement	10	05	00	5891271	not in file	1005-00-589-1271	not in file	not in file	D	1.0	State	not in file	not in file	not in file	not in file	1994Q2
DISP_AllStatesAndTerritories_06302020.xlsx[ALL]	FL	DEPT OF LAW ENF TALLAHASSEE	RIFLE,7.62 MILLIMETER	1994-04-14	138.0	1	Each	law enforcement	10	05	00	5891271	not in file	1005-00-589-1271	not in file	not in file	D	1.0	State	not in file	not in file	not in file	not in file	1994Q2
DISP_AllStatesAndTerritories_06302020.xlsx[ALL]	FL	DIXIE COUNTY SHERIFF DEPT	RIFLE,7.62 MILLIMETER	1994-04-14	138.0	1	Each	sheriff	10	05	00	5891271	not in file	1005-00-589-1271	not in file	not in file	D	1.0	State	not in file	not in file	not in file	not in file	1994Q2
DISP_AllStatesAndTerritories_06302020.xlsx[ALL]	FL	DIXIE COUNTY SHERIFF DEPT	RIFLE,7.62 MILLIMETER	1994-04-14	138.0	1	Each	sheriff	10	05	00	5891271	not in file	1005-00-589-1271	not in file	not in file	D	1.0	State	not in file	not in file	not in file	not in file	1994Q2
DISP_AllStatesAndTerritories_06302020.xlsx[ALL]	FL	FLAGLER COUNTY SHERIFF'S OFFICE	RIFLE,7.62 MILLIMETER	1994-04-14	138.0	1	Each	sheriff	10	05	00	5891271	not in file	1005-00-589-1271	not in file	not in file	D	1.0	State	not in file	not in file	not in file	not in file	1994Q2
DISP_AllStatesAndTerritories_06302020.xlsx[ALL]	FL	FLAGLER COUNTY SHERIFF'S OFFICE	RIFLE,7.62 MILLIMETER	1994-04-14	138.0	1	Each	sheriff	10	05	00	5891271	not in file	1005-00-589-1271	not in file	not in file	D	1.0	State	not in file	not in file	not in file	not in file	1994Q2
DISP_AllStatesAndTerritories_06302020.xlsx[ALL]	FL	FLAGLER COUNTY SHERIFF'S OFFICE	RIFLE,7.62 MILLIMETER	1994-04-14	138.0	1	Each	sheriff	10	05	00	5891271	not in file	1005-00-589-1271	not in file	not in file	D	1.0	State	not in file	not in file	not in file	not in file	1994Q2
DISP_AllStatesAndTerritories_06302020.xlsx[ALL]	FL	FLAGLER COUNTY SHERIFF'S OFFICE	RIFLE,7.62 MILLIMETER	1994-04-14	138.0	1	Each	sheriff	10	05	00	5891271	not in file	1005-00-589-1271	not in file	not in file	D	1.0	State	not in file	not in file	not in file	not in file	1994Q2
DISP_AllStatesAndTerritories_06302020.xlsx[ALL]	FL	JEFFERSON COUNTY SHERIFF'S OFFICE	RIFLE,7.62 MILLIMETER	1994-04-14	138.0	1	Each	sheriff	10	05	00	5891271	not in file	1005-00-589-1271	not in file	not in file	D	1.0	State	not in file	not in file	not in file	not in file	1994Q2
DISP_AllStatesAndTerritories_06302020.xlsx[ALL]	FL	JEFFERSON COUNTY SHERIFF'S OFFICE	RIFLE,7.62 MILLIMETER	1994-04-14	138.0	1	Each	sheriff	10	05	00	5891271	not in file	1005-00-589-1271	not in file	not in file	D	1.0	State	not in file	not in file	not in file	not in file	1994Q2
DISP_AllStatesAndTerritories_06302020.xlsx[ALL]	IL	COUNTRY CLUB HILLS POLICE DEPT	RIFLE,7.62 MILLIMETER	1994-04-14	138.0	1	Each	police	10	05	00	5891271	not in file	1005-00-589-1271	not in file	not in file	D	1.0	State	not in file	not in file	not in file	not in file	1994Q2
DISP_AllStatesAndTerritories_06302020.xlsx[ALL]	IL	COUNTRY CLUB HILLS POLICE DEPT	RIFLE,7.62 MILLIMETER	1994-04-14	138.0	1	Each	police	10	05	00	5891271	not in file	1005-00-589-1271	not in file	not in file	D	1.0	State	not in file	not in file	not in file	not in file	1994Q2
DISP_AllStatesAndTerritories_06302020.xlsx[ALL]	IL	COUNTRY CLUB HILLS POLICE DEPT	RIFLE,7.62 MILLIMETER	1994-04-14	138.0	1	Each	police	10	05	00	5891271	not in file	1005-00-589-1271	not in file	not in file	D	1.0	State	not in file	not in file	not in file	not in file	1994Q2
DISP_AllStatesAndTerritories_06302020.xlsx[ALL]	IL	COUNTRY CLUB HILLS POLICE DEPT	RIFLE,7.62 MILLIMETER	1994-04-14	138.0	1	Each	police	10	05	00	5891271	not in file	1005-00-589-1271	not in file	not in file	D	1.0	State	not in file	not in file	not in file	not in file	1994Q2
DISP_AllStatesAndTerritories_06302020.xlsx[ALL]	IL	COUNTRY CLUB HILLS POLICE DEPT	RIFLE,7.62 MILLIMETER	1994-04-14	138.0	1	Each	police	10	05	00	5891271	not in file	1005-00-589-1271	not in file	not in file	D	1.0	State	not in file	not in file	not in file	not in file	1994Q2
DISP_AllStatesAndTerritories_06302020.xlsx[ALL]	IL	LASALLE COUNTY SHERIFF OFFICE	RIFLE,7.62 MILLIMETER	1994-04-20	138.0	1	Each	sheriff	10	05	00	5891271	not in file	1005-00-589-1271	not in file	not in file	D	1.0	State	not in file	not in file	not in file	not in file	1994Q2
DISP_AllStatesAndTerritories_06302020.xlsx[ALL]	IL	LASALLE COUNTY SHERIFF OFFICE	RIFLE,7.62 MILLIMETER	1994-04-20	138.0	1	Each	sheriff	10	05	00	5891271	not in file	1005-00-589-1271	not in file	not in file	D	1.0	State	not in file	not in file	not in file	not in file	1994Q2
DISP_AllStatesAndTerritories_06302020.xlsx[ALL]	IL	LASALLE COUNTY SHERIFF OFFICE	RIFLE,7.62 MILLIMETER	1994-04-20	138.0	1	Each	sheriff	10	05	00	5891271	not in file	1005-00-589-1271	not in file	not in file	D	1.0	State	not in file	not in file	not in file	not in file	1994Q2
DISP_AllStatesAndTerritories_06302020.xlsx[ALL]	IL	LASALLE COUNTY SHERIFF OFFICE	RIFLE,7.62 MILLIMETER	1994-04-20	138.0	1	Each	sheriff	10	05	00	5891271	not in file	1005-00-589-1271	not in file	not in file	D	1.0	State	not in file	not in file	not in file	not in file	1994Q2
DISP_AllStatesAndTerritories_06302020.xlsx[ALL]	IL	LOMBARD POLICE DEPT	RIFLE,7.62 MILLIMETER	1994-04-14	138.0	1	Each	police	10	05	00	5891271	not in file	1005-00-589-1271	not in file	not in file	D	1.0	State	not in file	not in file	not in file	not in file	1994Q2
DISP_AllStatesAndTerritories_06302020.xlsx[ALL]	IL	LOMBARD POLICE DEPT	RIFLE,7.62 MILLIMETER	1994-04-14	138.0	1	Each	police	10	05	00	5891271	not in file	1005-00-589-1271	not in file	not in file	D	1.0	State	not in file	not in file	not in file	not in file	1994Q2
DISP_AllStatesAndTerritories_06302020.xlsx[ALL]	IL	LOMBARD POLICE DEPT	RIFLE,7.62 MILLIMETER	1994-04-14	138.0	1	Each	police	10	05	00	5891271	not in file	1005-00-589-1271	not in file	not in file	D	1.0	State	not in file	not in file	not in file	not in file	1994Q2
DISP_AllStatesAndTerritories_06302020.xlsx[ALL]	IL	LOMBARD POLICE DEPT	RIFLE,7.62 MILLIMETER	1994-04-14	138.0	1	Each	police	10	05	00	5891271	not in file	1005-00-589-1271	not in file	not in file	D	1.0	State	not in file	not in file	not in file	not in file	1994Q2
DISP_AllStatesAndTerritories_06302020.xlsx[ALL]	IL	MANTENO POLICE DEPT	RIFLE,7.62 MILLIMETER	1994-04-18	138.0	1	Each	police	10	05	00	5891271	not in file	1005-00-589-1271	not in file	not in file	D	1.0	State	not in file	not in file	not in file	not in file	1994Q2
DISP_AllStatesAndTerritories_06302020.xlsx[ALL]	IL	MANTENO POLICE DEPT	RIFLE,7.62 MILLIMETER	1994-04-18	138.0	1	Each	police	10	05	00	5891271	not in file	1005-00-589-1271	not in file	not in file	D	1.0	State	not in file	not in file	not in file	not in file	1994Q2
DISP_AllStatesAndTerritories_06302020.xlsx[ALL]	IL	OGLESBY POLICE DEPARTMENT	RIFLE,7.62 MILLIMETER	1994-05-26	138.0	1	Each	police	10	05	00	5891271	not in file	1005-00-589-1271	not in file	not in file	D	1.0	State	not in file	not in file	not in file	not in file	1994Q2
DISP_AllStatesAndTerritories_06302020.xlsx[ALL]	IL	OGLESBY POLICE DEPARTMENT	RIFLE,7.62 MILLIMETER	1994-05-26	138.0	1	Each	police	10	05	00	5891271	not in file	1005-00-589-1271	not in file	not in file	D	1.0	State	not in file	not in file	not in file	not in file	1994Q2
DISP_AllStatesAndTerritories_06302020.xlsx[ALL]	IL	OGLESBY POLICE DEPARTMENT	RIFLE,7.62 MILLIMETER	1994-05-26	138.0	1	Each	police	10	05	00	5891271	not in file	1005-00-589-1271	not in file	not in file	D	1.0	State	not in file	not in file	not in file	not in file	1994Q2
DISP_AllStatesAndTerritories_06302020.xlsx[ALL]	IL	OGLESBY POLICE DEPARTMENT	RIFLE,7.62 MILLIMETER	1994-05-26	138.0	1	Each	police	10	05	00	5891271	not in file	1005-00-589-1271	not in file	not in file	D	1.0	State	not in file	not in file	not in file	not in file	1994Q2
DISP_AllStatesAndTerritories_06302020.xlsx[ALL]	IL	ROCKFORD POLICE DEPT	RIFLE,7.62 MILLIMETER	1994-04-14	138.0	1	Each	police	10	05	00	5891271	not in file	1005-00-589-1271	not in file	not in file	D	1.0	State	not in file	not in file	not in file	not in file	1994Q2
DISP_AllStatesAndTerritories_06302020.xlsx[ALL]	IL	ROCKFORD POLICE DEPT	RIFLE,7.62 MILLIMETER	1994-04-14	138.0	1	Each	police	10	05	00	5891271	not in file	1005-00-589-1271	not in file	not in file	D	1.0	State	not in file	not in file	not in file	not in file	1994Q2
DISP_AllStatesAndTerritories_06302020.xlsx[ALL]	IL	ROCKFORD POLICE DEPT	RIFLE,7.62 MILLIMETER	1994-04-14	138.0	1	Each	police	10	05	00	5891271	not in file	1005-00-589-1271	not in file	not in file	D	1.0	State	not in file	not in file	not in file	not in file	1994Q2
DISP_AllStatesAndTerritories_06302020.xlsx[ALL]	IL	ROCKFORD POLICE DEPT	RIFLE,7.62 MILLIMETER	1994-04-14	138.0	1	Each	police	10	05	00	5891271	not in file	1005-00-589-1271	not in file	not in file	D	1.0	State	not in file	not in file	not in file	not in file	1994Q2
DISP_AllStatesAndTerritories_06302020.xlsx[ALL]	IL	SECRETARY OF STATE POLICE	RIFLE,7.62 MILLIMETER	1994-04-14	138.0	1	Each	police	10	05	00	5891271	not in file	1005-00-589-1271	not in file	not in file	D	1.0	State	not in file	not in file	not in file	not in file	1994Q2
DISP_AllStatesAndTerritories_06302020.xlsx[ALL]	IL	SECRETARY OF STATE POLICE	RIFLE,7.62 MILLIMETER	1994-04-14	138.0	1	Each	police	10	05	00	5891271	not in file	1005-00-589-1271	not in file	not in file	D	1.0	State	not in file	not in file	not in file	not in file	1994Q2
DISP_AllStatesAndTerritories_06302020.xlsx[ALL]	IL	STATE POLICE DEPT	RIFLE,7.62 MILLIMETER	1994-05-26	138.0	1	Each	police	10	05	00	5891271	not in file	1005-00-589-1271	not in file	not in file	D	1.0	State	not in file	not in file	not in file	not in file	1994Q2
DISP_AllStatesAndTerritories_06302020.xlsx[ALL]	IL	STATE POLICE DEPT	RIFLE,7.62 MILLIMETER	1994-05-26	138.0	1	Each	police	10	05	00	5891271	not in file	1005-00-589-1271	not in file	not in file	D	1.0	State	not in file	not in file	not in file	not in file	1994Q2
DISP_AllStatesAndTerritories_06302020.xlsx[ALL]	IL	STATE POLICE DEPT	RIFLE,7.62 MILLIMETER	1994-05-26	138.0	1	Each	police	10	05	00	5891271	not in file	1005-00-589-1271	not in file	not in file	D	1.0	State	not in file	not in file	not in file	not in file	1994Q2
DISP_AllStatesAndTerritories_06302020.xlsx[ALL]	IL	STATE POLICE DEPT	RIFLE,7.62 MILLIMETER	1994-05-26	138.0	1	Each	police	10	05	00	5891271	not in file	1005-00-589-1271	not in file	not in file	D	1.0	State	not in file	not in file	not in file	not in file	1994Q2
DISP_AllStatesAndTerritories_06302020.xlsx[ALL]	IL	STATE POLICE DEPT	RIFLE,7.62 MILLIMETER	1994-05-26	138.0	1	Each	police	10	05	00	5891271	not in file	1005-00-589-1271	not in file	not in file	D	1.0	State	not in file	not in file	not in file	not in file	1994Q2
DISP_AllStatesAndTerritories_06302020.xlsx[ALL]	IL	STATE POLICE DEPT	RIFLE,7.62 MILLIMETER	1994-05-26	138.0	1	Each	police	10	05	00	5891271	not in file	1005-00-589-1271	not in file	not in file	D	1.0	State	not in file	not in file	not in file	not in file	1994Q2
DISP_AllStatesAndTerritories_06302020.xlsx[ALL]	IL	STATE POLICE DEPT	RIFLE,7.62 MILLIMETER	1994-05-26	138.0	1	Each	police	10	05	00	5891271	not in file	1005-00-589-1271	not in file	not in file	D	1.0	State	not in file	not in file	not in file	not in file	1994Q2
DISP_AllStatesAndTerritories_06302020.xlsx[ALL]	IL	STATE POLICE DEPT	RIFLE,7.62 MILLIMETER	1994-05-26	138.0	1	Each	police	10	05	00	5891271	not in file	1005-00-589-1271	not in file	not in file	D	1.0	State	not in file	not in file	not in file	not in file	1994Q2
DISP_AllStatesAndTerritories_06302020.xlsx[ALL]	IL	STATE POLICE DEPT	RIFLE,7.62 MILLIMETER	1994-05-26	138.0	1	Each	police	10	05	00	5891271	not in file	1005-00-589-1271	not in file	not in file	D	1.0	State	not in file	not in file	not in file	not in file	1994Q2
DISP_AllStatesAndTerritories_06302020.xlsx[ALL]	IL	STATE POLICE DEPT	RIFLE,7.62 MILLIMETER	1994-05-26	138.0	1	Each	police	10	05	00	5891271	not in file	1005-00-589-1271	not in file	not in file	D	1.0	State	not in file	not in file	not in file	not in file	1994Q2
DISP_AllStatesAndTerritories_06302020.xlsx[ALL]	IL	STATE POLICE DEPT	RIFLE,7.62 MILLIMETER	1994-05-26	138.0	1	Each	police	10	05	00	5891271	not in file	1005-00-589-1271	not in file	not in file	D	1.0	State	not in file	not in file	not in file	not in file	1994Q2
DISP_AllStatesAndTerritories_06302020.xlsx[ALL]	IL	STATE POLICE DEPT	RIFLE,7.62 MILLIMETER	1994-05-26	138.0	1	Each	police	10	05	00	5891271	not in file	1005-00-589-1271	not in file	not in file	D	1.0	State	not in file	not in file	not in file	not in file	1994Q2
DISP_AllStatesAndTerritories_06302020.xlsx[ALL]	IL	STATE POLICE DEPT	RIFLE,7.62 MILLIMETER	1994-05-26	138.0	1	Each	police	10	05	00	5891271	not in file	1005-00-589-1271	not in file	not in file	D	1.0	State	not in file	not in file	not in file	not in file	1994Q2
DISP_AllStatesAndTerritories_06302020.xlsx[ALL]	IL	STATE POLICE DEPT	RIFLE,7.62 MILLIMETER	1994-05-26	138.0	1	Each	police	10	05	00	5891271	not in file	1005-00-589-1271	not in file	not in file	D	1.0	State	not in file	not in file	not in file	not in file	1994Q2
DISP_AllStatesAndTerritories_06302020.xlsx[ALL]	IL	STATE POLICE DEPT	RIFLE,7.62 MILLIMETER	1994-05-26	138.0	1	Each	police	10	05	00	5891271	not in file	1005-00-589-1271	not in file	not in file	D	1.0	State	not in file	not in file	not in file	not in file	1994Q2
DISP_AllStatesAndTerritories_06302020.xlsx[ALL]	IL	STATE POLICE DEPT	RIFLE,7.62 MILLIMETER	1994-05-26	138.0	1	Each	police	10	05	00	5891271	not in file	1005-00-589-1271	not in file	not in file	D	1.0	State	not in file	not in file	not in file	not in file	1994Q2
DISP_AllStatesAndTerritories_06302020.xlsx[ALL]	IL	STATE POLICE DEPT	RIFLE,7.62 MILLIMETER	1994-05-26	138.0	1	Each	police	10	05	00	5891271	not in file	1005-00-589-1271	not in file	not in file	D	1.0	State	not in file	not in file	not in file	not in file	1994Q2
DISP_AllStatesAndTerritories_06302020.xlsx[ALL]	IL	STATE POLICE DEPT	RIFLE,7.62 MILLIMETER	1994-05-26	138.0	1	Each	police	10	05	00	5891271	not in file	1005-00-589-1271	not in file	not in file	D	1.0	State	not in file	not in file	not in file	not in file	1994Q2
DISP_AllStatesAndTerritories_06302020.xlsx[ALL]	IL	STATE POLICE DEPT	RIFLE,7.62 MILLIMETER	1994-05-26	138.0	1	Each	police	10	05	00	5891271	not in file	1005-00-589-1271	not in file	not in file	D	1.0	State	not in file	not in file	not in file	not in file	1994Q2
DISP_AllStatesAndTerritories_06302020.xlsx[ALL]	IL	STATE POLICE DEPT	RIFLE,7.62 MILLIMETER	1994-05-26	138.0	1	Each	police	10	05	00	5891271	not in file	1005-00-589-1271	not in file	not in file	D	1.0	State	not in file	not in file	not in file	not in file	1994Q2
DISP_AllStatesAndTerritories_06302020.xlsx[ALL]	IL	STATE POLICE DEPT	RIFLE,7.62 MILLIMETER	1994-05-26	138.0	1	Each	police	10	05	00	5891271	not in file	1005-00-589-1271	not in file	not in file	D	1.0	State	not in file	not in file	not in file	not in file	1994Q2
DISP_AllStatesAndTerritories_06302020.xlsx[ALL]	IN	CLAY COUNTY SHERIFFS OFFICE	RIFLE,7.62 MILLIMETER	1994-04-18	138.0	1	Each	sheriff	10	05	00	5891271	not in file	1005-00-589-1271	not in file	not in file	D	1.0	State	not in file	not in file	not in file	not in file	1994Q2
DISP_AllStatesAndTerritories_06302020.xlsx[ALL]	IN	CLAY COUNTY SHERIFFS OFFICE	RIFLE,7.62 MILLIMETER	1994-04-18	138.0	1	Each	sheriff	10	05	00	5891271	not in file	1005-00-589-1271	not in file	not in file	D	1.0	State	not in file	not in file	not in file	not in file	1994Q2
DISP_AllStatesAndTerritories_06302020.xlsx[ALL]	IN	CLAY COUNTY SHERIFFS OFFICE	RIFLE,7.62 MILLIMETER	1994-04-18	138.0	1	Each	sheriff	10	05	00	5891271	not in file	1005-00-589-1271	not in file	not in file	D	1.0	State	not in file	not in file	not in file	not in file	1994Q2
DISP_AllStatesAndTerritories_06302020.xlsx[ALL]	IN	CLAY COUNTY SHERIFFS OFFICE	RIFLE,7.62 MILLIMETER	1994-04-18	138.0	1	Each	sheriff	10	05	00	5891271	not in file	1005-00-589-1271	not in file	not in file	D	1.0	State	not in file	not in file	not in file	not in file	1994Q2
DISP_AllStatesAndTerritories_06302020.xlsx[ALL]	IN	STATE EXCISE POLICE	RIFLE,7.62 MILLIMETER	1994-04-18	138.0	1	Each	police	10	05	00	5891271	not in file	1005-00-589-1271	not in file	not in file	D	1.0	State	not in file	not in file	not in file	not in file	1994Q2
DISP_AllStatesAndTerritories_06302020.xlsx[ALL]	IN	STATE EXCISE POLICE	RIFLE,7.62 MILLIMETER	1994-04-18	138.0	1	Each	police	10	05	00	5891271	not in file	1005-00-589-1271	not in file	not in file	D	1.0	State	not in file	not in file	not in file	not in file	1994Q2
DISP_AllStatesAndTerritories_06302020.xlsx[ALL]	IN	STATE EXCISE POLICE	RIFLE,7.62 MILLIMETER	1994-04-18	138.0	1	Each	police	10	05	00	5891271	not in file	1005-00-589-1271	not in file	not in file	D	1.0	State	not in file	not in file	not in file	not in file	1994Q2
DISP_AllStatesAndTerritories_06302020.xlsx[ALL]	IN	STATE EXCISE POLICE	RIFLE,7.62 MILLIMETER	1994-04-18	138.0	1	Each	police	10	05	00	5891271	not in file	1005-00-589-1271	not in file	not in file	D	1.0	State	not in file	not in file	not in file	not in file	1994Q2
DISP_AllStatesAndTerritories_06302020.xlsx[ALL]	IN	STATE EXCISE POLICE	RIFLE,7.62 MILLIMETER	1994-04-18	138.0	1	Each	police	10	05	00	5891271	not in file	1005-00-589-1271	not in file	not in file	D	1.0	State	not in file	not in file	not in file	not in file	1994Q2
DISP_AllStatesAndTerritories_06302020.xlsx[ALL]	IN	STATE EXCISE POLICE	RIFLE,7.62 MILLIMETER	1994-04-18	138.0	1	Each	police	10	05	00	5891271	not in file	1005-00-589-1271	not in file	not in file	D	1.0	State	not in file	not in file	not in file	not in file	1994Q2
DISP_AllStatesAndTerritories_06302020.xlsx[ALL]	IN	STATE EXCISE POLICE	RIFLE,7.62 MILLIMETER	1994-04-18	138.0	1	Each	police	10	05	00	5891271	not in file	1005-00-589-1271	not in file	not in file	D	1.0	State	not in file	not in file	not in file	not in file	1994Q2
DISP_AllStatesAndTerritories_06302020.xlsx[ALL]	IN	STATE EXCISE POLICE	RIFLE,7.62 MILLIMETER	1994-04-18	138.0	1	Each	police	10	05	00	5891271	not in file	1005-00-589-1271	not in file	not in file	D	1.0	State	not in file	not in file	not in file	not in file	1994Q2
DISP_AllStatesAndTerritories_06302020.xlsx[ALL]	IN	STATE EXCISE POLICE	RIFLE,7.62 MILLIMETER	1994-04-18	138.0	1	Each	police	10	05	00	5891271	not in file	1005-00-589-1271	not in file	not in file	D	1.0	State	not in file	not in file	not in file	not in file	1994Q2
DISP_AllStatesAndTerritories_06302020.xlsx[ALL]	IN	STATE EXCISE POLICE	RIFLE,7.62 MILLIMETER	1994-04-18	138.0	1	Each	police	10	05	00	5891271	not in file	1005-00-589-1271	not in file	not in file	D	1.0	State	not in file	not in file	not in file	not in file	1994Q2
DISP_AllStatesAndTerritories_06302020.xlsx[ALL]	MT	ROOSEVELT COUNTY SHERIFFS OFFICE	RIFLE,7.62 MILLIMETER	1994-04-14	138.0	1	Each	sheriff	10	05	00	5891271	not in file	1005-00-589-1271	not in file	not in file	D	1.0	State	not in file	not in file	not in file	not in file	1994Q2
DISP_AllStatesAndTerritories_06302020.xlsx[ALL]	MT	ROOSEVELT COUNTY SHERIFFS OFFICE	RIFLE,7.62 MILLIMETER	1994-04-14	138.0	1	Each	sheriff	10	05	00	5891271	not in file	1005-00-589-1271	not in file	not in file	D	1.0	State	not in file	not in file	not in file	not in file	1994Q2
DISP_AllStatesAndTerritories_06302020.xlsx[ALL]	MT	ROOSEVELT COUNTY SHERIFFS OFFICE	RIFLE,7.62 MILLIMETER	1994-04-14	138.0	1	Each	sheriff	10	05	00	5891271	not in file	1005-00-589-1271	not in file	not in file	D	1.0	State	not in file	not in file	not in file	not in file	1994Q2
DISP_AllStatesAndTerritories_06302020.xlsx[ALL]	MT	ROOSEVELT COUNTY SHERIFFS OFFICE	RIFLE,7.62 MILLIMETER	1994-04-14	138.0	1	Each	sheriff	10	05	00	5891271	not in file	1005-00-589-1271	not in file	not in file	D	1.0	State	not in file	not in file	not in file	not in file	1994Q2
DISP_AllStatesAndTerritories_06302020.xlsx[ALL]	MT	ROOSEVELT COUNTY SHERIFFS OFFICE	RIFLE,7.62 MILLIMETER	1994-04-14	138.0	1	Each	sheriff	10	05	00	5891271	not in file	1005-00-589-1271	not in file	not in file	D	1.0	State	not in file	not in file	not in file	not in file	1994Q2
DISP_AllStatesAndTerritories_06302020.xlsx[ALL]	MT	ROOSEVELT COUNTY SHERIFFS OFFICE	RIFLE,7.62 MILLIMETER	1994-04-14	138.0	1	Each	sheriff	10	05	00	5891271	not in file	1005-00-589-1271	not in file	not in file	D	1.0	State	not in file	not in file	not in file	not in file	1994Q2
DISP_AllStatesAndTerritories_06302020.xlsx[ALL]	NV	RENO POLICE DEPT	IMAGE INTENSIFIER TUBE,NIGHT VISION	1994-05-24	12464.0	1	Each	police	58	55	00	1382386	not in file	5855-00-138-2386	not in file	not in file	F	1.0	State	not in file	not in file	not in file	not in file	1994Q2
DISP_AllStatesAndTerritories_06302020.xlsx[ALL]	NV	RENO POLICE DEPT	IMAGE INTENSIFIER TUBE,NIGHT VISION	1994-05-24	12464.0	1	Each	police	58	55	00	1382386	not in file	5855-00-138-2386	not in file	not in file	F	1.0	State	not in file	not in file	not in file	not in file	1994Q2
DISP_AllStatesAndTerritories_06302020.xlsx[ALL]	NV	RENO POLICE DEPT	IMAGE INTENSIFIER TUBE,NIGHT VISION	1994-05-24	12464.0	1	Each	police	58	55	00	1382386	not in file	5855-00-138-2386	not in file	not in file	F	1.0	State	not in file	not in file	not in file	not in file	1994Q2
DISP_AllStatesAndTerritories_06302020.xlsx[ALL]	NV	RENO POLICE DEPT	IMAGE INTENSIFIER TUBE,NIGHT VISION	1994-05-24	12464.0	1	Each	police	58	55	00	1382386	not in file	5855-00-138-2386	not in file	not in file	F	1.0	State	not in file	not in file	not in file	not in file	1994Q2
DISP_AllStatesAndTerritories_06302020.xlsx[ALL]	NV	RENO POLICE DEPT	IMAGE INTENSIFIER TUBE,NIGHT VISION	1994-05-24	12464.0	1	Each	police	58	55	00	1382386	not in file	5855-00-138-2386	not in file	not in file	F	1.0	State	not in file	not in file	not in file	not in file	1994Q2
DISP_AllStatesAndTerritories_06302020.xlsx[ALL]	NV	RENO POLICE DEPT	IMAGE INTENSIFIER TUBE,NIGHT VISION	1994-05-24	12464.0	1	Each	police	58	55	00	1382386	not in file	5855-00-138-2386	not in file	not in file	F	1.0	State	not in file	not in file	not in file	not in file	1994Q2
DISP_AllStatesAndTerritories_06302020.xlsx[ALL]	NV	RENO POLICE DEPT	IMAGE INTENSIFIER TUBE,NIGHT VISION	1994-05-24	12464.0	1	Each	police	58	55	00	1382386	not in file	5855-00-138-2386	not in file	not in file	F	1.0	State	not in file	not in file	not in file	not in file	1994Q2
DISP_AllStatesAndTerritories_06302020.xlsx[ALL]	NV	RENO POLICE DEPT	IMAGE INTENSIFIER TUBE,NIGHT VISION	1994-05-24	12464.0	1	Each	police	58	55	00	1382386	not in file	5855-00-138-2386	not in file	not in file	F	1.0	State	not in file	not in file	not in file	not in file	1994Q2
DISP_AllStatesAndTerritories_06302020.xlsx[ALL]	NV	RENO POLICE DEPT	IMAGE INTENSIFIER TUBE,NIGHT VISION	1994-05-24	12464.0	1	Each	police	58	55	00	1382386	not in file	5855-00-138-2386	not in file	not in file	F	1.0	State	not in file	not in file	not in file	not in file	1994Q2
DISP_AllStatesAndTerritories_06302020.xlsx[ALL]	NV	RENO POLICE DEPT	IMAGE INTENSIFIER TUBE,NIGHT VISION	1994-05-24	12464.0	1	Each	police	58	55	00	1382386	not in file	5855-00-138-2386	not in file	not in file	F	1.0	State	not in file	not in file	not in file	not in file	1994Q2
DISP_AllStatesAndTerritories_06302020.xlsx[ALL]	NV	RENO POLICE DEPT	IMAGE INTENSIFIER TUBE,NIGHT VISION	1994-05-24	12464.0	1	Each	police	58	55	00	1382386	not in file	5855-00-138-2386	not in file	not in file	F	1.0	State	not in file	not in file	not in file	not in file	1994Q2
DISP_AllStatesAndTerritories_06302020.xlsx[ALL]	NJ	CAMDEN COUNTY SHERIFF'S OFFICE	RIFLE,7.62 MILLIMETER	1994-05-26	138.0	1	Each	sheriff	10	05	00	5891271	not in file	1005-00-589-1271	not in file	not in file	D	1.0	State	not in file	not in file	not in file	not in file	1994Q2
DISP_AllStatesAndTerritories_06302020.xlsx[ALL]	NJ	CAMDEN COUNTY SHERIFF'S OFFICE	RIFLE,7.62 MILLIMETER	1994-05-26	138.0	1	Each	sheriff	10	05	00	5891271	not in file	1005-00-589-1271	not in file	not in file	D	1.0	State	not in file	not in file	not in file	not in file	1994Q2
DISP_AllStatesAndTerritories_06302020.xlsx[ALL]	NJ	CAMDEN COUNTY SHERIFF'S OFFICE	RIFLE,7.62 MILLIMETER	1994-05-26	138.0	1	Each	sheriff	10	05	00	5891271	not in file	1005-00-589-1271	not in file	not in file	D	1.0	State	not in file	not in file	not in file	not in file	1994Q2
DISP_AllStatesAndTerritories_06302020.xlsx[ALL]	NJ	CAMDEN COUNTY SHERIFF'S OFFICE	RIFLE,7.62 MILLIMETER	1994-05-26	138.0	1	Each	sheriff	10	05	00	5891271	not in file	1005-00-589-1271	not in file	not in file	D	1.0	State	not in file	not in file	not in file	not in file	1994Q2
DISP_AllStatesAndTerritories_06302020.xlsx[ALL]	NJ	CAMDEN COUNTY SHERIFF'S OFFICE	RIFLE,7.62 MILLIMETER	1994-05-26	138.0	1	Each	sheriff	10	05	00	5891271	not in file	1005-00-589-1271	not in file	not in file	D	1.0	State	not in file	not in file	not in file	not in file	1994Q2
DISP_AllStatesAndTerritories_06302020.xlsx[ALL]	NJ	CAMDEN COUNTY SHERIFF'S OFFICE	RIFLE,7.62 MILLIMETER	1994-05-26	138.0	1	Each	sheriff	10	05	00	5891271	not in file	1005-00-589-1271	not in file	not in file	D	1.0	State	not in file	not in file	not in file	not in file	1994Q2
DISP_AllStatesAndTerritories_06302020.xlsx[ALL]	NJ	CAMDEN COUNTY SHERIFF'S OFFICE	RIFLE,7.62 MILLIMETER	1994-05-26	138.0	1	Each	sheriff	10	05	00	5891271	not in file	1005-00-589-1271	not in file	not in file	D	1.0	State	not in file	not in file	not in file	not in file	1994Q2
DISP_AllStatesAndTerritories_06302020.xlsx[ALL]	NJ	CAMDEN COUNTY SHERIFF'S OFFICE	RIFLE,7.62 MILLIMETER	1994-05-26	138.0	1	Each	sheriff	10	05	00	5891271	not in file	1005-00-589-1271	not in file	not in file	D	1.0	State	not in file	not in file	not in file	not in file	1994Q2
DISP_AllStatesAndTerritories_06302020.xlsx[ALL]	NJ	CAMDEN COUNTY SHERIFF'S OFFICE	RIFLE,7.62 MILLIMETER	1994-05-26	138.0	1	Each	sheriff	10	05	00	5891271	not in file	1005-00-589-1271	not in file	not in file	D	1.0	State	not in file	not in file	not in file	not in file	1994Q2
DISP_AllStatesAndTerritories_06302020.xlsx[ALL]	NJ	CAMDEN COUNTY SHERIFF'S OFFICE	RIFLE,7.62 MILLIMETER	1994-05-26	138.0	1	Each	sheriff	10	05	00	5891271	not in file	1005-00-589-1271	not in file	not in file	D	1.0	State	not in file	not in file	not in file	not in file	1994Q2
DISP_AllStatesAndTerritories_06302020.xlsx[ALL]	NJ	MIDDLETOWN TOWNSHIP POLICE DEPT	RIFLE,7.62 MILLIMETER	1994-05-26	138.0	1	Each	police	10	05	00	5891271	not in file	1005-00-589-1271	not in file	not in file	D	1.0	State	not in file	not in file	not in file	not in file	1994Q2
DISP_AllStatesAndTerritories_06302020.xlsx[ALL]	NJ	MIDDLETOWN TOWNSHIP POLICE DEPT	RIFLE,7.62 MILLIMETER	1994-05-26	138.0	1	Each	police	10	05	00	5891271	not in file	1005-00-589-1271	not in file	not in file	D	1.0	State	not in file	not in file	not in file	not in file	1994Q2
DISP_AllStatesAndTerritories_06302020.xlsx[ALL]	NJ	PALISADES PARK POLICE DEPT	RIFLE,7.62 MILLIMETER	1994-05-26	138.0	1	Each	police	10	05	00	5891271	not in file	1005-00-589-1271	not in file	not in file	D	1.0	State	not in file	not in file	not in file	not in file	1994Q2
DISP_AllStatesAndTerritories_06302020.xlsx[ALL]	NJ	PALISADES PARK POLICE DEPT	RIFLE,7.62 MILLIMETER	1994-05-26	138.0	1	Each	police	10	05	00	5891271	not in file	1005-00-589-1271	not in file	not in file	D	1.0	State	not in file	not in file	not in file	not in file	1994Q2
DISP_AllStatesAndTerritories_06302020.xlsx[ALL]	NJ	PALISADES PARK POLICE DEPT	RIFLE,7.62 MILLIMETER	1994-05-26	138.0	1	Each	police	10	05	00	5891271	not in file	1005-00-589-1271	not in file	not in file	D	1.0	State	not in file	not in file	not in file	not in file	1994Q2
DISP_AllStatesAndTerritories_06302020.xlsx[ALL]	NJ	PALISADES PARK POLICE DEPT	RIFLE,7.62 MILLIMETER	1994-05-26	138.0	1	Each	police	10	05	00	5891271	not in file	1005-00-589-1271	not in file	not in file	D	1.0	State	not in file	not in file	not in file	not in file	1994Q2
DISP_AllStatesAndTerritories_06302020.xlsx[ALL]	NJ	PALISADES PARK POLICE DEPT	RIFLE,7.62 MILLIMETER	1994-05-26	138.0	1	Each	police	10	05	00	5891271	not in file	1005-00-589-1271	not in file	not in file	D	1.0	State	not in file	not in file	not in file	not in file	1994Q2
DISP_AllStatesAndTerritories_06302020.xlsx[ALL]	NJ	PALISADES PARK POLICE DEPT	RIFLE,7.62 MILLIMETER	1994-05-26	138.0	1	Each	police	10	05	00	5891271	not in file	1005-00-589-1271	not in file	not in file	D	1.0	State	not in file	not in file	not in file	not in file	1994Q2
DISP_AllStatesAndTerritories_06302020.xlsx[ALL]	NJ	PALISADES PARK POLICE DEPT	RIFLE,7.62 MILLIMETER	1994-05-26	138.0	1	Each	police	10	05	00	5891271	not in file	1005-00-589-1271	not in file	not in file	D	1.0	State	not in file	not in file	not in file	not in file	1994Q2
DISP_AllStatesAndTerritories_06302020.xlsx[ALL]	NJ	PALISADES PARK POLICE DEPT	RIFLE,7.62 MILLIMETER	1994-05-26	138.0	1	Each	police	10	05	00	5891271	not in file	1005-00-589-1271	not in file	not in file	D	1.0	State	not in file	not in file	not in file	not in file	1994Q2
DISP_AllStatesAndTerritories_06302020.xlsx[ALL]	TX	BOSQUE COUNTY SHERIFF OFFICE	RIFLE,7.62 MILLIMETER	1994-05-26	138.0	1	Each	sheriff	10	05	00	5891271	not in file	1005-00-589-1271	not in file	not in file	D	1.0	State	not in file	not in file	not in file	not in file	1994Q2
DISP_AllStatesAndTerritories_06302020.xlsx[ALL]	TX	BOSQUE COUNTY SHERIFF OFFICE	RIFLE,7.62 MILLIMETER	1994-05-26	138.0	1	Each	sheriff	10	05	00	5891271	not in file	1005-00-589-1271	not in file	not in file	D	1.0	State	not in file	not in file	not in file	not in file	1994Q2
DISP_AllStatesAndTerritories_06302020.xlsx[ALL]	TX	BOSQUE COUNTY SHERIFF OFFICE	RIFLE,7.62 MILLIMETER	1994-05-26	138.0	1	Each	sheriff	10	05	00	5891271	not in file	1005-00-589-1271	not in file	not in file	D	1.0	State	not in file	not in file	not in file	not in file	1994Q2
DISP_AllStatesAndTerritories_06302020.xlsx[ALL]	TX	BOSQUE COUNTY SHERIFF OFFICE	RIFLE,7.62 MILLIMETER	1994-05-26	138.0	1	Each	sheriff	10	05	00	5891271	not in file	1005-00-589-1271	not in file	not in file	D	1.0	State	not in file	not in file	not in file	not in file	1994Q2
DISP_AllStatesAndTerritories_06302020.xlsx[ALL]	TX	BOSQUE COUNTY SHERIFF OFFICE	RIFLE,7.62 MILLIMETER	1994-05-26	138.0	1	Each	sheriff	10	05	00	5891271	not in file	1005-00-589-1271	not in file	not in file	D	1.0	State	not in file	not in file	not in file	not in file	1994Q2
DISP_AllStatesAndTerritories_06302020.xlsx[ALL]	TX	CRAWFORD POLICE DEPT	RIFLE,7.62 MILLIMETER	1994-05-26	138.0	1	Each	police	10	05	00	5891271	not in file	1005-00-589-1271	not in file	not in file	D	1.0	State	not in file	not in file	not in file	not in file	1994Q2
DISP_AllStatesAndTerritories_06302020.xlsx[ALL]	TX	DPS AIRCRAFT OPERATIONS	RIFLE,7.62 MILLIMETER	1994-05-26	138.0	1	Each	other	10	05	00	5891271	not in file	1005-00-589-1271	not in file	not in file	D	1.0	State	not in file	not in file	not in file	not in file	1994Q2
DISP_AllStatesAndTerritories_06302020.xlsx[ALL]	TX	DPS AIRCRAFT OPERATIONS	RIFLE,7.62 MILLIMETER	1994-05-26	138.0	1	Each	other	10	05	00	5891271	not in file	1005-00-589-1271	not in file	not in file	D	1.0	State	not in file	not in file	not in file	not in file	1994Q2
DISP_AllStatesAndTerritories_06302020.xlsx[ALL]	TX	DPS AIRCRAFT OPERATIONS	RIFLE,7.62 MILLIMETER	1994-05-26	138.0	1	Each	other	10	05	00	5891271	not in file	1005-00-589-1271	not in file	not in file	D	1.0	State	not in file	not in file	not in file	not in file	1994Q2
DISP_AllStatesAndTerritories_06302020.xlsx[ALL]	TX	DPS SWAT- TEXAS RANGERS	RIFLE,7.62 MILLIMETER	1994-05-26	138.0	1	Each	other	10	05	00	5891271	not in file	1005-00-589-1271	not in file	not in file	D	1.0	State	not in file	not in file	not in file	not in file	1994Q2
DISP_AllStatesAndTerritories_06302020.xlsx[ALL]	TX	DPS SWAT- TEXAS RANGERS	RIFLE,7.62 MILLIMETER	1994-05-26	138.0	1	Each	other	10	05	00	5891271	not in file	1005-00-589-1271	not in file	not in file	D	1.0	State	not in file	not in file	not in file	not in file	1994Q2
DISP_AllStatesAndTerritories_06302020.xlsx[ALL]	TX	DPS SWAT- TEXAS RANGERS	RIFLE,7.62 MILLIMETER	1994-05-26	138.0	1	Each	other	10	05	00	5891271	not in file	1005-00-589-1271	not in file	not in file	D	1.0	State	not in file	not in file	not in file	not in file	1994Q2
DISP_AllStatesAndTerritories_06302020.xlsx[ALL]	TX	DPS SWAT- TEXAS RANGERS	RIFLE,7.62 MILLIMETER	1994-05-26	138.0	1	Each	other	10	05	00	5891271	not in file	1005-00-589-1271	not in file	not in file	D	1.0	State	not in file	not in file	not in file	not in file	1994Q2
DISP_AllStatesAndTerritories_06302020.xlsx[ALL]	TX	DPS SWAT- TEXAS RANGERS	RIFLE,7.62 MILLIMETER	1994-05-26	138.0	1	Each	other	10	05	00	5891271	not in file	1005-00-589-1271	not in file	not in file	D	1.0	State	not in file	not in file	not in file	not in file	1994Q2
DISP_AllStatesAndTerritories_06302020.xlsx[ALL]	TX	DPS SWAT- TEXAS RANGERS	RIFLE,7.62 MILLIMETER	1994-05-26	138.0	1	Each	other	10	05	00	5891271	not in file	1005-00-589-1271	not in file	not in file	D	1.0	State	not in file	not in file	not in file	not in file	1994Q2
DISP_AllStatesAndTerritories_06302020.xlsx[ALL]	TX	DPS SWAT- TEXAS RANGERS	RIFLE,7.62 MILLIMETER	1994-05-26	138.0	1	Each	other	10	05	00	5891271	not in file	1005-00-589-1271	not in file	not in file	D	1.0	State	not in file	not in file	not in file	not in file	1994Q2
DISP_AllStatesAndTerritories_06302020.xlsx[ALL]	TX	DPS SWAT- TEXAS RANGERS	RIFLE,7.62 MILLIMETER	1994-05-26	138.0	1	Each	other	10	05	00	5891271	not in file	1005-00-589-1271	not in file	not in file	D	1.0	State	not in file	not in file	not in file	not in file	1994Q2
DISP_AllStatesAndTerritories_06302020.xlsx[ALL]	TX	DPS SWAT- TEXAS RANGERS	RIFLE,7.62 MILLIMETER	1994-05-26	138.0	1	Each	other	10	05	00	5891271	not in file	1005-00-589-1271	not in file	not in file	D	1.0	State	not in file	not in file	not in file	not in file	1994Q2
DISP_AllStatesAndTerritories_06302020.xlsx[ALL]	TX	DPS SWAT- TEXAS RANGERS	RIFLE,7.62 MILLIMETER	1994-05-26	138.0	1	Each	other	10	05	00	5891271	not in file	1005-00-589-1271	not in file	not in file	D	1.0	State	not in file	not in file	not in file	not in file	1994Q2
DISP_AllStatesAndTerritories_06302020.xlsx[ALL]	TX	DPS SWAT- TEXAS RANGERS	RIFLE,7.62 MILLIMETER	1994-05-26	138.0	1	Each	other	10	05	00	5891271	not in file	1005-00-589-1271	not in file	not in file	D	1.0	State	not in file	not in file	not in file	not in file	1994Q2
DISP_AllStatesAndTerritories_06302020.xlsx[ALL]	TX	DPS SWAT- TEXAS RANGERS	RIFLE,7.62 MILLIMETER	1994-05-26	138.0	1	Each	other	10	05	00	5891271	not in file	1005-00-589-1271	not in file	not in file	D	1.0	State	not in file	not in file	not in file	not in file	1994Q2
DISP_AllStatesAndTerritories_06302020.xlsx[ALL]	TX	GALVESTON POLICE DEPT	RIFLE,7.62 MILLIMETER	1994-05-26	138.0	1	Each	police	10	05	00	5891271	not in file	1005-00-589-1271	not in file	not in file	D	1.0	State	not in file	not in file	not in file	not in file	1994Q2
DISP_AllStatesAndTerritories_06302020.xlsx[ALL]	TX	GALVESTON POLICE DEPT	RIFLE,7.62 MILLIMETER	1994-05-26	138.0	1	Each	police	10	05	00	5891271	not in file	1005-00-589-1271	not in file	not in file	D	1.0	State	not in file	not in file	not in file	not in file	1994Q2
DISP_AllStatesAndTerritories_06302020.xlsx[ALL]	TX	MONTAGUE COUNTY SHERIFF'S OFFICE	RIFLE,7.62 MILLIMETER	1994-05-26	138.0	1	Each	sheriff	10	05	00	5891271	not in file	1005-00-589-1271	not in file	not in file	D	1.0	State	not in file	not in file	not in file	not in file	1994Q2
DISP_AllStatesAndTerritories_06302020.xlsx[ALL]	TX	MONTAGUE COUNTY SHERIFF'S OFFICE	RIFLE,7.62 MILLIMETER	1994-05-26	138.0	1	Each	sheriff	10	05	00	5891271	not in file	1005-00-589-1271	not in file	not in file	D	1.0	State	not in file	not in file	not in file	not in file	1994Q2
DISP_AllStatesAndTerritories_06302020.xlsx[ALL]	TX	MONTAGUE COUNTY SHERIFF'S OFFICE	RIFLE,7.62 MILLIMETER	1994-05-26	138.0	1	Each	sheriff	10	05	00	5891271	not in file	1005-00-589-1271	not in file	not in file	D	1.0	State	not in file	not in file	not in file	not in file	1994Q2
DISP_AllStatesAndTerritories_06302020.xlsx[ALL]	TX	MONTAGUE COUNTY SHERIFF'S OFFICE	RIFLE,7.62 MILLIMETER	1994-05-26	138.0	1	Each	sheriff	10	05	00	5891271	not in file	1005-00-589-1271	not in file	not in file	D	1.0	State	not in file	not in file	not in file	not in file	1994Q2
DISP_AllStatesAndTerritories_06302020.xlsx[ALL]	TX	SCHERTZ POLICE DEPT	RIFLE,7.62 MILLIMETER	1994-05-26	138.0	1	Each	police	10	05	00	5891271	not in file	1005-00-589-1271	not in file	not in file	D	1.0	State	not in file	not in file	not in file	not in file	1994Q2
DISP_AllStatesAndTerritories_06302020.xlsx[ALL]	TX	SCHERTZ POLICE DEPT	RIFLE,7.62 MILLIMETER	1994-05-26	138.0	1	Each	police	10	05	00	5891271	not in file	1005-00-589-1271	not in file	not in file	D	1.0	State	not in file	not in file	not in file	not in file	1994Q2
DISP_AllStatesAndTerritories_06302020.xlsx[ALL]	TX	SCHERTZ POLICE DEPT	RIFLE,7.62 MILLIMETER	1994-05-26	138.0	1	Each	police	10	05	00	5891271	not in file	1005-00-589-1271	not in file	not in file	D	1.0	State	not in file	not in file	not in file	not in file	1994Q2
DISP_AllStatesAndTerritories_06302020.xlsx[ALL]	TX	WOLFE CITY POLICE DEPT	RIFLE,7.62 MILLIMETER	1994-05-26	138.0	1	Each	police	10	05	00	5891271	not in file	1005-00-589-1271	not in file	not in file	D	1.0	State	not in file	not in file	not in file	not in file	1994Q2
DISP_AllStatesAndTerritories_06302020.xlsx[ALL]	WA	BELLEVUE POLICE DEPT	RIFLE,7.62 MILLIMETER	1994-04-14	138.0	1	Each	police	10	05	00	5891271	not in file	1005-00-589-1271	not in file	not in file	D	1.0	State	not in file	not in file	not in file	not in file	1994Q2
DISP_AllStatesAndTerritories_06302020.xlsx[ALL]	WA	BELLEVUE POLICE DEPT	RIFLE,7.62 MILLIMETER	1994-04-14	138.0	1	Each	police	10	05	00	5891271	not in file	1005-00-589-1271	not in file	not in file	D	1.0	State	not in file	not in file	not in file	not in file	1994Q2
DISP_AllStatesAndTerritories_06302020.xlsx[ALL]	WA	BELLEVUE POLICE DEPT	RIFLE,7.62 MILLIMETER	1994-04-14	138.0	1	Each	police	10	05	00	5891271	not in file	1005-00-589-1271	not in file	not in file	D	1.0	State	not in file	not in file	not in file	not in file	1994Q2
DISP_AllStatesAndTerritories_06302020.xlsx[ALL]	WA	BELLEVUE POLICE DEPT	RIFLE,7.62 MILLIMETER	1994-04-14	138.0	1	Each	police	10	05	00	5891271	not in file	1005-00-589-1271	not in file	not in file	D	1.0	State	not in file	not in file	not in file	not in file	1994Q2
DISP_AllStatesAndTerritories_06302020.xlsx[ALL]	WA	MONROE POLICE DEPT	RIFLE,7.62 MILLIMETER	1994-05-26	138.0	1	Each	police	10	05	00	5891271	not in file	1005-00-589-1271	not in file	not in file	D	1.0	State	not in file	not in file	not in file	not in file	1994Q2
DISP_AllStatesAndTerritories_06302020.xlsx[ALL]	WA	MONROE POLICE DEPT	RIFLE,7.62 MILLIMETER	1994-05-26	138.0	1	Each	police	10	05	00	5891271	not in file	1005-00-589-1271	not in file	not in file	D	1.0	State	not in file	not in file	not in file	not in file	1994Q2
DISP_AllStatesAndTerritories_06302020.xlsx[ALL]	WA	PORT ORCHARD POLICE DEPT	RIFLE,7.62 MILLIMETER	1994-04-14	138.0	1	Each	police	10	05	00	5891271	not in file	1005-00-589-1271	not in file	not in file	D	1.0	State	not in file	not in file	not in file	not in file	1994Q2
DISP_AllStatesAndTerritories_06302020.xlsx[ALL]	WA	SPOKANE COUNTY SHERIFF OFFICE	RIFLE,7.62 MILLIMETER	1994-04-14	138.0	1	Each	sheriff	10	05	00	5891271	not in file	1005-00-589-1271	not in file	not in file	D	1.0	State	not in file	not in file	not in file	not in file	1994Q2
DISP_AllStatesAndTerritories_06302020.xlsx[ALL]	WA	SPOKANE COUNTY SHERIFF OFFICE	RIFLE,7.62 MILLIMETER	1994-04-14	138.0	1	Each	sheriff	10	05	00	5891271	not in file	1005-00-589-1271	not in file	not in file	D	1.0	State	not in file	not in file	not in file	not in file	1994Q2
DISP_AllStatesAndTerritories_06302020.xlsx[ALL]	WA	SPOKANE COUNTY SHERIFF OFFICE	RIFLE,7.62 MILLIMETER	1994-04-14	138.0	1	Each	sheriff	10	05	00	5891271	not in file	1005-00-589-1271	not in file	not in file	D	1.0	State	not in file	not in file	not in file	not in file	1994Q2
DISP_AllStatesAndTerritories_06302020.xlsx[ALL]	WA	SPOKANE COUNTY SHERIFF OFFICE	RIFLE,7.62 MILLIMETER	1994-04-14	138.0	1	Each	sheriff	10	05	00	5891271	not in file	1005-00-589-1271	not in file	not in file	D	1.0	State	not in file	not in file	not in file	not in file	1994Q2
DISP_AllStatesAndTerritories_06302020.xlsx[ALL]	WA	SPOKANE COUNTY SHERIFF OFFICE	RIFLE,7.62 MILLIMETER	1994-04-14	138.0	1	Each	sheriff	10	05	00	5891271	not in file	1005-00-589-1271	not in file	not in file	D	1.0	State	not in file	not in file	not in file	not in file	1994Q2
DISP_AllStatesAndTerritories_06302020.xlsx[ALL]	WA	SPOKANE COUNTY SHERIFF OFFICE	RIFLE,7.62 MILLIMETER	1994-04-14	138.0	1	Each	sheriff	10	05	00	5891271	not in file	1005-00-589-1271	not in file	not in file	D	1.0	State	not in file	not in file	not in file	not in file	1994Q2
DISP_AllStatesAndTerritories_06302020.xlsx[ALL]	WA	SPOKANE COUNTY SHERIFF OFFICE	RIFLE,7.62 MILLIMETER	1994-04-14	138.0	1	Each	sheriff	10	05	00	5891271	not in file	1005-00-589-1271	not in file	not in file	D	1.0	State	not in file	not in file	not in file	not in file	1994Q2
OriginatingFile	StateAbbreviation	RequestingAgency	ItemDescription	RecordDate	AcquisitionValue	Quantity	UnitIncrement	AgencyType	Item_FSG	Item_FSC	Item_CC	Item_Code	Justification	NSN	FSC	NIIN	DEMILCode	DEMILIC	StationType	RequisitionID	CancelledBy	RTDRef	ReasonCancelled	Quarter
DISP_AllStatesAndTerritories_03312020.xlsx[ALL]	FL	DEPT OF LAW ENF TALLAHASSEE	RIFLE,7.62 MILLIMETER	1994-04-14	138.0	1	Each	law enforcement	10	05	00	5891271	not in file	1005-00-589-1271	not in file	not in file	D	1.0	State	not in file	not in file	not in file	not in file	1994Q2
DISP_AllStatesAndTerritories_03312020.xlsx[ALL]	FL	DEPT OF LAW ENF TALLAHASSEE	RIFLE,7.62 MILLIMETER	1994-04-14	138.0	1	Each	law enforcement	10	05	00	5891271	not in file	1005-00-589-1271	not in file	not in file	D	1.0	State	not in file	not in file	not in file	not in file	1994Q2
DISP_AllStatesAndTerritories_03312020.xlsx[ALL]	FL	DEPT OF LAW ENF TALLAHASSEE	RIFLE,7.62 MILLIMETER	1994-04-14	138.0	1	Each	law enforcement	10	05	00	5891271	not in file	1005-00-589-1271	not in file	not in file	D	1.0	State	not in file	not in file	not in file	not in file	1994Q2
DISP_AllStatesAndTerritories_03312020.xlsx[ALL]	FL	DEPT OF LAW ENF TALLAHASSEE	RIFLE,7.62 MILLIMETER	1994-04-14	138.0	1	Each	law enforcement	10	05	00	5891271	not in file	1005-00-589-1271	not in file	not in file	D	1.0	State	not in file	not in file	not in file	not in file	1994Q2
DISP_AllStatesAndTerritories_03312020.xlsx[ALL]	FL	DIXIE COUNTY SHERIFF DEPT	RIFLE,7.62 MILLIMETER	1994-04-14	138.0	1	Each	sheriff	10	05	00	5891271	not in file	1005-00-589-1271	not in file	not in file	D	1.0	State	not in file	not in file	not in file	not in file	1994Q2
DISP_AllStatesAndTerritories_03312020.xlsx[ALL]	FL	DIXIE COUNTY SHERIFF DEPT	RIFLE,7.62 MILLIMETER	1994-04-14	138.0	1	Each	sheriff	10	05	00	5891271	not in file	1005-00-589-1271	not in file	not in file	D	1.0	State	not in file	not in file	not in file	not in file	1994Q2
DISP_AllStatesAndTerritories_03312020.xlsx[ALL]	FL	FLAGLER COUNTY SHERIFF'S OFFICE	RIFLE,7.62 MILLIMETER	1994-04-14	138.0	1	Each	sheriff	10	05	00	5891271	not in file	1005-00-589-1271	not in file	not in file	D	1.0	State	not in file	not in file	not in file	not in file	1994Q2
DISP_AllStatesAndTerritories_03312020.xlsx[ALL]	FL	FLAGLER COUNTY SHERIFF'S OFFICE	RIFLE,7.62 MILLIMETER	1994-04-14	138.0	1	Each	sheriff	10	05	00	5891271	not in file	1005-00-589-1271	not in file	not in file	D	1.0	State	not in file	not in file	not in file	not in file	1994Q2
DISP_AllStatesAndTerritories_03312020.xlsx[ALL]	FL	FLAGLER COUNTY SHERIFF'S OFFICE	RIFLE,7.62 MILLIMETER	1994-04-14	138.0	1	Each	sheriff	10	05	00	5891271	not in file	1005-00-589-1271	not in file	not in file	D	1.0	State	not in file	not in file	not in file	not in file	1994Q2
DISP_AllStatesAndTerritories_03312020.xlsx[ALL]	FL	FLAGLER COUNTY SHERIFF'S OFFICE	RIFLE,7.62 MILLIMETER	1994-04-14	138.0	1	Each	sheriff	10	05	00	5891271	not in file	1005-00-589-1271	not in file	not in file	D	1.0	State	not in file	not in file	not in file	not in file	1994Q2
DISP_AllStatesAndTerritories_03312020.xlsx[ALL]	FL	JEFFERSON COUNTY SHERIFF'S OFFICE	RIFLE,7.62 MILLIMETER	1994-04-14	138.0	1	Each	sheriff	10	05	00	5891271	not in file	1005-00-589-1271	not in file	not in file	D	1.0	State	not in file	not in file	not in file	not in file	1994Q2
DISP_AllStatesAndTerritories_03312020.xlsx[ALL]	FL	JEFFERSON COUNTY SHERIFF'S OFFICE	RIFLE,7.62 MILLIMETER	1994-04-14	138.0	1	Each	sheriff	10	05	00	5891271	not in file	1005-00-589-1271	not in file	not in file	D	1.0	State	not in file	not in file	not in file	not in file	1994Q2
DISP_AllStatesAndTerritories_03312020.xlsx[ALL]	IL	COUNTRY CLUB HILLS POLICE DEPT	RIFLE,7.62 MILLIMETER	1994-04-14	138.0	1	Each	police	10	05	00	5891271	not in file	1005-00-589-1271	not in file	not in file	D	1.0	State	not in file	not in file	not in file	not in file	1994Q2
DISP_AllStatesAndTerritories_03312020.xlsx[ALL]	IL	COUNTRY CLUB HILLS POLICE DEPT	RIFLE,7.62 MILLIMETER	1994-04-14	138.0	1	Each	police	10	05	00	5891271	not in file	1005-00-589-1271	not in file	not in file	D	1.0	State	not in file	not in file	not in file	not in file	1994Q2
DISP_AllStatesAndTerritories_03312020.xlsx[ALL]	IL	COUNTRY CLUB HILLS POLICE DEPT	RIFLE,7.62 MILLIMETER	1994-04-14	138.0	1	Each	police	10	05	00	5891271	not in file	1005-00-589-1271	not in file	not in file	D	1.0	State	not in file	not in file	not in file	not in file	1994Q2
DISP_AllStatesAndTerritories_03312020.xlsx[ALL]	IL	COUNTRY CLUB HILLS POLICE DEPT	RIFLE,7.62 MILLIMETER	1994-04-14	138.0	1	Each	police	10	05	00	5891271	not in file	1005-00-589-1271	not in file	not in file	D	1.0	State	not in file	not in file	not in file	not in file	1994Q2
DISP_AllStatesAndTerritories_03312020.xlsx[ALL]	IL	COUNTRY CLUB HILLS POLICE DEPT	RIFLE,7.62 MILLIMETER	1994-04-14	138.0	1	Each	police	10	05	00	5891271	not in file	1005-00-589-1271	not in file	not in file	D	1.0	State	not in file	not in file	not in file	not in file	1994Q2
DISP_AllStatesAndTerritories_03312020.xlsx[ALL]	IL	LASALLE COUNTY SHERIFF OFFICE	RIFLE,7.62 MILLIMETER	1994-04-20	138.0	1	Each	sheriff	10	05	00	5891271	not in file	1005-00-589-1271	not in file	not in file	D	1.0	State	not in file	not in file	not in file	not in file	1994Q2
DISP_AllStatesAndTerritories_03312020.xlsx[ALL]	IL	LASALLE COUNTY SHERIFF OFFICE	RIFLE,7.62 MILLIMETER	1994-04-20	138.0	1	Each	sheriff	10	05	00	5891271	not in file	1005-00-589-1271	not in file	not in file	D	1.0	State	not in file	not in file	not in file	not in file	1994Q2
DISP_AllStatesAndTerritories_03312020.xlsx[ALL]	IL	LASALLE COUNTY SHERIFF OFFICE	RIFLE,7.62 MILLIMETER	1994-04-20	138.0	1	Each	sheriff	10	05	00	5891271	not in file	1005-00-589-1271	not in file	not in file	D	1.0	State	not in file	not in file	not in file	not in file	1994Q2
DISP_AllStatesAndTerritories_03312020.xlsx[ALL]	IL	LASALLE COUNTY SHERIFF OFFICE	RIFLE,7.62 MILLIMETER	1994-04-20	138.0	1	Each	sheriff	10	05	00	5891271	not in file	1005-00-589-1271	not in file	not in file	D	1.0	State	not in file	not in file	not in file	not in file	1994Q2
DISP_AllStatesAndTerritories_03312020.xlsx[ALL]	IL	LOMBARD POLICE DEPT	RIFLE,7.62 MILLIMETER	1994-04-14	138.0	1	Each	police	10	05	00	5891271	not in file	1005-00-589-1271	not in file	not in file	D	1.0	State	not in file	not in file	not in file	not in file	1994Q2
DISP_AllStatesAndTerritories_03312020.xlsx[ALL]	IL	LOMBARD POLICE DEPT	RIFLE,7.62 MILLIMETER	1994-04-14	138.0	1	Each	police	10	05	00	5891271	not in file	1005-00-589-1271	not in file	not in file	D	1.0	State	not in file	not in file	not in file	not in file	1994Q2
DISP_AllStatesAndTerritories_03312020.xlsx[ALL]	IL	LOMBARD POLICE DEPT	RIFLE,7.62 MILLIMETER	1994-04-14	138.0	1	Each	police	10	05	00	5891271	not in file	1005-00-589-1271	not in file	not in file	D	1.0	State	not in file	not in file	not in file	not in file	1994Q2
DISP_AllStatesAndTerritories_03312020.xlsx[ALL]	IL	LOMBARD POLICE DEPT	RIFLE,7.62 MILLIMETER	1994-04-14	138.0	1	Each	police	10	05	00	5891271	not in file	1005-00-589-1271	not in file	not in file	D	1.0	State	not in file	not in file	not in file	not in file	1994Q2
DISP_AllStatesAndTerritories_03312020.xlsx[ALL]	IL	MANTENO POLICE DEPT	RIFLE,7.62 MILLIMETER	1994-04-18	138.0	1	Each	police	10	05	00	5891271	not in file	1005-00-589-1271	not in file	not in file	D	1.0	State	not in file	not in file	not in file	not in file	1994Q2
DISP_AllStatesAndTerritories_03312020.xlsx[ALL]	IL	MANTENO POLICE DEPT	RIFLE,7.62 MILLIMETER	1994-04-18	138.0	1	Each	police	10	05	00	5891271	not in file	1005-00-589-1271	not in file	not in file	D	1.0	State	not in file	not in file	not in file	not in file	1994Q2
DISP_AllStatesAndTerritories_03312020.xlsx[ALL]	IL	OGLESBY POLICE DEPARTMENT	RIFLE,7.62 MILLIMETER	1994-05-26	138.0	1	Each	police	10	05	00	5891271	not in file	1005-00-589-1271	not in file	not in file	D	1.0	State	not in file	not in file	not in file	not in file	1994Q2
DISP_AllStatesAndTerritories_03312020.xlsx[ALL]	IL	OGLESBY POLICE DEPARTMENT	RIFLE,7.62 MILLIMETER	1994-05-26	138.0	1	Each	police	10	05	00	5891271	not in file	1005-00-589-1271	not in file	not in file	D	1.0	State	not in file	not in file	not in file	not in file	1994Q2
DISP_AllStatesAndTerritories_03312020.xlsx[ALL]	IL	OGLESBY POLICE DEPARTMENT	RIFLE,7.62 MILLIMETER	1994-05-26	138.0	1	Each	police	10	05	00	5891271	not in file	1005-00-589-1271	not in file	not in file	D	1.0	State	not in file	not in file	not in file	not in file	1994Q2
DISP_AllStatesAndTerritories_03312020.xlsx[ALL]	IL	OGLESBY POLICE DEPARTMENT	RIFLE,7.62 MILLIMETER	1994-05-26	138.0	1	Each	police	10	05	00	5891271	not in file	1005-00-589-1271	not in file	not in file	D	1.0	State	not in file	not in file	not in file	not in file	1994Q2
DISP_AllStatesAndTerritories_03312020.xlsx[ALL]	IL	ROCKFORD POLICE DEPT	RIFLE,7.62 MILLIMETER	1994-04-14	138.0	1	Each	police	10	05	00	5891271	not in file	1005-00-589-1271	not in file	not in file	D	1.0	State	not in file	not in file	not in file	not in file	1994Q2
DISP_AllStatesAndTerritories_03312020.xlsx[ALL]	IL	ROCKFORD POLICE DEPT	RIFLE,7.62 MILLIMETER	1994-04-14	138.0	1	Each	police	10	05	00	5891271	not in file	1005-00-589-1271	not in file	not in file	D	1.0	State	not in file	not in file	not in file	not in file	1994Q2
DISP_AllStatesAndTerritories_03312020.xlsx[ALL]	IL	ROCKFORD POLICE DEPT	RIFLE,7.62 MILLIMETER	1994-04-14	138.0	1	Each	police	10	05	00	5891271	not in file	1005-00-589-1271	not in file	not in file	D	1.0	State	not in file	not in file	not in file	not in file	1994Q2
DISP_AllStatesAndTerritories_03312020.xlsx[ALL]	IL	ROCKFORD POLICE DEPT	RIFLE,7.62 MILLIMETER	1994-04-14	138.0	1	Each	police	10	05	00	5891271	not in file	1005-00-589-1271	not in file	not in file	D	1.0	State	not in file	not in file	not in file	not in file	1994Q2
DISP_AllStatesAndTerritories_03312020.xlsx[ALL]	IL	SECRETARY OF STATE POLICE	RIFLE,7.62 MILLIMETER	1994-04-14	138.0	1	Each	police	10	05	00	5891271	not in file	1005-00-589-1271	not in file	not in file	D	1.0	State	not in file	not in file	not in file	not in file	1994Q2
DISP_AllStatesAndTerritories_03312020.xlsx[ALL]	IL	SECRETARY OF STATE POLICE	RIFLE,7.62 MILLIMETER	1994-04-14	138.0	1	Each	police	10	05	00	5891271	not in file	1005-00-589-1271	not in file	not in file	D	1.0	State	not in file	not in file	not in file	not in file	1994Q2
DISP_AllStatesAndTerritories_03312020.xlsx[ALL]	IL	STATE POLICE DEPT	RIFLE,7.62 MILLIMETER	1994-05-26	138.0	1	Each	police	10	05	00	5891271	not in file	1005-00-589-1271	not in file	not in file	D	1.0	State	not in file	not in file	not in file	not in file	1994Q2
DISP_AllStatesAndTerritories_03312020.xlsx[ALL]	IL	STATE POLICE DEPT	RIFLE,7.62 MILLIMETER	1994-05-26	138.0	1	Each	police	10	05	00	5891271	not in file	1005-00-589-1271	not in file	not in file	D	1.0	State	not in file	not in file	not in file	not in file	1994Q2
DISP_AllStatesAndTerritories_03312020.xlsx[ALL]	IL	STATE POLICE DEPT	RIFLE,7.62 MILLIMETER	1994-05-26	138.0	1	Each	police	10	05	00	5891271	not in file	1005-00-589-1271	not in file	not in file	D	1.0	State	not in file	not in file	not in file	not in file	1994Q2
DISP_AllStatesAndTerritories_03312020.xlsx[ALL]	IL	STATE POLICE DEPT	RIFLE,7.62 MILLIMETER	1994-05-26	138.0	1	Each	police	10	05	00	5891271	not in file	1005-00-589-1271	not in file	not in file	D	1.0	State	not in file	not in file	not in file	not in file	1994Q2
DISP_AllStatesAndTerritories_03312020.xlsx[ALL]	IL	STATE POLICE DEPT	RIFLE,7.62 MILLIMETER	1994-05-26	138.0	1	Each	police	10	05	00	5891271	not in file	1005-00-589-1271	not in file	not in file	D	1.0	State	not in file	not in file	not in file	not in file	1994Q2
DISP_AllStatesAndTerritories_03312020.xlsx[ALL]	IL	STATE POLICE DEPT	RIFLE,7.62 MILLIMETER	1994-05-26	138.0	1	Each	police	10	05	00	5891271	not in file	1005-00-589-1271	not in file	not in file	D	1.0	State	not in file	not in file	not in file	not in file	1994Q2
DISP_AllStatesAndTerritories_03312020.xlsx[ALL]	IL	STATE POLICE DEPT	RIFLE,7.62 MILLIMETER	1994-05-26	138.0	1	Each	police	10	05	00	5891271	not in file	1005-00-589-1271	not in file	not in file	D	1.0	State	not in file	not in file	not in file	not in file	1994Q2
DISP_AllStatesAndTerritories_03312020.xlsx[ALL]	IL	STATE POLICE DEPT	RIFLE,7.62 MILLIMETER	1994-05-26	138.0	1	Each	police	10	05	00	5891271	not in file	1005-00-589-1271	not in file	not in file	D	1.0	State	not in file	not in file	not in file	not in file	1994Q2
DISP_AllStatesAndTerritories_03312020.xlsx[ALL]	IL	STATE POLICE DEPT	RIFLE,7.62 MILLIMETER	1994-05-26	138.0	1	Each	police	10	05	00	5891271	not in file	1005-00-589-1271	not in file	not in file	D	1.0	State	not in file	not in file	not in file	not in file	1994Q2
DISP_AllStatesAndTerritories_03312020.xlsx[ALL]	IL	STATE POLICE DEPT	RIFLE,7.62 MILLIMETER	1994-05-26	138.0	1	Each	police	10	05	00	5891271	not in file	1005-00-589-1271	not in file	not in file	D	1.0	State	not in file	not in file	not in file	not in file	1994Q2
DISP_AllStatesAndTerritories_03312020.xlsx[ALL]	IL	STATE POLICE DEPT	RIFLE,7.62 MILLIMETER	1994-05-26	138.0	1	Each	police	10	05	00	5891271	not in file	1005-00-589-1271	not in file	not in file	D	1.0	State	not in file	not in file	not in file	not in file	1994Q2
DISP_AllStatesAndTerritories_03312020.xlsx[ALL]	IL	STATE POLICE DEPT	RIFLE,7.62 MILLIMETER	1994-05-26	138.0	1	Each	police	10	05	00	5891271	not in file	1005-00-589-1271	not in file	not in file	D	1.0	State	not in file	not in file	not in file	not in file	1994Q2
DISP_AllStatesAndTerritories_03312020.xlsx[ALL]	IL	STATE POLICE DEPT	RIFLE,7.62 MILLIMETER	1994-05-26	138.0	1	Each	police	10	05	00	5891271	not in file	1005-00-589-1271	not in file	not in file	D	1.0	State	not in file	not in file	not in file	not in file	1994Q2
DISP_AllStatesAndTerritories_03312020.xlsx[ALL]	IL	STATE POLICE DEPT	RIFLE,7.62 MILLIMETER	1994-05-26	138.0	1	Each	police	10	05	00	5891271	not in file	1005-00-589-1271	not in file	not in file	D	1.0	State	not in file	not in file	not in file	not in file	1994Q2
DISP_AllStatesAndTerritories_03312020.xlsx[ALL]	IL	STATE POLICE DEPT	RIFLE,7.62 MILLIMETER	1994-05-26	138.0	1	Each	police	10	05	00	5891271	not in file	1005-00-589-1271	not in file	not in file	D	1.0	State	not in file	not in file	not in file	not in file	1994Q2
DISP_AllStatesAndTerritories_03312020.xlsx[ALL]	IL	STATE POLICE DEPT	RIFLE,7.62 MILLIMETER	1994-05-26	138.0	1	Each	police	10	05	00	5891271	not in file	1005-00-589-1271	not in file	not in file	D	1.0	State	not in file	not in file	not in file	not in file	1994Q2
DISP_AllStatesAndTerritories_03312020.xlsx[ALL]	IL	STATE POLICE DEPT	RIFLE,7.62 MILLIMETER	1994-05-26	138.0	1	Each	police	10	05	00	5891271	not in file	1005-00-589-1271	not in file	not in file	D	1.0	State	not in file	not in file	not in file	not in file	1994Q2
DISP_AllStatesAndTerritories_03312020.xlsx[ALL]	IL	STATE POLICE DEPT	RIFLE,7.62 MILLIMETER	1994-05-26	138.0	1	Each	police	10	05	00	5891271	not in file	1005-00-589-1271	not in file	not in file	D	1.0	State	not in file	not in file	not in file	not in file	1994Q2
DISP_AllStatesAndTerritories_03312020.xlsx[ALL]	IL	STATE POLICE DEPT	RIFLE,7.62 MILLIMETER	1994-05-26	138.0	1	Each	police	10	05	00	5891271	not in file	1005-00-589-1271	not in file	not in file	D	1.0	State	not in file	not in file	not in file	not in file	1994Q2
DISP_AllStatesAndTerritories_03312020.xlsx[ALL]	IL	STATE POLICE DEPT	RIFLE,7.62 MILLIMETER	1994-05-26	138.0	1	Each	police	10	05	00	5891271	not in file	1005-00-589-1271	not in file	not in file	D	1.0	State	not in file	not in file	not in file	not in file	1994Q2
DISP_AllStatesAndTerritories_03312020.xlsx[ALL]	IL	STATE POLICE DEPT	RIFLE,7.62 MILLIMETER	1994-05-26	138.0	1	Each	police	10	05	00	5891271	not in file	1005-00-589-1271	not in file	not in file	D	1.0	State	not in file	not in file	not in file	not in file	1994Q2
DISP_AllStatesAndTerritories_03312020.xlsx[ALL]	IN	CLAY COUNTY SHERIFFS OFFICE	RIFLE,7.62 MILLIMETER	1994-04-18	138.0	1	Each	sheriff	10	05	00	5891271	not in file	1005-00-589-1271	not in file	not in file	D	1.0	State	not in file	not in file	not in file	not in file	1994Q2
DISP_AllStatesAndTerritories_03312020.xlsx[ALL]	IN	CLAY COUNTY SHERIFFS OFFICE	RIFLE,7.62 MILLIMETER	1994-04-18	138.0	1	Each	sheriff	10	05	00	5891271	not in file	1005-00-589-1271	not in file	not in file	D	1.0	State	not in file	not in file	not in file	not in file	1994Q2
DISP_AllStatesAndTerritories_03312020.xlsx[ALL]	IN	CLAY COUNTY SHERIFFS OFFICE	RIFLE,7.62 MILLIMETER	1994-04-18	138.0	1	Each	sheriff	10	05	00	5891271	not in file	1005-00-589-1271	not in file	not in file	D	1.0	State	not in file	not in file	not in file	not in file	1994Q2
DISP_AllStatesAndTerritories_03312020.xlsx[ALL]	IN	CLAY COUNTY SHERIFFS OFFICE	RIFLE,7.62 MILLIMETER	1994-04-18	138.0	1	Each	sheriff	10	05	00	5891271	not in file	1005-00-589-1271	not in file	not in file	D	1.0	State	not in file	not in file	not in file	not in file	1994Q2
DISP_AllStatesAndTerritories_03312020.xlsx[ALL]	IN	STATE EXCISE POLICE	RIFLE,7.62 MILLIMETER	1994-04-18	138.0	1	Each	police	10	05	00	5891271	not in file	1005-00-589-1271	not in file	not in file	D	1.0	State	not in file	not in file	not in file	not in file	1994Q2
DISP_AllStatesAndTerritories_03312020.xlsx[ALL]	IN	STATE EXCISE POLICE	RIFLE,7.62 MILLIMETER	1994-04-18	138.0	1	Each	police	10	05	00	5891271	not in file	1005-00-589-1271	not in file	not in file	D	1.0	State	not in file	not in file	not in file	not in file	1994Q2
DISP_AllStatesAndTerritories_03312020.xlsx[ALL]	IN	STATE EXCISE POLICE	RIFLE,7.62 MILLIMETER	1994-04-18	138.0	1	Each	police	10	05	00	5891271	not in file	1005-00-589-1271	not in file	not in file	D	1.0	State	not in file	not in file	not in file	not in file	1994Q2
DISP_AllStatesAndTerritories_03312020.xlsx[ALL]	IN	STATE EXCISE POLICE	RIFLE,7.62 MILLIMETER	1994-04-18	138.0	1	Each	police	10	05	00	5891271	not in file	1005-00-589-1271	not in file	not in file	D	1.0	State	not in file	not in file	not in file	not in file	1994Q2
DISP_AllStatesAndTerritories_03312020.xlsx[ALL]	IN	STATE EXCISE POLICE	RIFLE,7.62 MILLIMETER	1994-04-18	138.0	1	Each	police	10	05	00	5891271	not in file	1005-00-589-1271	not in file	not in file	D	1.0	State	not in file	not in file	not in file	not in file	1994Q2
DISP_AllStatesAndTerritories_03312020.xlsx[ALL]	IN	STATE EXCISE POLICE	RIFLE,7.62 MILLIMETER	1994-04-18	138.0	1	Each	police	10	05	00	5891271	not in file	1005-00-589-1271	not in file	not in file	D	1.0	State	not in file	not in file	not in file	not in file	1994Q2
DISP_AllStatesAndTerritories_03312020.xlsx[ALL]	IN	STATE EXCISE POLICE	RIFLE,7.62 MILLIMETER	1994-04-18	138.0	1	Each	police	10	05	00	5891271	not in file	1005-00-589-1271	not in file	not in file	D	1.0	State	not in file	not in file	not in file	not in file	1994Q2
DISP_AllStatesAndTerritories_03312020.xlsx[ALL]	IN	STATE EXCISE POLICE	RIFLE,7.62 MILLIMETER	1994-04-18	138.0	1	Each	police	10	05	00	5891271	not in file	1005-00-589-1271	not in file	not in file	D	1.0	State	not in file	not in file	not in file	not in file	1994Q2
DISP_AllStatesAndTerritories_03312020.xlsx[ALL]	IN	STATE EXCISE POLICE	RIFLE,7.62 MILLIMETER	1994-04-18	138.0	1	Each	police	10	05	00	5891271	not in file	1005-00-589-1271	not in file	not in file	D	1.0	State	not in file	not in file	not in file	not in file	1994Q2
DISP_AllStatesAndTerritories_03312020.xlsx[ALL]	IN	STATE EXCISE POLICE	RIFLE,7.62 MILLIMETER	1994-04-18	138.0	1	Each	police	10	05	00	5891271	not in file	1005-00-589-1271	not in file	not in file	D	1.0	State	not in file	not in file	not in file	not in file	1994Q2
DISP_AllStatesAndTerritories_03312020.xlsx[ALL]	MT	ROOSEVELT COUNTY SHERIFFS OFFICE	RIFLE,7.62 MILLIMETER	1994-04-14	138.0	1	Each	sheriff	10	05	00	5891271	not in file	1005-00-589-1271	not in file	not in file	D	1.0	State	not in file	not in file	not in file	not in file	1994Q2
DISP_AllStatesAndTerritories_03312020.xlsx[ALL]	MT	ROOSEVELT COUNTY SHERIFFS OFFICE	RIFLE,7.62 MILLIMETER	1994-04-14	138.0	1	Each	sheriff	10	05	00	5891271	not in file	1005-00-589-1271	not in file	not in file	D	1.0	State	not in file	not in file	not in file	not in file	1994Q2
DISP_AllStatesAndTerritories_03312020.xlsx[ALL]	MT	ROOSEVELT COUNTY SHERIFFS OFFICE	RIFLE,7.62 MILLIMETER	1994-04-14	138.0	1	Each	sheriff	10	05	00	5891271	not in file	1005-00-589-1271	not in file	not in file	D	1.0	State	not in file	not in file	not in file	not in file	1994Q2
DISP_AllStatesAndTerritories_03312020.xlsx[ALL]	MT	ROOSEVELT COUNTY SHERIFFS OFFICE	RIFLE,7.62 MILLIMETER	1994-04-14	138.0	1	Each	sheriff	10	05	00	5891271	not in file	1005-00-589-1271	not in file	not in file	D	1.0	State	not in file	not in file	not in file	not in file	1994Q2
DISP_AllStatesAndTerritories_03312020.xlsx[ALL]	MT	ROOSEVELT COUNTY SHERIFFS OFFICE	RIFLE,7.62 MILLIMETER	1994-04-14	138.0	1	Each	sheriff	10	05	00	5891271	not in file	1005-00-589-1271	not in file	not in file	D	1.0	State	not in file	not in file	not in file	not in file	1994Q2
DISP_AllStatesAndTerritories_03312020.xlsx[ALL]	MT	ROOSEVELT COUNTY SHERIFFS OFFICE	RIFLE,7.62 MILLIMETER	1994-04-14	138.0	1	Each	sheriff	10	05	00	5891271	not in file	1005-00-589-1271	not in file	not in file	D	1.0	State	not in file	not in file	not in file	not in file	1994Q2
DISP_AllStatesAndTerritories_03312020.xlsx[ALL]	NV	RENO POLICE DEPT	IMAGE INTENSIFIER TUBE,NIGHT VISION	1994-05-24	12692.0	1	Each	police	58	55	00	1382386	not in file	5855-00-138-2386	not in file	not in file	F	1.0	State	not in file	not in file	not in file	not in file	1994Q2
DISP_AllStatesAndTerritories_03312020.xlsx[ALL]	NV	RENO POLICE DEPT	IMAGE INTENSIFIER TUBE,NIGHT VISION	1994-05-24	12692.0	1	Each	police	58	55	00	1382386	not in file	5855-00-138-2386	not in file	not in file	F	1.0	State	not in file	not in file	not in file	not in file	1994Q2
DISP_AllStatesAndTerritories_03312020.xlsx[ALL]	NV	RENO POLICE DEPT	IMAGE INTENSIFIER TUBE,NIGHT VISION	1994-05-24	12692.0	1	Each	police	58	55	00	1382386	not in file	5855-00-138-2386	not in file	not in file	F	1.0	State	not in file	not in file	not in file	not in file	1994Q2
DISP_AllStatesAndTerritories_03312020.xlsx[ALL]	NV	RENO POLICE DEPT	IMAGE INTENSIFIER TUBE,NIGHT VISION	1994-05-24	12692.0	1	Each	police	58	55	00	1382386	not in file	5855-00-138-2386	not in file	not in file	F	1.0	State	not in file	not in file	not in file	not in file	1994Q2
DISP_AllStatesAndTerritories_03312020.xlsx[ALL]	NV	RENO POLICE DEPT	IMAGE INTENSIFIER TUBE,NIGHT VISION	1994-05-24	12692.0	1	Each	police	58	55	00	1382386	not in file	5855-00-138-2386	not in file	not in file	F	1.0	State	not in file	not in file	not in file	not in file	1994Q2
DISP_AllStatesAndTerritories_03312020.xlsx[ALL]	NV	RENO POLICE DEPT	IMAGE INTENSIFIER TUBE,NIGHT VISION	1994-05-24	12692.0	1	Each	police	58	55	00	1382386	not in file	5855-00-138-2386	not in file	not in file	F	1.0	State	not in file	not in file	not in file	not in file	1994Q2
DISP_AllStatesAndTerritories_03312020.xlsx[ALL]	NV	RENO POLICE DEPT	IMAGE INTENSIFIER TUBE,NIGHT VISION	1994-05-24	12692.0	1	Each	police	58	55	00	1382386	not in file	5855-00-138-2386	not in file	not in file	F	1.0	State	not in file	not in file	not in file	not in file	1994Q2
DISP_AllStatesAndTerritories_03312020.xlsx[ALL]	NV	RENO POLICE DEPT	IMAGE INTENSIFIER TUBE,NIGHT VISION	1994-05-24	12692.0	1	Each	police	58	55	00	1382386	not in file	5855-00-138-2386	not in file	not in file	F	1.0	State	not in file	not in file	not in file	not in file	1994Q2
DISP_AllStatesAndTerritories_03312020.xlsx[ALL]	NV	RENO POLICE DEPT	IMAGE INTENSIFIER TUBE,NIGHT VISION	1994-05-24	12692.0	1	Each	police	58	55	00	1382386	not in file	5855-00-138-2386	not in file	not in file	F	1.0	State	not in file	not in file	not in file	not in file	1994Q2
DISP_AllStatesAndTerritories_03312020.xlsx[ALL]	NV	RENO POLICE DEPT	IMAGE INTENSIFIER TUBE,NIGHT VISION	1994-05-24	12692.0	1	Each	police	58	55	00	1382386	not in file	5855-00-138-2386	not in file	not in file	F	1.0	State	not in file	not in file	not in file	not in file	1994Q2
DISP_AllStatesAndTerritories_03312020.xlsx[ALL]	NV	RENO POLICE DEPT	IMAGE INTENSIFIER TUBE,NIGHT VISION	1994-05-24	12692.0	1	Each	police	58	55	00	1382386	not in file	5855-00-138-2386	not in file	not in file	F	1.0	State	not in file	not in file	not in file	not in file	1994Q2
DISP_AllStatesAndTerritories_03312020.xlsx[ALL]	NJ	CAMDEN COUNTY SHERIFF'S OFFICE	RIFLE,7.62 MILLIMETER	1994-05-26	138.0	1	Each	sheriff	10	05	00	5891271	not in file	1005-00-589-1271	not in file	not in file	D	1.0	State	not in file	not in file	not in file	not in file	1994Q2
DISP_AllStatesAndTerritories_03312020.xlsx[ALL]	NJ	CAMDEN COUNTY SHERIFF'S OFFICE	RIFLE,7.62 MILLIMETER	1994-05-26	138.0	1	Each	sheriff	10	05	00	5891271	not in file	1005-00-589-1271	not in file	not in file	D	1.0	State	not in file	not in file	not in file	not in file	1994Q2
DISP_AllStatesAndTerritories_03312020.xlsx[ALL]	NJ	CAMDEN COUNTY SHERIFF'S OFFICE	RIFLE,7.62 MILLIMETER	1994-05-26	138.0	1	Each	sheriff	10	05	00	5891271	not in file	1005-00-589-1271	not in file	not in file	D	1.0	State	not in file	not in file	not in file	not in file	1994Q2
DISP_AllStatesAndTerritories_03312020.xlsx[ALL]	NJ	CAMDEN COUNTY SHERIFF'S OFFICE	RIFLE,7.62 MILLIMETER	1994-05-26	138.0	1	Each	sheriff	10	05	00	5891271	not in file	1005-00-589-1271	not in file	not in file	D	1.0	State	not in file	not in file	not in file	not in file	1994Q2
DISP_AllStatesAndTerritories_03312020.xlsx[ALL]	NJ	CAMDEN COUNTY SHERIFF'S OFFICE	RIFLE,7.62 MILLIMETER	1994-05-26	138.0	1	Each	sheriff	10	05	00	5891271	not in file	1005-00-589-1271	not in file	not in file	D	1.0	State	not in file	not in file	not in file	not in file	1994Q2
DISP_AllStatesAndTerritories_03312020.xlsx[ALL]	NJ	CAMDEN COUNTY SHERIFF'S OFFICE	RIFLE,7.62 MILLIMETER	1994-05-26	138.0	1	Each	sheriff	10	05	00	5891271	not in file	1005-00-589-1271	not in file	not in file	D	1.0	State	not in file	not in file	not in file	not in file	1994Q2
DISP_AllStatesAndTerritories_03312020.xlsx[ALL]	NJ	CAMDEN COUNTY SHERIFF'S OFFICE	RIFLE,7.62 MILLIMETER	1994-05-26	138.0	1	Each	sheriff	10	05	00	5891271	not in file	1005-00-589-1271	not in file	not in file	D	1.0	State	not in file	not in file	not in file	not in file	1994Q2
DISP_AllStatesAndTerritories_03312020.xlsx[ALL]	NJ	CAMDEN COUNTY SHERIFF'S OFFICE	RIFLE,7.62 MILLIMETER	1994-05-26	138.0	1	Each	sheriff	10	05	00	5891271	not in file	1005-00-589-1271	not in file	not in file	D	1.0	State	not in file	not in file	not in file	not in file	1994Q2
DISP_AllStatesAndTerritories_03312020.xlsx[ALL]	NJ	CAMDEN COUNTY SHERIFF'S OFFICE	RIFLE,7.62 MILLIMETER	1994-05-26	138.0	1	Each	sheriff	10	05	00	5891271	not in file	1005-00-589-1271	not in file	not in file	D	1.0	State	not in file	not in file	not in file	not in file	1994Q2
DISP_AllStatesAndTerritories_03312020.xlsx[ALL]	NJ	CAMDEN COUNTY SHERIFF'S OFFICE	RIFLE,7.62 MILLIMETER	1994-05-26	138.0	1	Each	sheriff	10	05	00	5891271	not in file	1005-00-589-1271	not in file	not in file	D	1.0	State	not in file	not in file	not in file	not in file	1994Q2
DISP_AllStatesAndTerritories_03312020.xlsx[ALL]	NJ	MIDDLETOWN TOWNSHIP POLICE DEPT	RIFLE,7.62 MILLIMETER	1994-05-26	138.0	1	Each	police	10	05	00	5891271	not in file	1005-00-589-1271	not in file	not in file	D	1.0	State	not in file	not in file	not in file	not in file	1994Q2
DISP_AllStatesAndTerritories_03312020.xlsx[ALL]	NJ	MIDDLETOWN TOWNSHIP POLICE DEPT	RIFLE,7.62 MILLIMETER	1994-05-26	138.0	1	Each	police	10	05	00	5891271	not in file	1005-00-589-1271	not in file	not in file	D	1.0	State	not in file	not in file	not in file	not in file	1994Q2
DISP_AllStatesAndTerritories_03312020.xlsx[ALL]	NJ	PALISADES PARK POLICE DEPT	RIFLE,7.62 MILLIMETER	1994-05-26	138.0	1	Each	police	10	05	00	5891271	not in file	1005-00-589-1271	not in file	not in file	D	1.0	State	not in file	not in file	not in file	not in file	1994Q2
DISP_AllStatesAndTerritories_03312020.xlsx[ALL]	NJ	PALISADES PARK POLICE DEPT	RIFLE,7.62 MILLIMETER	1994-05-26	138.0	1	Each	police	10	05	00	5891271	not in file	1005-00-589-1271	not in file	not in file	D	1.0	State	not in file	not in file	not in file	not in file	1994Q2
DISP_AllStatesAndTerritories_03312020.xlsx[ALL]	NJ	PALISADES PARK POLICE DEPT	RIFLE,7.62 MILLIMETER	1994-05-26	138.0	1	Each	police	10	05	00	5891271	not in file	1005-00-589-1271	not in file	not in file	D	1.0	State	not in file	not in file	not in file	not in file	1994Q2
DISP_AllStatesAndTerritories_03312020.xlsx[ALL]	NJ	PALISADES PARK POLICE DEPT	RIFLE,7.62 MILLIMETER	1994-05-26	138.0	1	Each	police	10	05	00	5891271	not in file	1005-00-589-1271	not in file	not in file	D	1.0	State	not in file	not in file	not in file	not in file	1994Q2
DISP_AllStatesAndTerritories_03312020.xlsx[ALL]	NJ	PALISADES PARK POLICE DEPT	RIFLE,7.62 MILLIMETER	1994-05-26	138.0	1	Each	police	10	05	00	5891271	not in file	1005-00-589-1271	not in file	not in file	D	1.0	State	not in file	not in file	not in file	not in file	1994Q2
DISP_AllStatesAndTerritories_03312020.xlsx[ALL]	NJ	PALISADES PARK POLICE DEPT	RIFLE,7.62 MILLIMETER	1994-05-26	138.0	1	Each	police	10	05	00	5891271	not in file	1005-00-589-1271	not in file	not in file	D	1.0	State	not in file	not in file	not in file	not in file	1994Q2
DISP_AllStatesAndTerritories_03312020.xlsx[ALL]	NJ	PALISADES PARK POLICE DEPT	RIFLE,7.62 MILLIMETER	1994-05-26	138.0	1	Each	police	10	05	00	5891271	not in file	1005-00-589-1271	not in file	not in file	D	1.0	State	not in file	not in file	not in file	not in file	1994Q2
DISP_AllStatesAndTerritories_03312020.xlsx[ALL]	NJ	PALISADES PARK POLICE DEPT	RIFLE,7.62 MILLIMETER	1994-05-26	138.0	1	Each	police	10	05	00	5891271	not in file	1005-00-589-1271	not in file	not in file	D	1.0	State	not in file	not in file	not in file	not in file	1994Q2
DISP_AllStatesAndTerritories_03312020.xlsx[ALL]	TX	BOSQUE COUNTY SHERIFF OFFICE	RIFLE,7.62 MILLIMETER	1994-05-26	138.0	1	Each	sheriff	10	05	00	5891271	not in file	1005-00-589-1271	not in file	not in file	D	1.0	State	not in file	not in file	not in file	not in file	1994Q2
DISP_AllStatesAndTerritories_03312020.xlsx[ALL]	TX	BOSQUE COUNTY SHERIFF OFFICE	RIFLE,7.62 MILLIMETER	1994-05-26	138.0	1	Each	sheriff	10	05	00	5891271	not in file	1005-00-589-1271	not in file	not in file	D	1.0	State	not in file	not in file	not in file	not in file	1994Q2
DISP_AllStatesAndTerritories_03312020.xlsx[ALL]	TX	BOSQUE COUNTY SHERIFF OFFICE	RIFLE,7.62 MILLIMETER	1994-05-26	138.0	1	Each	sheriff	10	05	00	5891271	not in file	1005-00-589-1271	not in file	not in file	D	1.0	State	not in file	not in file	not in file	not in file	1994Q2
DISP_AllStatesAndTerritories_03312020.xlsx[ALL]	TX	BOSQUE COUNTY SHERIFF OFFICE	RIFLE,7.62 MILLIMETER	1994-05-26	138.0	1	Each	sheriff	10	05	00	5891271	not in file	1005-00-589-1271	not in file	not in file	D	1.0	State	not in file	not in file	not in file	not in file	1994Q2
DISP_AllStatesAndTerritories_03312020.xlsx[ALL]	TX	BOSQUE COUNTY SHERIFF OFFICE	RIFLE,7.62 MILLIMETER	1994-05-26	138.0	1	Each	sheriff	10	05	00	5891271	not in file	1005-00-589-1271	not in file	not in file	D	1.0	State	not in file	not in file	not in file	not in file	1994Q2
DISP_AllStatesAndTerritories_03312020.xlsx[ALL]	TX	CRAWFORD POLICE DEPT	RIFLE,7.62 MILLIMETER	1994-05-26	138.0	1	Each	police	10	05	00	5891271	not in file	1005-00-589-1271	not in file	not in file	D	1.0	State	not in file	not in file	not in file	not in file	1994Q2
DISP_AllStatesAndTerritories_03312020.xlsx[ALL]	TX	DPS AIRCRAFT OPERATIONS	RIFLE,7.62 MILLIMETER	1994-05-26	138.0	1	Each	other	10	05	00	5891271	not in file	1005-00-589-1271	not in file	not in file	D	1.0	State	not in file	not in file	not in file	not in file	1994Q2
DISP_AllStatesAndTerritories_03312020.xlsx[ALL]	TX	DPS AIRCRAFT OPERATIONS	RIFLE,7.62 MILLIMETER	1994-05-26	138.0	1	Each	other	10	05	00	5891271	not in file	1005-00-589-1271	not in file	not in file	D	1.0	State	not in file	not in file	not in file	not in file	1994Q2
DISP_AllStatesAndTerritories_03312020.xlsx[ALL]	TX	DPS AIRCRAFT OPERATIONS	RIFLE,7.62 MILLIMETER	1994-05-26	138.0	1	Each	other	10	05	00	5891271	not in file	1005-00-589-1271	not in file	not in file	D	1.0	State	not in file	not in file	not in file	not in file	1994Q2
DISP_AllStatesAndTerritories_03312020.xlsx[ALL]	TX	DPS SWAT- TEXAS RANGERS	RIFLE,7.62 MILLIMETER	1994-05-26	138.0	1	Each	other	10	05	00	5891271	not in file	1005-00-589-1271	not in file	not in file	D	1.0	State	not in file	not in file	not in file	not in file	1994Q2
DISP_AllStatesAndTerritories_03312020.xlsx[ALL]	TX	DPS SWAT- TEXAS RANGERS	RIFLE,7.62 MILLIMETER	1994-05-26	138.0	1	Each	other	10	05	00	5891271	not in file	1005-00-589-1271	not in file	not in file	D	1.0	State	not in file	not in file	not in file	not in file	1994Q2
DISP_AllStatesAndTerritories_03312020.xlsx[ALL]	TX	DPS SWAT- TEXAS RANGERS	RIFLE,7.62 MILLIMETER	1994-05-26	138.0	1	Each	other	10	05	00	5891271	not in file	1005-00-589-1271	not in file	not in file	D	1.0	State	not in file	not in file	not in file	not in file	1994Q2
DISP_AllStatesAndTerritories_03312020.xlsx[ALL]	TX	DPS SWAT- TEXAS RANGERS	RIFLE,7.62 MILLIMETER	1994-05-26	138.0	1	Each	other	10	05	00	5891271	not in file	1005-00-589-1271	not in file	not in file	D	1.0	State	not in file	not in file	not in file	not in file	1994Q2
DISP_AllStatesAndTerritories_03312020.xlsx[ALL]	TX	DPS SWAT- TEXAS RANGERS	RIFLE,7.62 MILLIMETER	1994-05-26	138.0	1	Each	other	10	05	00	5891271	not in file	1005-00-589-1271	not in file	not in file	D	1.0	State	not in file	not in file	not in file	not in file	1994Q2
DISP_AllStatesAndTerritories_03312020.xlsx[ALL]	TX	DPS SWAT- TEXAS RANGERS	RIFLE,7.62 MILLIMETER	1994-05-26	138.0	1	Each	other	10	05	00	5891271	not in file	1005-00-589-1271	not in file	not in file	D	1.0	State	not in file	not in file	not in file	not in file	1994Q2
DISP_AllStatesAndTerritories_03312020.xlsx[ALL]	TX	DPS SWAT- TEXAS RANGERS	RIFLE,7.62 MILLIMETER	1994-05-26	138.0	1	Each	other	10	05	00	5891271	not in file	1005-00-589-1271	not in file	not in file	D	1.0	State	not in file	not in file	not in file	not in file	1994Q2
DISP_AllStatesAndTerritories_03312020.xlsx[ALL]	TX	DPS SWAT- TEXAS RANGERS	RIFLE,7.62 MILLIMETER	1994-05-26	138.0	1	Each	other	10	05	00	5891271	not in file	1005-00-589-1271	not in file	not in file	D	1.0	State	not in file	not in file	not in file	not in file	1994Q2
DISP_AllStatesAndTerritories_03312020.xlsx[ALL]	TX	DPS SWAT- TEXAS RANGERS	RIFLE,7.62 MILLIMETER	1994-05-26	138.0	1	Each	other	10	05	00	5891271	not in file	1005-00-589-1271	not in file	not in file	D	1.0	State	not in file	not in file	not in file	not in file	1994Q2
DISP_AllStatesAndTerritories_03312020.xlsx[ALL]	TX	DPS SWAT- TEXAS RANGERS	RIFLE,7.62 MILLIMETER	1994-05-26	138.0	1	Each	other	10	05	00	5891271	not in file	1005-00-589-1271	not in file	not in file	D	1.0	State	not in file	not in file	not in file	not in file	1994Q2
DISP_AllStatesAndTerritories_03312020.xlsx[ALL]	TX	DPS SWAT- TEXAS RANGERS	RIFLE,7.62 MILLIMETER	1994-05-26	138.0	1	Each	other	10	05	00	5891271	not in file	1005-00-589-1271	not in file	not in file	D	1.0	State	not in file	not in file	not in file	not in file	1994Q2
DISP_AllStatesAndTerritories_03312020.xlsx[ALL]	TX	DPS SWAT- TEXAS RANGERS	RIFLE,7.62 MILLIMETER	1994-05-26	138.0	1	Each	other	10	05	00	5891271	not in file	1005-00-589-1271	not in file	not in file	D	1.0	State	not in file	not in file	not in file	not in file	1994Q2
DISP_AllStatesAndTerritories_03312020.xlsx[ALL]	TX	GALVESTON POLICE DEPT	RIFLE,7.62 MILLIMETER	1994-05-26	138.0	1	Each	police	10	05	00	5891271	not in file	1005-00-589-1271	not in file	not in file	D	1.0	State	not in file	not in file	not in file	not in file	1994Q2
DISP_AllStatesAndTerritories_03312020.xlsx[ALL]	TX	GALVESTON POLICE DEPT	RIFLE,7.62 MILLIMETER	1994-05-26	138.0	1	Each	police	10	05	00	5891271	not in file	1005-00-589-1271	not in file	not in file	D	1.0	State	not in file	not in file	not in file	not in file	1994Q2
DISP_AllStatesAndTerritories_03312020.xlsx[ALL]	TX	MONTAGUE COUNTY SHERIFF'S OFFICE	RIFLE,7.62 MILLIMETER	1994-05-26	138.0	1	Each	sheriff	10	05	00	5891271	not in file	1005-00-589-1271	not in file	not in file	D	1.0	State	not in file	not in file	not in file	not in file	1994Q2
DISP_AllStatesAndTerritories_03312020.xlsx[ALL]	TX	MONTAGUE COUNTY SHERIFF'S OFFICE	RIFLE,7.62 MILLIMETER	1994-05-26	138.0	1	Each	sheriff	10	05	00	5891271	not in file	1005-00-589-1271	not in file	not in file	D	1.0	State	not in file	not in file	not in file	not in file	1994Q2
DISP_AllStatesAndTerritories_03312020.xlsx[ALL]	TX	MONTAGUE COUNTY SHERIFF'S OFFICE	RIFLE,7.62 MILLIMETER	1994-05-26	138.0	1	Each	sheriff	10	05	00	5891271	not in file	1005-00-589-1271	not in file	not in file	D	1.0	State	not in file	not in file	not in file	not in file	1994Q2
DISP_AllStatesAndTerritories_03312020.xlsx[ALL]	TX	MONTAGUE COUNTY SHERIFF'S OFFICE	RIFLE,7.62 MILLIMETER	1994-05-26	138.0	1	Each	sheriff	10	05	00	5891271	not in file	1005-00-589-1271	not in file	not in file	D	1.0	State	not in file	not in file	not in file	not in file	1994Q2
DISP_AllStatesAndTerritories_03312020.xlsx[ALL]	TX	SCHERTZ POLICE DEPT	RIFLE,7.62 MILLIMETER	1994-05-26	138.0	1	Each	police	10	05	00	5891271	not in file	1005-00-589-1271	not in file	not in file	D	1.0	State	not in file	not in file	not in file	not in file	1994Q2
DISP_AllStatesAndTerritories_03312020.xlsx[ALL]	TX	SCHERTZ POLICE DEPT	RIFLE,7.62 MILLIMETER	1994-05-26	138.0	1	Each	police	10	05	00	5891271	not in file	1005-00-589-1271	not in file	not in file	D	1.0	State	not in file	not in file	not in file	not in file	1994Q2
DISP_AllStatesAndTerritories_03312020.xlsx[ALL]	TX	SCHERTZ POLICE DEPT	RIFLE,7.62 MILLIMETER	1994-05-26	138.0	1	Each	police	10	05	00	5891271	not in file	1005-00-589-1271	not in file	not in file	D	1.0	State	not in file	not in file	not in file	not in file	1994Q2
DISP_AllStatesAndTerritories_03312020.xlsx[ALL]	TX	WOLFE CITY POLICE DEPT	RIFLE,7.62 MILLIMETER	1994-05-26	138.0	1	Each	police	10	05	00	5891271	not in file	1005-00-589-1271	not in file	not in file	D	1.0	State	not in file	not in file	not in file	not in file	1994Q2
DISP_AllStatesAndTerritories_03312020.xlsx[ALL]	WA	BELLEVUE POLICE DEPT	RIFLE,7.62 MILLIMETER	1994-04-14	138.0	1	Each	police	10	05	00	5891271	not in file	1005-00-589-1271	not in file	not in file	D	1.0	State	not in file	not in file	not in file	not in file	1994Q2
DISP_AllStatesAndTerritories_03312020.xlsx[ALL]	WA	BELLEVUE POLICE DEPT	RIFLE,7.62 MILLIMETER	1994-04-14	138.0	1	Each	police	10	05	00	5891271	not in file	1005-00-589-1271	not in file	not in file	D	1.0	State	not in file	not in file	not in file	not in file	1994Q2
DISP_AllStatesAndTerritories_03312020.xlsx[ALL]	WA	BELLEVUE POLICE DEPT	RIFLE,7.62 MILLIMETER	1994-04-14	138.0	1	Each	police	10	05	00	5891271	not in file	1005-00-589-1271	not in file	not in file	D	1.0	State	not in file	not in file	not in file	not in file	1994Q2
DISP_AllStatesAndTerritories_03312020.xlsx[ALL]	WA	BELLEVUE POLICE DEPT	RIFLE,7.62 MILLIMETER	1994-04-14	138.0	1	Each	police	10	05	00	5891271	not in file	1005-00-589-1271	not in file	not in file	D	1.0	State	not in file	not in file	not in file	not in file	1994Q2
DISP_AllStatesAndTerritories_03312020.xlsx[ALL]	WA	MONROE POLICE DEPT	RIFLE,7.62 MILLIMETER	1994-05-26	138.0	1	Each	police	10	05	00	5891271	not in file	1005-00-589-1271	not in file	not in file	D	1.0	State	not in file	not in file	not in file	not in file	1994Q2
DISP_AllStatesAndTerritories_03312020.xlsx[ALL]	WA	MONROE POLICE DEPT	RIFLE,7.62 MILLIMETER	1994-05-26	138.0	1	Each	police	10	05	00	5891271	not in file	1005-00-589-1271	not in file	not in file	D	1.0	State	not in file	not in file	not in file	not in file	1994Q2
DISP_AllStatesAndTerritories_03312020.xlsx[ALL]	WA	PORT ORCHARD POLICE DEPT	RIFLE,7.62 MILLIMETER	1994-04-14	138.0	1	Each	police	10	05	00	5891271	not in file	1005-00-589-1271	not in file	not in file	D	1.0	State	not in file	not in file	not in file	not in file	1994Q2
DISP_AllStatesAndTerritories_03312020.xlsx[ALL]	WA	SPOKANE COUNTY SHERIFF OFFICE	RIFLE,7.62 MILLIMETER	1994-04-14	138.0	1	Each	sheriff	10	05	00	5891271	not in file	1005-00-589-1271	not in file	not in file	D	1.0	State	not in file	not in file	not in file	not in file	1994Q2
DISP_AllStatesAndTerritories_03312020.xlsx[ALL]	WA	SPOKANE COUNTY SHERIFF OFFICE	RIFLE,7.62 MILLIMETER	1994-04-14	138.0	1	Each	sheriff	10	05	00	5891271	not in file	1005-00-589-1271	not in file	not in file	D	1.0	State	not in file	not in file	not in file	not in file	1994Q2
DISP_AllStatesAndTerritories_03312020.xlsx[ALL]	WA	SPOKANE COUNTY SHERIFF OFFICE	RIFLE,7.62 MILLIMETER	1994-04-14	138.0	1	Each	sheriff	10	05	00	5891271	not in file	1005-00-589-1271	not in file	not in file	D	1.0	State	not in file	not in file	not in file	not in file	1994Q2
DISP_AllStatesAndTerritories_03312020.xlsx[ALL]	WA	SPOKANE COUNTY SHERIFF OFFICE	RIFLE,7.62 MILLIMETER	1994-04-14	138.0	1	Each	sheriff	10	05	00	5891271	not in file	1005-00-589-1271	not in file	not in file	D	1.0	State	not in file	not in file	not in file	not in file	1994Q2
DISP_AllStatesAndTerritories_03312020.xlsx[ALL]	WA	SPOKANE COUNTY SHERIFF OFFICE	RIFLE,7.62 MILLIMETER	1994-04-14	138.0	1	Each	sheriff	10	05	00	5891271	not in file	1005-00-589-1271	not in file	not in file	D	1.0	State	not in file	not in file	not in file	not in file	1994Q2
DISP_AllStatesAndTerritories_03312020.xlsx[ALL]	WA	SPOKANE COUNTY SHERIFF OFFICE	RIFLE,7.62 MILLIMETER	1994-04-14	138.0	1	Each	sheriff	10	05	00	5891271	not in file	1005-00-589-1271	not in file	not in file	D	1.0	State	not in file	not in file	not in file	not in file	1994Q2
DISP_AllStatesAndTerritories_03312020.xlsx[ALL]	WA	SPOKANE COUNTY SHERIFF OFFICE	RIFLE,7.62 MILLIMETER	1994-04-14	138.0	1	Each	sheriff	10	05	00	5891271	not in file	1005-00-589-1271	not in file	not in file	D	1.0	State	not in file	not in file	not in file	not in file	1994Q2
