OriginatingFile	StateAbbreviation	RequestingAgency	ItemDescription	RecordDate	AcquisitionValue	Quantity	UnitIncrement	AgencyType	Item_FSG	Item_FSC	Item_CC	Item_Code	Justification	NSN	FSC	NIIN	DEMILCode	DEMILIC	StationType	RequisitionID	CancelledBy	RTDRef	ReasonCancelled	Quarter
DISP_AllStatesAndTerritories_06302020.xlsx[ALL]	CT	GUILFORD POLICE DEPT	RIFLE,7.62 MILLIMETER	1993-05-24	138.0	1	Each	police	10	05	00	5891271	not in file	1005-00-589-1271	not in file	not in file	D	1.0	State	not in file	not in file	not in file	not in file	1993Q2
DISP_AllStatesAndTerritories_06302020.xlsx[ALL]	CT	GUILFORD POLICE DEPT	RIFLE,7.62 MILLIMETER	1993-05-24	138.0	1	Each	police	10	05	00	5891271	not in file	1005-00-589-1271	not in file	not in file	D	1.0	State	not in file	not in file	not in file	not in file	1993Q2
DISP_AllStatesAndTerritories_06302020.xlsx[ALL]	CT	GUILFORD POLICE DEPT	RIFLE,7.62 MILLIMETER	1993-05-24	138.0	1	Each	police	10	05	00	5891271	not in file	1005-00-589-1271	not in file	not in file	D	1.0	State	not in file	not in file	not in file	not in file	1993Q2
DISP_AllStatesAndTerritories_06302020.xlsx[ALL]	CT	GUILFORD POLICE DEPT	RIFLE,7.62 MILLIMETER	1993-05-24	138.0	1	Each	police	10	05	00	5891271	not in file	1005-00-589-1271	not in file	not in file	D	1.0	State	not in file	not in file	not in file	not in file	1993Q2
DISP_AllStatesAndTerritories_06302020.xlsx[ALL]	CT	GUILFORD POLICE DEPT	RIFLE,7.62 MILLIMETER	1993-05-24	138.0	1	Each	police	10	05	00	5891271	not in file	1005-00-589-1271	not in file	not in file	D	1.0	State	not in file	not in file	not in file	not in file	1993Q2
DISP_AllStatesAndTerritories_06302020.xlsx[ALL]	CT	GUILFORD POLICE DEPT	RIFLE,7.62 MILLIMETER	1993-05-24	138.0	1	Each	police	10	05	00	5891271	not in file	1005-00-589-1271	not in file	not in file	D	1.0	State	not in file	not in file	not in file	not in file	1993Q2
DISP_AllStatesAndTerritories_06302020.xlsx[ALL]	CT	HARTFORD POLICE DEPT	RIFLE,7.62 MILLIMETER	1993-05-24	138.0	1	Each	police	10	05	00	5891271	not in file	1005-00-589-1271	not in file	not in file	D	1.0	State	not in file	not in file	not in file	not in file	1993Q2
DISP_AllStatesAndTerritories_06302020.xlsx[ALL]	CT	HARTFORD POLICE DEPT	RIFLE,7.62 MILLIMETER	1993-05-24	138.0	1	Each	police	10	05	00	5891271	not in file	1005-00-589-1271	not in file	not in file	D	1.0	State	not in file	not in file	not in file	not in file	1993Q2
DISP_AllStatesAndTerritories_06302020.xlsx[ALL]	CT	HARTFORD POLICE DEPT	RIFLE,7.62 MILLIMETER	1993-05-24	138.0	1	Each	police	10	05	00	5891271	not in file	1005-00-589-1271	not in file	not in file	D	1.0	State	not in file	not in file	not in file	not in file	1993Q2
DISP_AllStatesAndTerritories_06302020.xlsx[ALL]	CT	HARTFORD POLICE DEPT	RIFLE,7.62 MILLIMETER	1993-05-24	138.0	1	Each	police	10	05	00	5891271	not in file	1005-00-589-1271	not in file	not in file	D	1.0	State	not in file	not in file	not in file	not in file	1993Q2
DISP_AllStatesAndTerritories_06302020.xlsx[ALL]	CT	STATE POLICE	RIFLE,7.62 MILLIMETER	1993-05-24	138.0	1	Each	police	10	05	00	5891271	not in file	1005-00-589-1271	not in file	not in file	D	1.0	State	not in file	not in file	not in file	not in file	1993Q2
DISP_AllStatesAndTerritories_06302020.xlsx[ALL]	CT	STATE POLICE	RIFLE,7.62 MILLIMETER	1993-05-24	138.0	1	Each	police	10	05	00	5891271	not in file	1005-00-589-1271	not in file	not in file	D	1.0	State	not in file	not in file	not in file	not in file	1993Q2
DISP_AllStatesAndTerritories_06302020.xlsx[ALL]	CT	WATERTOWN POLICE DEPT	RIFLE,7.62 MILLIMETER	1993-05-24	138.0	1	Each	police	10	05	00	5891271	not in file	1005-00-589-1271	not in file	not in file	D	1.0	State	not in file	not in file	not in file	not in file	1993Q2
DISP_AllStatesAndTerritories_06302020.xlsx[ALL]	CT	WATERTOWN POLICE DEPT	RIFLE,7.62 MILLIMETER	1993-05-24	138.0	1	Each	police	10	05	00	5891271	not in file	1005-00-589-1271	not in file	not in file	D	1.0	State	not in file	not in file	not in file	not in file	1993Q2
DISP_AllStatesAndTerritories_06302020.xlsx[ALL]	IN	JEFFERSONVILLE POLICE DEPARTMENT	RIFLE,7.62 MILLIMETER	1993-05-23	138.0	1	Each	police	10	05	00	5891271	not in file	1005-00-589-1271	not in file	not in file	D	1.0	State	not in file	not in file	not in file	not in file	1993Q2
DISP_AllStatesAndTerritories_06302020.xlsx[ALL]	IN	JEFFERSONVILLE POLICE DEPARTMENT	RIFLE,7.62 MILLIMETER	1993-05-23	138.0	1	Each	police	10	05	00	5891271	not in file	1005-00-589-1271	not in file	not in file	D	1.0	State	not in file	not in file	not in file	not in file	1993Q2
DISP_AllStatesAndTerritories_06302020.xlsx[ALL]	IN	JEFFERSONVILLE POLICE DEPARTMENT	RIFLE,7.62 MILLIMETER	1993-05-23	138.0	1	Each	police	10	05	00	5891271	not in file	1005-00-589-1271	not in file	not in file	D	1.0	State	not in file	not in file	not in file	not in file	1993Q2
DISP_AllStatesAndTerritories_06302020.xlsx[ALL]	KY	EDMONTON POLICE DEPT	RIFLE,7.62 MILLIMETER	1993-04-01	138.0	1	Each	police	10	05	00	5891271	not in file	1005-00-589-1271	not in file	not in file	D	1.0	State	not in file	not in file	not in file	not in file	1993Q2
DISP_AllStatesAndTerritories_06302020.xlsx[ALL]	KY	FORT WRIGHT PD	RIFLE,7.62 MILLIMETER	1993-04-01	138.0	1	Each	police	10	05	00	5891271	not in file	1005-00-589-1271	not in file	not in file	D	1.0	State	not in file	not in file	not in file	not in file	1993Q2
DISP_AllStatesAndTerritories_06302020.xlsx[ALL]	KY	HARDIN COUNTY SHERIFF DEPT	RIFLE,7.62 MILLIMETER	1993-04-01	138.0	1	Each	sheriff	10	05	00	5891271	not in file	1005-00-589-1271	not in file	not in file	D	1.0	State	not in file	not in file	not in file	not in file	1993Q2
DISP_AllStatesAndTerritories_06302020.xlsx[ALL]	KY	HAZARD POLICE DEPT	RIFLE,7.62 MILLIMETER	1993-04-28	138.0	1	Each	police	10	05	00	5891271	not in file	1005-00-589-1271	not in file	not in file	D	1.0	State	not in file	not in file	not in file	not in file	1993Q2
DISP_AllStatesAndTerritories_06302020.xlsx[ALL]	KY	HAZARD POLICE DEPT	RIFLE,7.62 MILLIMETER	1993-04-28	138.0	1	Each	police	10	05	00	5891271	not in file	1005-00-589-1271	not in file	not in file	D	1.0	State	not in file	not in file	not in file	not in file	1993Q2
DISP_AllStatesAndTerritories_06302020.xlsx[ALL]	KY	NICHOLASVILLE POLICE DEPT	RIFLE,7.62 MILLIMETER	1993-04-01	138.0	1	Each	police	10	05	00	5891271	not in file	1005-00-589-1271	not in file	not in file	D	1.0	State	not in file	not in file	not in file	not in file	1993Q2
DISP_AllStatesAndTerritories_06302020.xlsx[ALL]	KY	NICHOLASVILLE POLICE DEPT	RIFLE,7.62 MILLIMETER	1993-04-01	138.0	1	Each	police	10	05	00	5891271	not in file	1005-00-589-1271	not in file	not in file	D	1.0	State	not in file	not in file	not in file	not in file	1993Q2
DISP_AllStatesAndTerritories_06302020.xlsx[ALL]	KY	NICHOLASVILLE POLICE DEPT	RIFLE,7.62 MILLIMETER	1993-04-01	138.0	1	Each	police	10	05	00	5891271	not in file	1005-00-589-1271	not in file	not in file	D	1.0	State	not in file	not in file	not in file	not in file	1993Q2
DISP_AllStatesAndTerritories_06302020.xlsx[ALL]	KY	NICHOLASVILLE POLICE DEPT	RIFLE,7.62 MILLIMETER	1993-04-01	138.0	1	Each	police	10	05	00	5891271	not in file	1005-00-589-1271	not in file	not in file	D	1.0	State	not in file	not in file	not in file	not in file	1993Q2
DISP_AllStatesAndTerritories_06302020.xlsx[ALL]	KY	NICHOLASVILLE POLICE DEPT	RIFLE,7.62 MILLIMETER	1993-04-01	138.0	1	Each	police	10	05	00	5891271	not in file	1005-00-589-1271	not in file	not in file	D	1.0	State	not in file	not in file	not in file	not in file	1993Q2
DISP_AllStatesAndTerritories_06302020.xlsx[ALL]	KY	PARIS POLICE DEPARTMENT	RIFLE,7.62 MILLIMETER	1993-04-01	138.0	1	Each	police	10	05	00	5891271	not in file	1005-00-589-1271	not in file	not in file	D	1.0	State	not in file	not in file	not in file	not in file	1993Q2
DISP_AllStatesAndTerritories_06302020.xlsx[ALL]	KY	SIMPSONVILLE POLICE DEPT	RIFLE,7.62 MILLIMETER	1993-04-01	138.0	1	Each	police	10	05	00	5891271	not in file	1005-00-589-1271	not in file	not in file	D	1.0	State	not in file	not in file	not in file	not in file	1993Q2
DISP_AllStatesAndTerritories_06302020.xlsx[ALL]	KY	WAYNE COUNTY SHERIFF DEPT	RIFLE,7.62 MILLIMETER	1993-04-01	138.0	1	Each	sheriff	10	05	00	5891271	not in file	1005-00-589-1271	not in file	not in file	D	1.0	State	not in file	not in file	not in file	not in file	1993Q2
DISP_AllStatesAndTerritories_06302020.xlsx[ALL]	KY	WAYNE COUNTY SHERIFF DEPT	RIFLE,7.62 MILLIMETER	1993-04-01	138.0	1	Each	sheriff	10	05	00	5891271	not in file	1005-00-589-1271	not in file	not in file	D	1.0	State	not in file	not in file	not in file	not in file	1993Q2
DISP_AllStatesAndTerritories_06302020.xlsx[ALL]	KY	WORTHINGTON POLICE DEPARTMENT	RIFLE,7.62 MILLIMETER	1993-04-01	138.0	1	Each	police	10	05	00	5891271	not in file	1005-00-589-1271	not in file	not in file	D	1.0	State	not in file	not in file	not in file	not in file	1993Q2
DISP_AllStatesAndTerritories_06302020.xlsx[ALL]	KY	WORTHINGTON POLICE DEPARTMENT	RIFLE,7.62 MILLIMETER	1993-04-01	138.0	1	Each	police	10	05	00	5891271	not in file	1005-00-589-1271	not in file	not in file	D	1.0	State	not in file	not in file	not in file	not in file	1993Q2
DISP_AllStatesAndTerritories_06302020.xlsx[ALL]	ME	BANGOR POLICE DEPT	RIFLE,7.62 MILLIMETER	1993-06-24	138.0	1	Each	police	10	05	00	5891271	not in file	1005-00-589-1271	not in file	not in file	D	1.0	State	not in file	not in file	not in file	not in file	1993Q2
DISP_AllStatesAndTerritories_06302020.xlsx[ALL]	ME	BANGOR POLICE DEPT	RIFLE,7.62 MILLIMETER	1993-06-24	138.0	1	Each	police	10	05	00	5891271	not in file	1005-00-589-1271	not in file	not in file	D	1.0	State	not in file	not in file	not in file	not in file	1993Q2
DISP_AllStatesAndTerritories_06302020.xlsx[ALL]	ME	PISCATAQUIS COUNTY SHERIFF DEPT	RIFLE,7.62 MILLIMETER	1993-06-17	138.0	1	Each	sheriff	10	05	00	5891271	not in file	1005-00-589-1271	not in file	not in file	D	1.0	State	not in file	not in file	not in file	not in file	1993Q2
DISP_AllStatesAndTerritories_06302020.xlsx[ALL]	ME	PISCATAQUIS COUNTY SHERIFF DEPT	RIFLE,7.62 MILLIMETER	1993-06-17	138.0	1	Each	sheriff	10	05	00	5891271	not in file	1005-00-589-1271	not in file	not in file	D	1.0	State	not in file	not in file	not in file	not in file	1993Q2
DISP_AllStatesAndTerritories_06302020.xlsx[ALL]	ME	PISCATAQUIS COUNTY SHERIFF DEPT	RIFLE,7.62 MILLIMETER	1993-06-17	138.0	1	Each	sheriff	10	05	00	5891271	not in file	1005-00-589-1271	not in file	not in file	D	1.0	State	not in file	not in file	not in file	not in file	1993Q2
DISP_AllStatesAndTerritories_06302020.xlsx[ALL]	ME	PISCATAQUIS COUNTY SHERIFF DEPT	RIFLE,7.62 MILLIMETER	1993-06-17	138.0	1	Each	sheriff	10	05	00	5891271	not in file	1005-00-589-1271	not in file	not in file	D	1.0	State	not in file	not in file	not in file	not in file	1993Q2
DISP_AllStatesAndTerritories_06302020.xlsx[ALL]	ME	PISCATAQUIS COUNTY SHERIFF DEPT	RIFLE,7.62 MILLIMETER	1993-06-17	138.0	1	Each	sheriff	10	05	00	5891271	not in file	1005-00-589-1271	not in file	not in file	D	1.0	State	not in file	not in file	not in file	not in file	1993Q2
DISP_AllStatesAndTerritories_06302020.xlsx[ALL]	ME	PISCATAQUIS COUNTY SHERIFF DEPT	RIFLE,7.62 MILLIMETER	1993-06-17	138.0	1	Each	sheriff	10	05	00	5891271	not in file	1005-00-589-1271	not in file	not in file	D	1.0	State	not in file	not in file	not in file	not in file	1993Q2
DISP_AllStatesAndTerritories_06302020.xlsx[ALL]	MS	DEPT OF WILDLIFE FISH. AND PARKS	RIFLE,7.62 MILLIMETER	1993-05-27	138.0	1	Each	nat resources	10	05	00	5891271	not in file	1005-00-589-1271	not in file	not in file	D	1.0	State	not in file	not in file	not in file	not in file	1993Q2
DISP_AllStatesAndTerritories_06302020.xlsx[ALL]	MS	DEPT OF WILDLIFE FISH. AND PARKS	RIFLE,7.62 MILLIMETER	1993-05-27	138.0	1	Each	nat resources	10	05	00	5891271	not in file	1005-00-589-1271	not in file	not in file	D	1.0	State	not in file	not in file	not in file	not in file	1993Q2
DISP_AllStatesAndTerritories_06302020.xlsx[ALL]	MS	DEPT OF WILDLIFE FISH. AND PARKS	RIFLE,7.62 MILLIMETER	1993-05-27	138.0	1	Each	nat resources	10	05	00	5891271	not in file	1005-00-589-1271	not in file	not in file	D	1.0	State	not in file	not in file	not in file	not in file	1993Q2
DISP_AllStatesAndTerritories_06302020.xlsx[ALL]	MS	DEPT OF WILDLIFE FISH. AND PARKS	RIFLE,7.62 MILLIMETER	1993-05-27	138.0	1	Each	nat resources	10	05	00	5891271	not in file	1005-00-589-1271	not in file	not in file	D	1.0	State	not in file	not in file	not in file	not in file	1993Q2
DISP_AllStatesAndTerritories_06302020.xlsx[ALL]	MS	DEPT OF WILDLIFE FISH. AND PARKS	RIFLE,7.62 MILLIMETER	1993-05-27	138.0	1	Each	nat resources	10	05	00	5891271	not in file	1005-00-589-1271	not in file	not in file	D	1.0	State	not in file	not in file	not in file	not in file	1993Q2
DISP_AllStatesAndTerritories_06302020.xlsx[ALL]	MS	DEPT OF WILDLIFE FISH. AND PARKS	RIFLE,7.62 MILLIMETER	1993-05-27	138.0	1	Each	nat resources	10	05	00	5891271	not in file	1005-00-589-1271	not in file	not in file	D	1.0	State	not in file	not in file	not in file	not in file	1993Q2
DISP_AllStatesAndTerritories_06302020.xlsx[ALL]	NH	HAMPSTEAD POLICE DEPT	RIFLE,7.62 MILLIMETER	1993-05-24	138.0	1	Each	police	10	05	00	5891271	not in file	1005-00-589-1271	not in file	not in file	D	1.0	State	not in file	not in file	not in file	not in file	1993Q2
DISP_AllStatesAndTerritories_06302020.xlsx[ALL]	NH	HAMPSTEAD POLICE DEPT	RIFLE,7.62 MILLIMETER	1993-05-24	138.0	1	Each	police	10	05	00	5891271	not in file	1005-00-589-1271	not in file	not in file	D	1.0	State	not in file	not in file	not in file	not in file	1993Q2
DISP_AllStatesAndTerritories_06302020.xlsx[ALL]	NH	HAMPSTEAD POLICE DEPT	RIFLE,7.62 MILLIMETER	1993-05-24	138.0	1	Each	police	10	05	00	5891271	not in file	1005-00-589-1271	not in file	not in file	D	1.0	State	not in file	not in file	not in file	not in file	1993Q2
DISP_AllStatesAndTerritories_06302020.xlsx[ALL]	NH	HAMPSTEAD POLICE DEPT	RIFLE,7.62 MILLIMETER	1993-05-24	138.0	1	Each	police	10	05	00	5891271	not in file	1005-00-589-1271	not in file	not in file	D	1.0	State	not in file	not in file	not in file	not in file	1993Q2
DISP_AllStatesAndTerritories_06302020.xlsx[ALL]	NH	HAMPSTEAD POLICE DEPT	RIFLE,7.62 MILLIMETER	1993-05-24	138.0	1	Each	police	10	05	00	5891271	not in file	1005-00-589-1271	not in file	not in file	D	1.0	State	not in file	not in file	not in file	not in file	1993Q2
DISP_AllStatesAndTerritories_06302020.xlsx[ALL]	NH	HAMPSTEAD POLICE DEPT	RIFLE,7.62 MILLIMETER	1993-05-24	138.0	1	Each	police	10	05	00	5891271	not in file	1005-00-589-1271	not in file	not in file	D	1.0	State	not in file	not in file	not in file	not in file	1993Q2
DISP_AllStatesAndTerritories_06302020.xlsx[ALL]	NH	PLAISTOW POLICE DEPT	RIFLE,7.62 MILLIMETER	1993-06-11	138.0	1	Each	police	10	05	00	5891271	not in file	1005-00-589-1271	not in file	not in file	D	1.0	State	not in file	not in file	not in file	not in file	1993Q2
DISP_AllStatesAndTerritories_06302020.xlsx[ALL]	NH	PLAISTOW POLICE DEPT	RIFLE,7.62 MILLIMETER	1993-06-11	138.0	1	Each	police	10	05	00	5891271	not in file	1005-00-589-1271	not in file	not in file	D	1.0	State	not in file	not in file	not in file	not in file	1993Q2
DISP_AllStatesAndTerritories_06302020.xlsx[ALL]	NH	PLAISTOW POLICE DEPT	RIFLE,7.62 MILLIMETER	1993-06-11	138.0	1	Each	police	10	05	00	5891271	not in file	1005-00-589-1271	not in file	not in file	D	1.0	State	not in file	not in file	not in file	not in file	1993Q2
DISP_AllStatesAndTerritories_06302020.xlsx[ALL]	NH	PLAISTOW POLICE DEPT	RIFLE,7.62 MILLIMETER	1993-06-11	138.0	1	Each	police	10	05	00	5891271	not in file	1005-00-589-1271	not in file	not in file	D	1.0	State	not in file	not in file	not in file	not in file	1993Q2
DISP_AllStatesAndTerritories_06302020.xlsx[ALL]	NH	PLAISTOW POLICE DEPT	RIFLE,7.62 MILLIMETER	1993-06-11	138.0	1	Each	police	10	05	00	5891271	not in file	1005-00-589-1271	not in file	not in file	D	1.0	State	not in file	not in file	not in file	not in file	1993Q2
DISP_AllStatesAndTerritories_06302020.xlsx[ALL]	NH	PLAISTOW POLICE DEPT	RIFLE,7.62 MILLIMETER	1993-06-11	138.0	1	Each	police	10	05	00	5891271	not in file	1005-00-589-1271	not in file	not in file	D	1.0	State	not in file	not in file	not in file	not in file	1993Q2
DISP_AllStatesAndTerritories_06302020.xlsx[ALL]	OH	CRAWFORD CTY SHERIFF DEPT	RIFLE,7.62 MILLIMETER	1993-05-27	138.0	1	Each	sheriff	10	05	00	5891271	not in file	1005-00-589-1271	not in file	not in file	D	1.0	State	not in file	not in file	not in file	not in file	1993Q2
DISP_AllStatesAndTerritories_06302020.xlsx[ALL]	OH	CRAWFORD CTY SHERIFF DEPT	RIFLE,7.62 MILLIMETER	1993-05-27	138.0	1	Each	sheriff	10	05	00	5891271	not in file	1005-00-589-1271	not in file	not in file	D	1.0	State	not in file	not in file	not in file	not in file	1993Q2
DISP_AllStatesAndTerritories_06302020.xlsx[ALL]	OH	CRAWFORD CTY SHERIFF DEPT	RIFLE,7.62 MILLIMETER	1993-05-27	138.0	1	Each	sheriff	10	05	00	5891271	not in file	1005-00-589-1271	not in file	not in file	D	1.0	State	not in file	not in file	not in file	not in file	1993Q2
DISP_AllStatesAndTerritories_06302020.xlsx[ALL]	OH	CRAWFORD CTY SHERIFF DEPT	RIFLE,7.62 MILLIMETER	1993-05-27	138.0	1	Each	sheriff	10	05	00	5891271	not in file	1005-00-589-1271	not in file	not in file	D	1.0	State	not in file	not in file	not in file	not in file	1993Q2
DISP_AllStatesAndTerritories_06302020.xlsx[ALL]	OH	CRAWFORD CTY SHERIFF DEPT	RIFLE,7.62 MILLIMETER	1993-05-27	138.0	1	Each	sheriff	10	05	00	5891271	not in file	1005-00-589-1271	not in file	not in file	D	1.0	State	not in file	not in file	not in file	not in file	1993Q2
DISP_AllStatesAndTerritories_06302020.xlsx[ALL]	OH	CRAWFORD CTY SHERIFF DEPT	RIFLE,7.62 MILLIMETER	1993-05-27	138.0	1	Each	sheriff	10	05	00	5891271	not in file	1005-00-589-1271	not in file	not in file	D	1.0	State	not in file	not in file	not in file	not in file	1993Q2
DISP_AllStatesAndTerritories_06302020.xlsx[ALL]	OH	WHITEHALL POLICE DEPT	RIFLE,7.62 MILLIMETER	1993-06-24	138.0	1	Each	police	10	05	00	5891271	not in file	1005-00-589-1271	not in file	not in file	D	1.0	State	not in file	not in file	not in file	not in file	1993Q2
DISP_AllStatesAndTerritories_06302020.xlsx[ALL]	OH	WHITEHALL POLICE DEPT	RIFLE,7.62 MILLIMETER	1993-06-24	138.0	1	Each	police	10	05	00	5891271	not in file	1005-00-589-1271	not in file	not in file	D	1.0	State	not in file	not in file	not in file	not in file	1993Q2
DISP_AllStatesAndTerritories_06302020.xlsx[ALL]	OH	WHITEHALL POLICE DEPT	RIFLE,7.62 MILLIMETER	1993-06-24	138.0	1	Each	police	10	05	00	5891271	not in file	1005-00-589-1271	not in file	not in file	D	1.0	State	not in file	not in file	not in file	not in file	1993Q2
DISP_AllStatesAndTerritories_06302020.xlsx[ALL]	OH	WHITEHALL POLICE DEPT	RIFLE,7.62 MILLIMETER	1993-06-24	138.0	1	Each	police	10	05	00	5891271	not in file	1005-00-589-1271	not in file	not in file	D	1.0	State	not in file	not in file	not in file	not in file	1993Q2
DISP_AllStatesAndTerritories_06302020.xlsx[ALL]	OH	WHITEHALL POLICE DEPT	RIFLE,7.62 MILLIMETER	1993-06-24	138.0	1	Each	police	10	05	00	5891271	not in file	1005-00-589-1271	not in file	not in file	D	1.0	State	not in file	not in file	not in file	not in file	1993Q2
DISP_AllStatesAndTerritories_06302020.xlsx[ALL]	SC	IVA POLICE DEPARTMENT	RIFLE,7.62 MILLIMETER	1993-06-24	138.0	1	Each	police	10	05	00	5891271	not in file	1005-00-589-1271	not in file	not in file	D	1.0	State	not in file	not in file	not in file	not in file	1993Q2
DISP_AllStatesAndTerritories_06302020.xlsx[ALL]	SC	IVA POLICE DEPARTMENT	RIFLE,7.62 MILLIMETER	1993-06-24	138.0	1	Each	police	10	05	00	5891271	not in file	1005-00-589-1271	not in file	not in file	D	1.0	State	not in file	not in file	not in file	not in file	1993Q2
DISP_AllStatesAndTerritories_06302020.xlsx[ALL]	SC	IVA POLICE DEPARTMENT	RIFLE,7.62 MILLIMETER	1993-06-24	138.0	1	Each	police	10	05	00	5891271	not in file	1005-00-589-1271	not in file	not in file	D	1.0	State	not in file	not in file	not in file	not in file	1993Q2
DISP_AllStatesAndTerritories_06302020.xlsx[ALL]	SC	IVA POLICE DEPARTMENT	RIFLE,7.62 MILLIMETER	1993-06-24	138.0	1	Each	police	10	05	00	5891271	not in file	1005-00-589-1271	not in file	not in file	D	1.0	State	not in file	not in file	not in file	not in file	1993Q2
DISP_AllStatesAndTerritories_06302020.xlsx[ALL]	SC	IVA POLICE DEPARTMENT	RIFLE,7.62 MILLIMETER	1993-06-24	138.0	1	Each	police	10	05	00	5891271	not in file	1005-00-589-1271	not in file	not in file	D	1.0	State	not in file	not in file	not in file	not in file	1993Q2
DISP_AllStatesAndTerritories_06302020.xlsx[ALL]	SC	IVA POLICE DEPARTMENT	RIFLE,7.62 MILLIMETER	1993-06-24	138.0	1	Each	police	10	05	00	5891271	not in file	1005-00-589-1271	not in file	not in file	D	1.0	State	not in file	not in file	not in file	not in file	1993Q2
DISP_AllStatesAndTerritories_06302020.xlsx[ALL]	SC	IVA POLICE DEPARTMENT	RIFLE,7.62 MILLIMETER	1993-06-24	138.0	1	Each	police	10	05	00	5891271	not in file	1005-00-589-1271	not in file	not in file	D	1.0	State	not in file	not in file	not in file	not in file	1993Q2
DISP_AllStatesAndTerritories_06302020.xlsx[ALL]	SC	IVA POLICE DEPARTMENT	RIFLE,7.62 MILLIMETER	1993-06-24	138.0	1	Each	police	10	05	00	5891271	not in file	1005-00-589-1271	not in file	not in file	D	1.0	State	not in file	not in file	not in file	not in file	1993Q2
DISP_AllStatesAndTerritories_06302020.xlsx[ALL]	SC	IVA POLICE DEPARTMENT	RIFLE,7.62 MILLIMETER	1993-06-24	138.0	1	Each	police	10	05	00	5891271	not in file	1005-00-589-1271	not in file	not in file	D	1.0	State	not in file	not in file	not in file	not in file	1993Q2
DISP_AllStatesAndTerritories_06302020.xlsx[ALL]	SC	IVA POLICE DEPARTMENT	RIFLE,7.62 MILLIMETER	1993-06-24	138.0	1	Each	police	10	05	00	5891271	not in file	1005-00-589-1271	not in file	not in file	D	1.0	State	not in file	not in file	not in file	not in file	1993Q2
DISP_AllStatesAndTerritories_06302020.xlsx[ALL]	SD	HURON POLICE DEPT	RIFLE,7.62 MILLIMETER	1993-06-24	138.0	1	Each	police	10	05	00	5891271	not in file	1005-00-589-1271	not in file	not in file	D	1.0	State	not in file	not in file	not in file	not in file	1993Q2
DISP_AllStatesAndTerritories_06302020.xlsx[ALL]	SD	HURON POLICE DEPT	RIFLE,7.62 MILLIMETER	1993-06-24	138.0	1	Each	police	10	05	00	5891271	not in file	1005-00-589-1271	not in file	not in file	D	1.0	State	not in file	not in file	not in file	not in file	1993Q2
DISP_AllStatesAndTerritories_06302020.xlsx[ALL]	SD	HURON POLICE DEPT	RIFLE,7.62 MILLIMETER	1993-06-24	138.0	1	Each	police	10	05	00	5891271	not in file	1005-00-589-1271	not in file	not in file	D	1.0	State	not in file	not in file	not in file	not in file	1993Q2
DISP_AllStatesAndTerritories_06302020.xlsx[ALL]	SD	HURON POLICE DEPT	RIFLE,7.62 MILLIMETER	1993-06-24	138.0	1	Each	police	10	05	00	5891271	not in file	1005-00-589-1271	not in file	not in file	D	1.0	State	not in file	not in file	not in file	not in file	1993Q2
DISP_AllStatesAndTerritories_06302020.xlsx[ALL]	SD	HURON POLICE DEPT	RIFLE,7.62 MILLIMETER	1993-06-24	138.0	1	Each	police	10	05	00	5891271	not in file	1005-00-589-1271	not in file	not in file	D	1.0	State	not in file	not in file	not in file	not in file	1993Q2
DISP_AllStatesAndTerritories_06302020.xlsx[ALL]	SD	HURON POLICE DEPT	RIFLE,7.62 MILLIMETER	1993-06-24	138.0	1	Each	police	10	05	00	5891271	not in file	1005-00-589-1271	not in file	not in file	D	1.0	State	not in file	not in file	not in file	not in file	1993Q2
DISP_AllStatesAndTerritories_06302020.xlsx[ALL]	WY	LINCOLN COUNTY SHERIFF OFFICE	RIFLE,5.56 MILLIMETER	1993-04-11	499.0	1	Each	sheriff	10	05	00	0739421	not in file	1005-00-073-9421	not in file	not in file	D	1.0	State	not in file	not in file	not in file	not in file	1993Q2
DISP_AllStatesAndTerritories_06302020.xlsx[ALL]	WY	LINCOLN COUNTY SHERIFF OFFICE	RIFLE,5.56 MILLIMETER	1993-04-10	499.0	1	Each	sheriff	10	05	00	0739421	not in file	1005-00-073-9421	not in file	not in file	D	1.0	State	not in file	not in file	not in file	not in file	1993Q2
DISP_AllStatesAndTerritories_06302020.xlsx[ALL]	WY	LINCOLN COUNTY SHERIFF OFFICE	RIFLE,5.56 MILLIMETER	1993-04-11	499.0	1	Each	sheriff	10	05	00	0739421	not in file	1005-00-073-9421	not in file	not in file	D	1.0	State	not in file	not in file	not in file	not in file	1993Q2
DISP_AllStatesAndTerritories_06302020.xlsx[ALL]	WY	LINCOLN COUNTY SHERIFF OFFICE	RIFLE,5.56 MILLIMETER	1993-04-11	499.0	1	Each	sheriff	10	05	00	0739421	not in file	1005-00-073-9421	not in file	not in file	D	1.0	State	not in file	not in file	not in file	not in file	1993Q2
DISP_AllStatesAndTerritories_06302020.xlsx[ALL]	WY	LINCOLN COUNTY SHERIFF OFFICE	RIFLE,5.56 MILLIMETER	1993-04-10	499.0	1	Each	sheriff	10	05	00	0739421	not in file	1005-00-073-9421	not in file	not in file	D	1.0	State	not in file	not in file	not in file	not in file	1993Q2
OriginatingFile	StateAbbreviation	RequestingAgency	ItemDescription	RecordDate	AcquisitionValue	Quantity	UnitIncrement	AgencyType	Item_FSG	Item_FSC	Item_CC	Item_Code	Justification	NSN	FSC	NIIN	DEMILCode	DEMILIC	StationType	RequisitionID	CancelledBy	RTDRef	ReasonCancelled	Quarter
DISP_AllStatesAndTerritories_03312020.xlsx[ALL]	CT	GUILFORD POLICE DEPT	RIFLE,7.62 MILLIMETER	1993-05-24	138.0	1	Each	police	10	05	00	5891271	not in file	1005-00-589-1271	not in file	not in file	D	1.0	State	not in file	not in file	not in file	not in file	1993Q2
DISP_AllStatesAndTerritories_03312020.xlsx[ALL]	CT	GUILFORD POLICE DEPT	RIFLE,7.62 MILLIMETER	1993-05-24	138.0	1	Each	police	10	05	00	5891271	not in file	1005-00-589-1271	not in file	not in file	D	1.0	State	not in file	not in file	not in file	not in file	1993Q2
DISP_AllStatesAndTerritories_03312020.xlsx[ALL]	CT	GUILFORD POLICE DEPT	RIFLE,7.62 MILLIMETER	1993-05-24	138.0	1	Each	police	10	05	00	5891271	not in file	1005-00-589-1271	not in file	not in file	D	1.0	State	not in file	not in file	not in file	not in file	1993Q2
DISP_AllStatesAndTerritories_03312020.xlsx[ALL]	CT	GUILFORD POLICE DEPT	RIFLE,7.62 MILLIMETER	1993-05-24	138.0	1	Each	police	10	05	00	5891271	not in file	1005-00-589-1271	not in file	not in file	D	1.0	State	not in file	not in file	not in file	not in file	1993Q2
DISP_AllStatesAndTerritories_03312020.xlsx[ALL]	CT	GUILFORD POLICE DEPT	RIFLE,7.62 MILLIMETER	1993-05-24	138.0	1	Each	police	10	05	00	5891271	not in file	1005-00-589-1271	not in file	not in file	D	1.0	State	not in file	not in file	not in file	not in file	1993Q2
DISP_AllStatesAndTerritories_03312020.xlsx[ALL]	CT	GUILFORD POLICE DEPT	RIFLE,7.62 MILLIMETER	1993-05-24	138.0	1	Each	police	10	05	00	5891271	not in file	1005-00-589-1271	not in file	not in file	D	1.0	State	not in file	not in file	not in file	not in file	1993Q2
DISP_AllStatesAndTerritories_03312020.xlsx[ALL]	CT	HARTFORD POLICE DEPT	RIFLE,7.62 MILLIMETER	1993-05-24	138.0	1	Each	police	10	05	00	5891271	not in file	1005-00-589-1271	not in file	not in file	D	1.0	State	not in file	not in file	not in file	not in file	1993Q2
DISP_AllStatesAndTerritories_03312020.xlsx[ALL]	CT	HARTFORD POLICE DEPT	RIFLE,7.62 MILLIMETER	1993-05-24	138.0	1	Each	police	10	05	00	5891271	not in file	1005-00-589-1271	not in file	not in file	D	1.0	State	not in file	not in file	not in file	not in file	1993Q2
DISP_AllStatesAndTerritories_03312020.xlsx[ALL]	CT	HARTFORD POLICE DEPT	RIFLE,7.62 MILLIMETER	1993-05-24	138.0	1	Each	police	10	05	00	5891271	not in file	1005-00-589-1271	not in file	not in file	D	1.0	State	not in file	not in file	not in file	not in file	1993Q2
DISP_AllStatesAndTerritories_03312020.xlsx[ALL]	CT	HARTFORD POLICE DEPT	RIFLE,7.62 MILLIMETER	1993-05-24	138.0	1	Each	police	10	05	00	5891271	not in file	1005-00-589-1271	not in file	not in file	D	1.0	State	not in file	not in file	not in file	not in file	1993Q2
DISP_AllStatesAndTerritories_03312020.xlsx[ALL]	CT	STATE POLICE	RIFLE,7.62 MILLIMETER	1993-05-24	138.0	1	Each	police	10	05	00	5891271	not in file	1005-00-589-1271	not in file	not in file	D	1.0	State	not in file	not in file	not in file	not in file	1993Q2
DISP_AllStatesAndTerritories_03312020.xlsx[ALL]	CT	STATE POLICE	RIFLE,7.62 MILLIMETER	1993-05-24	138.0	1	Each	police	10	05	00	5891271	not in file	1005-00-589-1271	not in file	not in file	D	1.0	State	not in file	not in file	not in file	not in file	1993Q2
DISP_AllStatesAndTerritories_03312020.xlsx[ALL]	CT	WATERTOWN POLICE DEPT	RIFLE,7.62 MILLIMETER	1993-05-24	138.0	1	Each	police	10	05	00	5891271	not in file	1005-00-589-1271	not in file	not in file	D	1.0	State	not in file	not in file	not in file	not in file	1993Q2
DISP_AllStatesAndTerritories_03312020.xlsx[ALL]	CT	WATERTOWN POLICE DEPT	RIFLE,7.62 MILLIMETER	1993-05-24	138.0	1	Each	police	10	05	00	5891271	not in file	1005-00-589-1271	not in file	not in file	D	1.0	State	not in file	not in file	not in file	not in file	1993Q2
DISP_AllStatesAndTerritories_03312020.xlsx[ALL]	IN	JEFFERSONVILLE POLICE DEPARTMENT	RIFLE,7.62 MILLIMETER	1993-05-23	138.0	1	Each	police	10	05	00	5891271	not in file	1005-00-589-1271	not in file	not in file	D	1.0	State	not in file	not in file	not in file	not in file	1993Q2
DISP_AllStatesAndTerritories_03312020.xlsx[ALL]	IN	JEFFERSONVILLE POLICE DEPARTMENT	RIFLE,7.62 MILLIMETER	1993-05-23	138.0	1	Each	police	10	05	00	5891271	not in file	1005-00-589-1271	not in file	not in file	D	1.0	State	not in file	not in file	not in file	not in file	1993Q2
DISP_AllStatesAndTerritories_03312020.xlsx[ALL]	IN	JEFFERSONVILLE POLICE DEPARTMENT	RIFLE,7.62 MILLIMETER	1993-05-23	138.0	1	Each	police	10	05	00	5891271	not in file	1005-00-589-1271	not in file	not in file	D	1.0	State	not in file	not in file	not in file	not in file	1993Q2
DISP_AllStatesAndTerritories_03312020.xlsx[ALL]	KY	EDMONTON POLICE DEPT	RIFLE,7.62 MILLIMETER	1993-04-01	138.0	1	Each	police	10	05	00	5891271	not in file	1005-00-589-1271	not in file	not in file	D	1.0	State	not in file	not in file	not in file	not in file	1993Q2
DISP_AllStatesAndTerritories_03312020.xlsx[ALL]	KY	FORT WRIGHT PD	RIFLE,7.62 MILLIMETER	1993-04-01	138.0	1	Each	police	10	05	00	5891271	not in file	1005-00-589-1271	not in file	not in file	D	1.0	State	not in file	not in file	not in file	not in file	1993Q2
DISP_AllStatesAndTerritories_03312020.xlsx[ALL]	KY	HARDIN COUNTY SHERIFF DEPT	RIFLE,7.62 MILLIMETER	1993-04-01	138.0	1	Each	sheriff	10	05	00	5891271	not in file	1005-00-589-1271	not in file	not in file	D	1.0	State	not in file	not in file	not in file	not in file	1993Q2
DISP_AllStatesAndTerritories_03312020.xlsx[ALL]	KY	HAZARD POLICE DEPT	RIFLE,7.62 MILLIMETER	1993-04-28	138.0	1	Each	police	10	05	00	5891271	not in file	1005-00-589-1271	not in file	not in file	D	1.0	State	not in file	not in file	not in file	not in file	1993Q2
DISP_AllStatesAndTerritories_03312020.xlsx[ALL]	KY	HAZARD POLICE DEPT	RIFLE,7.62 MILLIMETER	1993-04-28	138.0	1	Each	police	10	05	00	5891271	not in file	1005-00-589-1271	not in file	not in file	D	1.0	State	not in file	not in file	not in file	not in file	1993Q2
DISP_AllStatesAndTerritories_03312020.xlsx[ALL]	KY	NICHOLASVILLE POLICE DEPT	RIFLE,7.62 MILLIMETER	1993-04-01	138.0	1	Each	police	10	05	00	5891271	not in file	1005-00-589-1271	not in file	not in file	D	1.0	State	not in file	not in file	not in file	not in file	1993Q2
DISP_AllStatesAndTerritories_03312020.xlsx[ALL]	KY	NICHOLASVILLE POLICE DEPT	RIFLE,7.62 MILLIMETER	1993-04-01	138.0	1	Each	police	10	05	00	5891271	not in file	1005-00-589-1271	not in file	not in file	D	1.0	State	not in file	not in file	not in file	not in file	1993Q2
DISP_AllStatesAndTerritories_03312020.xlsx[ALL]	KY	NICHOLASVILLE POLICE DEPT	RIFLE,7.62 MILLIMETER	1993-04-01	138.0	1	Each	police	10	05	00	5891271	not in file	1005-00-589-1271	not in file	not in file	D	1.0	State	not in file	not in file	not in file	not in file	1993Q2
DISP_AllStatesAndTerritories_03312020.xlsx[ALL]	KY	NICHOLASVILLE POLICE DEPT	RIFLE,7.62 MILLIMETER	1993-04-01	138.0	1	Each	police	10	05	00	5891271	not in file	1005-00-589-1271	not in file	not in file	D	1.0	State	not in file	not in file	not in file	not in file	1993Q2
DISP_AllStatesAndTerritories_03312020.xlsx[ALL]	KY	NICHOLASVILLE POLICE DEPT	RIFLE,7.62 MILLIMETER	1993-04-01	138.0	1	Each	police	10	05	00	5891271	not in file	1005-00-589-1271	not in file	not in file	D	1.0	State	not in file	not in file	not in file	not in file	1993Q2
DISP_AllStatesAndTerritories_03312020.xlsx[ALL]	KY	PARIS POLICE DEPARTMENT	RIFLE,7.62 MILLIMETER	1993-04-01	138.0	1	Each	police	10	05	00	5891271	not in file	1005-00-589-1271	not in file	not in file	D	1.0	State	not in file	not in file	not in file	not in file	1993Q2
DISP_AllStatesAndTerritories_03312020.xlsx[ALL]	KY	SIMPSONVILLE POLICE DEPT	RIFLE,7.62 MILLIMETER	1993-04-01	138.0	1	Each	police	10	05	00	5891271	not in file	1005-00-589-1271	not in file	not in file	D	1.0	State	not in file	not in file	not in file	not in file	1993Q2
DISP_AllStatesAndTerritories_03312020.xlsx[ALL]	KY	WAYNE COUNTY SHERIFF DEPT	RIFLE,7.62 MILLIMETER	1993-04-01	138.0	1	Each	sheriff	10	05	00	5891271	not in file	1005-00-589-1271	not in file	not in file	D	1.0	State	not in file	not in file	not in file	not in file	1993Q2
DISP_AllStatesAndTerritories_03312020.xlsx[ALL]	KY	WAYNE COUNTY SHERIFF DEPT	RIFLE,7.62 MILLIMETER	1993-04-01	138.0	1	Each	sheriff	10	05	00	5891271	not in file	1005-00-589-1271	not in file	not in file	D	1.0	State	not in file	not in file	not in file	not in file	1993Q2
DISP_AllStatesAndTerritories_03312020.xlsx[ALL]	KY	WORTHINGTON POLICE DEPARTMENT	RIFLE,7.62 MILLIMETER	1993-04-01	138.0	1	Each	police	10	05	00	5891271	not in file	1005-00-589-1271	not in file	not in file	D	1.0	State	not in file	not in file	not in file	not in file	1993Q2
DISP_AllStatesAndTerritories_03312020.xlsx[ALL]	KY	WORTHINGTON POLICE DEPARTMENT	RIFLE,7.62 MILLIMETER	1993-04-01	138.0	1	Each	police	10	05	00	5891271	not in file	1005-00-589-1271	not in file	not in file	D	1.0	State	not in file	not in file	not in file	not in file	1993Q2
DISP_AllStatesAndTerritories_03312020.xlsx[ALL]	ME	BANGOR POLICE DEPT	RIFLE,7.62 MILLIMETER	1993-06-24	138.0	1	Each	police	10	05	00	5891271	not in file	1005-00-589-1271	not in file	not in file	D	1.0	State	not in file	not in file	not in file	not in file	1993Q2
DISP_AllStatesAndTerritories_03312020.xlsx[ALL]	ME	BANGOR POLICE DEPT	RIFLE,7.62 MILLIMETER	1993-06-24	138.0	1	Each	police	10	05	00	5891271	not in file	1005-00-589-1271	not in file	not in file	D	1.0	State	not in file	not in file	not in file	not in file	1993Q2
DISP_AllStatesAndTerritories_03312020.xlsx[ALL]	ME	PISCATAQUIS COUNTY SHERIFF DEPT	RIFLE,7.62 MILLIMETER	1993-06-17	138.0	1	Each	sheriff	10	05	00	5891271	not in file	1005-00-589-1271	not in file	not in file	D	1.0	State	not in file	not in file	not in file	not in file	1993Q2
DISP_AllStatesAndTerritories_03312020.xlsx[ALL]	ME	PISCATAQUIS COUNTY SHERIFF DEPT	RIFLE,7.62 MILLIMETER	1993-06-17	138.0	1	Each	sheriff	10	05	00	5891271	not in file	1005-00-589-1271	not in file	not in file	D	1.0	State	not in file	not in file	not in file	not in file	1993Q2
DISP_AllStatesAndTerritories_03312020.xlsx[ALL]	ME	PISCATAQUIS COUNTY SHERIFF DEPT	RIFLE,7.62 MILLIMETER	1993-06-17	138.0	1	Each	sheriff	10	05	00	5891271	not in file	1005-00-589-1271	not in file	not in file	D	1.0	State	not in file	not in file	not in file	not in file	1993Q2
DISP_AllStatesAndTerritories_03312020.xlsx[ALL]	ME	PISCATAQUIS COUNTY SHERIFF DEPT	RIFLE,7.62 MILLIMETER	1993-06-17	138.0	1	Each	sheriff	10	05	00	5891271	not in file	1005-00-589-1271	not in file	not in file	D	1.0	State	not in file	not in file	not in file	not in file	1993Q2
DISP_AllStatesAndTerritories_03312020.xlsx[ALL]	ME	PISCATAQUIS COUNTY SHERIFF DEPT	RIFLE,7.62 MILLIMETER	1993-06-17	138.0	1	Each	sheriff	10	05	00	5891271	not in file	1005-00-589-1271	not in file	not in file	D	1.0	State	not in file	not in file	not in file	not in file	1993Q2
DISP_AllStatesAndTerritories_03312020.xlsx[ALL]	ME	PISCATAQUIS COUNTY SHERIFF DEPT	RIFLE,7.62 MILLIMETER	1993-06-17	138.0	1	Each	sheriff	10	05	00	5891271	not in file	1005-00-589-1271	not in file	not in file	D	1.0	State	not in file	not in file	not in file	not in file	1993Q2
DISP_AllStatesAndTerritories_03312020.xlsx[ALL]	MS	DEPT OF WILDLIFE FISH. AND PARKS	RIFLE,7.62 MILLIMETER	1993-05-27	138.0	1	Each	nat resources	10	05	00	5891271	not in file	1005-00-589-1271	not in file	not in file	D	1.0	State	not in file	not in file	not in file	not in file	1993Q2
DISP_AllStatesAndTerritories_03312020.xlsx[ALL]	MS	DEPT OF WILDLIFE FISH. AND PARKS	RIFLE,7.62 MILLIMETER	1993-05-27	138.0	1	Each	nat resources	10	05	00	5891271	not in file	1005-00-589-1271	not in file	not in file	D	1.0	State	not in file	not in file	not in file	not in file	1993Q2
DISP_AllStatesAndTerritories_03312020.xlsx[ALL]	MS	DEPT OF WILDLIFE FISH. AND PARKS	RIFLE,7.62 MILLIMETER	1993-05-27	138.0	1	Each	nat resources	10	05	00	5891271	not in file	1005-00-589-1271	not in file	not in file	D	1.0	State	not in file	not in file	not in file	not in file	1993Q2
DISP_AllStatesAndTerritories_03312020.xlsx[ALL]	MS	DEPT OF WILDLIFE FISH. AND PARKS	RIFLE,7.62 MILLIMETER	1993-05-27	138.0	1	Each	nat resources	10	05	00	5891271	not in file	1005-00-589-1271	not in file	not in file	D	1.0	State	not in file	not in file	not in file	not in file	1993Q2
DISP_AllStatesAndTerritories_03312020.xlsx[ALL]	MS	DEPT OF WILDLIFE FISH. AND PARKS	RIFLE,7.62 MILLIMETER	1993-05-27	138.0	1	Each	nat resources	10	05	00	5891271	not in file	1005-00-589-1271	not in file	not in file	D	1.0	State	not in file	not in file	not in file	not in file	1993Q2
DISP_AllStatesAndTerritories_03312020.xlsx[ALL]	MS	DEPT OF WILDLIFE FISH. AND PARKS	RIFLE,7.62 MILLIMETER	1993-05-27	138.0	1	Each	nat resources	10	05	00	5891271	not in file	1005-00-589-1271	not in file	not in file	D	1.0	State	not in file	not in file	not in file	not in file	1993Q2
DISP_AllStatesAndTerritories_03312020.xlsx[ALL]	NH	HAMPSTEAD POLICE DEPT	RIFLE,7.62 MILLIMETER	1993-05-24	138.0	1	Each	police	10	05	00	5891271	not in file	1005-00-589-1271	not in file	not in file	D	1.0	State	not in file	not in file	not in file	not in file	1993Q2
DISP_AllStatesAndTerritories_03312020.xlsx[ALL]	NH	HAMPSTEAD POLICE DEPT	RIFLE,7.62 MILLIMETER	1993-05-24	138.0	1	Each	police	10	05	00	5891271	not in file	1005-00-589-1271	not in file	not in file	D	1.0	State	not in file	not in file	not in file	not in file	1993Q2
DISP_AllStatesAndTerritories_03312020.xlsx[ALL]	NH	HAMPSTEAD POLICE DEPT	RIFLE,7.62 MILLIMETER	1993-05-24	138.0	1	Each	police	10	05	00	5891271	not in file	1005-00-589-1271	not in file	not in file	D	1.0	State	not in file	not in file	not in file	not in file	1993Q2
DISP_AllStatesAndTerritories_03312020.xlsx[ALL]	NH	HAMPSTEAD POLICE DEPT	RIFLE,7.62 MILLIMETER	1993-05-24	138.0	1	Each	police	10	05	00	5891271	not in file	1005-00-589-1271	not in file	not in file	D	1.0	State	not in file	not in file	not in file	not in file	1993Q2
DISP_AllStatesAndTerritories_03312020.xlsx[ALL]	NH	HAMPSTEAD POLICE DEPT	RIFLE,7.62 MILLIMETER	1993-05-24	138.0	1	Each	police	10	05	00	5891271	not in file	1005-00-589-1271	not in file	not in file	D	1.0	State	not in file	not in file	not in file	not in file	1993Q2
DISP_AllStatesAndTerritories_03312020.xlsx[ALL]	NH	HAMPSTEAD POLICE DEPT	RIFLE,7.62 MILLIMETER	1993-05-24	138.0	1	Each	police	10	05	00	5891271	not in file	1005-00-589-1271	not in file	not in file	D	1.0	State	not in file	not in file	not in file	not in file	1993Q2
DISP_AllStatesAndTerritories_03312020.xlsx[ALL]	NH	PLAISTOW POLICE DEPT	RIFLE,7.62 MILLIMETER	1993-06-11	138.0	1	Each	police	10	05	00	5891271	not in file	1005-00-589-1271	not in file	not in file	D	1.0	State	not in file	not in file	not in file	not in file	1993Q2
DISP_AllStatesAndTerritories_03312020.xlsx[ALL]	NH	PLAISTOW POLICE DEPT	RIFLE,7.62 MILLIMETER	1993-06-11	138.0	1	Each	police	10	05	00	5891271	not in file	1005-00-589-1271	not in file	not in file	D	1.0	State	not in file	not in file	not in file	not in file	1993Q2
DISP_AllStatesAndTerritories_03312020.xlsx[ALL]	NH	PLAISTOW POLICE DEPT	RIFLE,7.62 MILLIMETER	1993-06-11	138.0	1	Each	police	10	05	00	5891271	not in file	1005-00-589-1271	not in file	not in file	D	1.0	State	not in file	not in file	not in file	not in file	1993Q2
DISP_AllStatesAndTerritories_03312020.xlsx[ALL]	NH	PLAISTOW POLICE DEPT	RIFLE,7.62 MILLIMETER	1993-06-11	138.0	1	Each	police	10	05	00	5891271	not in file	1005-00-589-1271	not in file	not in file	D	1.0	State	not in file	not in file	not in file	not in file	1993Q2
DISP_AllStatesAndTerritories_03312020.xlsx[ALL]	NH	PLAISTOW POLICE DEPT	RIFLE,7.62 MILLIMETER	1993-06-11	138.0	1	Each	police	10	05	00	5891271	not in file	1005-00-589-1271	not in file	not in file	D	1.0	State	not in file	not in file	not in file	not in file	1993Q2
DISP_AllStatesAndTerritories_03312020.xlsx[ALL]	NH	PLAISTOW POLICE DEPT	RIFLE,7.62 MILLIMETER	1993-06-11	138.0	1	Each	police	10	05	00	5891271	not in file	1005-00-589-1271	not in file	not in file	D	1.0	State	not in file	not in file	not in file	not in file	1993Q2
DISP_AllStatesAndTerritories_03312020.xlsx[ALL]	OH	CRAWFORD CTY SHERIFF DEPT	RIFLE,7.62 MILLIMETER	1993-05-27	138.0	1	Each	sheriff	10	05	00	5891271	not in file	1005-00-589-1271	not in file	not in file	D	1.0	State	not in file	not in file	not in file	not in file	1993Q2
DISP_AllStatesAndTerritories_03312020.xlsx[ALL]	OH	CRAWFORD CTY SHERIFF DEPT	RIFLE,7.62 MILLIMETER	1993-05-27	138.0	1	Each	sheriff	10	05	00	5891271	not in file	1005-00-589-1271	not in file	not in file	D	1.0	State	not in file	not in file	not in file	not in file	1993Q2
DISP_AllStatesAndTerritories_03312020.xlsx[ALL]	OH	CRAWFORD CTY SHERIFF DEPT	RIFLE,7.62 MILLIMETER	1993-05-27	138.0	1	Each	sheriff	10	05	00	5891271	not in file	1005-00-589-1271	not in file	not in file	D	1.0	State	not in file	not in file	not in file	not in file	1993Q2
DISP_AllStatesAndTerritories_03312020.xlsx[ALL]	OH	CRAWFORD CTY SHERIFF DEPT	RIFLE,7.62 MILLIMETER	1993-05-27	138.0	1	Each	sheriff	10	05	00	5891271	not in file	1005-00-589-1271	not in file	not in file	D	1.0	State	not in file	not in file	not in file	not in file	1993Q2
DISP_AllStatesAndTerritories_03312020.xlsx[ALL]	OH	CRAWFORD CTY SHERIFF DEPT	RIFLE,7.62 MILLIMETER	1993-05-27	138.0	1	Each	sheriff	10	05	00	5891271	not in file	1005-00-589-1271	not in file	not in file	D	1.0	State	not in file	not in file	not in file	not in file	1993Q2
DISP_AllStatesAndTerritories_03312020.xlsx[ALL]	OH	CRAWFORD CTY SHERIFF DEPT	RIFLE,7.62 MILLIMETER	1993-05-27	138.0	1	Each	sheriff	10	05	00	5891271	not in file	1005-00-589-1271	not in file	not in file	D	1.0	State	not in file	not in file	not in file	not in file	1993Q2
DISP_AllStatesAndTerritories_03312020.xlsx[ALL]	OH	WHITEHALL POLICE DEPT	RIFLE,7.62 MILLIMETER	1993-06-24	138.0	1	Each	police	10	05	00	5891271	not in file	1005-00-589-1271	not in file	not in file	D	1.0	State	not in file	not in file	not in file	not in file	1993Q2
DISP_AllStatesAndTerritories_03312020.xlsx[ALL]	OH	WHITEHALL POLICE DEPT	RIFLE,7.62 MILLIMETER	1993-06-24	138.0	1	Each	police	10	05	00	5891271	not in file	1005-00-589-1271	not in file	not in file	D	1.0	State	not in file	not in file	not in file	not in file	1993Q2
DISP_AllStatesAndTerritories_03312020.xlsx[ALL]	OH	WHITEHALL POLICE DEPT	RIFLE,7.62 MILLIMETER	1993-06-24	138.0	1	Each	police	10	05	00	5891271	not in file	1005-00-589-1271	not in file	not in file	D	1.0	State	not in file	not in file	not in file	not in file	1993Q2
DISP_AllStatesAndTerritories_03312020.xlsx[ALL]	OH	WHITEHALL POLICE DEPT	RIFLE,7.62 MILLIMETER	1993-06-24	138.0	1	Each	police	10	05	00	5891271	not in file	1005-00-589-1271	not in file	not in file	D	1.0	State	not in file	not in file	not in file	not in file	1993Q2
DISP_AllStatesAndTerritories_03312020.xlsx[ALL]	OH	WHITEHALL POLICE DEPT	RIFLE,7.62 MILLIMETER	1993-06-24	138.0	1	Each	police	10	05	00	5891271	not in file	1005-00-589-1271	not in file	not in file	D	1.0	State	not in file	not in file	not in file	not in file	1993Q2
DISP_AllStatesAndTerritories_03312020.xlsx[ALL]	SC	IVA POLICE DEPARTMENT	RIFLE,7.62 MILLIMETER	1993-06-24	138.0	1	Each	police	10	05	00	5891271	not in file	1005-00-589-1271	not in file	not in file	D	1.0	State	not in file	not in file	not in file	not in file	1993Q2
DISP_AllStatesAndTerritories_03312020.xlsx[ALL]	SC	IVA POLICE DEPARTMENT	RIFLE,7.62 MILLIMETER	1993-06-24	138.0	1	Each	police	10	05	00	5891271	not in file	1005-00-589-1271	not in file	not in file	D	1.0	State	not in file	not in file	not in file	not in file	1993Q2
DISP_AllStatesAndTerritories_03312020.xlsx[ALL]	SC	IVA POLICE DEPARTMENT	RIFLE,7.62 MILLIMETER	1993-06-24	138.0	1	Each	police	10	05	00	5891271	not in file	1005-00-589-1271	not in file	not in file	D	1.0	State	not in file	not in file	not in file	not in file	1993Q2
DISP_AllStatesAndTerritories_03312020.xlsx[ALL]	SC	IVA POLICE DEPARTMENT	RIFLE,7.62 MILLIMETER	1993-06-24	138.0	1	Each	police	10	05	00	5891271	not in file	1005-00-589-1271	not in file	not in file	D	1.0	State	not in file	not in file	not in file	not in file	1993Q2
DISP_AllStatesAndTerritories_03312020.xlsx[ALL]	SC	IVA POLICE DEPARTMENT	RIFLE,7.62 MILLIMETER	1993-06-24	138.0	1	Each	police	10	05	00	5891271	not in file	1005-00-589-1271	not in file	not in file	D	1.0	State	not in file	not in file	not in file	not in file	1993Q2
DISP_AllStatesAndTerritories_03312020.xlsx[ALL]	SC	IVA POLICE DEPARTMENT	RIFLE,7.62 MILLIMETER	1993-06-24	138.0	1	Each	police	10	05	00	5891271	not in file	1005-00-589-1271	not in file	not in file	D	1.0	State	not in file	not in file	not in file	not in file	1993Q2
DISP_AllStatesAndTerritories_03312020.xlsx[ALL]	SC	IVA POLICE DEPARTMENT	RIFLE,7.62 MILLIMETER	1993-06-24	138.0	1	Each	police	10	05	00	5891271	not in file	1005-00-589-1271	not in file	not in file	D	1.0	State	not in file	not in file	not in file	not in file	1993Q2
DISP_AllStatesAndTerritories_03312020.xlsx[ALL]	SC	IVA POLICE DEPARTMENT	RIFLE,7.62 MILLIMETER	1993-06-24	138.0	1	Each	police	10	05	00	5891271	not in file	1005-00-589-1271	not in file	not in file	D	1.0	State	not in file	not in file	not in file	not in file	1993Q2
DISP_AllStatesAndTerritories_03312020.xlsx[ALL]	SC	IVA POLICE DEPARTMENT	RIFLE,7.62 MILLIMETER	1993-06-24	138.0	1	Each	police	10	05	00	5891271	not in file	1005-00-589-1271	not in file	not in file	D	1.0	State	not in file	not in file	not in file	not in file	1993Q2
DISP_AllStatesAndTerritories_03312020.xlsx[ALL]	SC	IVA POLICE DEPARTMENT	RIFLE,7.62 MILLIMETER	1993-06-24	138.0	1	Each	police	10	05	00	5891271	not in file	1005-00-589-1271	not in file	not in file	D	1.0	State	not in file	not in file	not in file	not in file	1993Q2
DISP_AllStatesAndTerritories_03312020.xlsx[ALL]	SD	HURON POLICE DEPT	RIFLE,7.62 MILLIMETER	1993-06-24	138.0	1	Each	police	10	05	00	5891271	not in file	1005-00-589-1271	not in file	not in file	D	1.0	State	not in file	not in file	not in file	not in file	1993Q2
DISP_AllStatesAndTerritories_03312020.xlsx[ALL]	SD	HURON POLICE DEPT	RIFLE,7.62 MILLIMETER	1993-06-24	138.0	1	Each	police	10	05	00	5891271	not in file	1005-00-589-1271	not in file	not in file	D	1.0	State	not in file	not in file	not in file	not in file	1993Q2
DISP_AllStatesAndTerritories_03312020.xlsx[ALL]	SD	HURON POLICE DEPT	RIFLE,7.62 MILLIMETER	1993-06-24	138.0	1	Each	police	10	05	00	5891271	not in file	1005-00-589-1271	not in file	not in file	D	1.0	State	not in file	not in file	not in file	not in file	1993Q2
DISP_AllStatesAndTerritories_03312020.xlsx[ALL]	SD	HURON POLICE DEPT	RIFLE,7.62 MILLIMETER	1993-06-24	138.0	1	Each	police	10	05	00	5891271	not in file	1005-00-589-1271	not in file	not in file	D	1.0	State	not in file	not in file	not in file	not in file	1993Q2
DISP_AllStatesAndTerritories_03312020.xlsx[ALL]	SD	HURON POLICE DEPT	RIFLE,7.62 MILLIMETER	1993-06-24	138.0	1	Each	police	10	05	00	5891271	not in file	1005-00-589-1271	not in file	not in file	D	1.0	State	not in file	not in file	not in file	not in file	1993Q2
DISP_AllStatesAndTerritories_03312020.xlsx[ALL]	SD	HURON POLICE DEPT	RIFLE,7.62 MILLIMETER	1993-06-24	138.0	1	Each	police	10	05	00	5891271	not in file	1005-00-589-1271	not in file	not in file	D	1.0	State	not in file	not in file	not in file	not in file	1993Q2
DISP_AllStatesAndTerritories_03312020.xlsx[ALL]	WY	LINCOLN COUNTY SHERIFF OFFICE	RIFLE,5.56 MILLIMETER	1993-04-11	499.0	1	Each	sheriff	10	05	00	0739421	not in file	1005-00-073-9421	not in file	not in file	D	1.0	State	not in file	not in file	not in file	not in file	1993Q2
DISP_AllStatesAndTerritories_03312020.xlsx[ALL]	WY	LINCOLN COUNTY SHERIFF OFFICE	RIFLE,5.56 MILLIMETER	1993-04-11	499.0	1	Each	sheriff	10	05	00	0739421	not in file	1005-00-073-9421	not in file	not in file	D	1.0	State	not in file	not in file	not in file	not in file	1993Q2
DISP_AllStatesAndTerritories_03312020.xlsx[ALL]	WY	LINCOLN COUNTY SHERIFF OFFICE	RIFLE,5.56 MILLIMETER	1993-04-10	499.0	1	Each	sheriff	10	05	00	0739421	not in file	1005-00-073-9421	not in file	not in file	D	1.0	State	not in file	not in file	not in file	not in file	1993Q2
DISP_AllStatesAndTerritories_03312020.xlsx[ALL]	WY	LINCOLN COUNTY SHERIFF OFFICE	RIFLE,5.56 MILLIMETER	1993-04-11	499.0	1	Each	sheriff	10	05	00	0739421	not in file	1005-00-073-9421	not in file	not in file	D	1.0	State	not in file	not in file	not in file	not in file	1993Q2
DISP_AllStatesAndTerritories_03312020.xlsx[ALL]	WY	LINCOLN COUNTY SHERIFF OFFICE	RIFLE,5.56 MILLIMETER	1993-04-10	499.0	1	Each	sheriff	10	05	00	0739421	not in file	1005-00-073-9421	not in file	not in file	D	1.0	State	not in file	not in file	not in file	not in file	1993Q2
