OriginatingFile	StateAbbreviation	RequestingAgency	ItemDescription	RecordDate	AcquisitionValue	Quantity	UnitIncrement	AgencyType	Item_FSG	Item_FSC	Item_CC	Item_Code	Justification	NSN	FSC	NIIN	DEMILCode	DEMILIC	StationType	RequisitionID	CancelledBy	RTDRef	ReasonCancelled	Quarter
DISP_AllStatesAndTerritories_06302020.xlsx[ALL]	AZ	LA PAZ COUNTY SHERIFF OFFICE	RIFLE,7.62 MILLIMETER	2001-01-23	138.0	1	Each	sheriff	10	05	00	5891271	not in file	1005-00-589-1271	not in file	not in file	D	1.0	State	not in file	not in file	not in file	not in file	2001Q1
DISP_AllStatesAndTerritories_06302020.xlsx[ALL]	AZ	LA PAZ COUNTY SHERIFF OFFICE	RIFLE,7.62 MILLIMETER	2001-01-23	138.0	1	Each	sheriff	10	05	00	5891271	not in file	1005-00-589-1271	not in file	not in file	D	1.0	State	not in file	not in file	not in file	not in file	2001Q1
DISP_AllStatesAndTerritories_06302020.xlsx[ALL]	AZ	LA PAZ COUNTY SHERIFF OFFICE	RIFLE,7.62 MILLIMETER	2001-01-23	138.0	1	Each	sheriff	10	05	00	5891271	not in file	1005-00-589-1271	not in file	not in file	D	1.0	State	not in file	not in file	not in file	not in file	2001Q1
DISP_AllStatesAndTerritories_06302020.xlsx[ALL]	AZ	LA PAZ COUNTY SHERIFF OFFICE	RIFLE,7.62 MILLIMETER	2001-01-23	138.0	1	Each	sheriff	10	05	00	5891271	not in file	1005-00-589-1271	not in file	not in file	D	1.0	State	not in file	not in file	not in file	not in file	2001Q1
DISP_AllStatesAndTerritories_06302020.xlsx[ALL]	AZ	LA PAZ COUNTY SHERIFF OFFICE	RIFLE,7.62 MILLIMETER	2001-01-23	138.0	1	Each	sheriff	10	05	00	5891271	not in file	1005-00-589-1271	not in file	not in file	D	1.0	State	not in file	not in file	not in file	not in file	2001Q1
DISP_AllStatesAndTerritories_06302020.xlsx[ALL]	CA	BANNING POLICE DEPT	RIFLE,7.62 MILLIMETER	2001-03-12	138.0	1	Each	police	10	05	00	5891271	not in file	1005-00-589-1271	not in file	not in file	D	1.0	State	not in file	not in file	not in file	not in file	2001Q1
DISP_AllStatesAndTerritories_06302020.xlsx[ALL]	CA	BANNING POLICE DEPT	RIFLE,7.62 MILLIMETER	2001-03-12	138.0	1	Each	police	10	05	00	5891271	not in file	1005-00-589-1271	not in file	not in file	D	1.0	State	not in file	not in file	not in file	not in file	2001Q1
DISP_AllStatesAndTerritories_06302020.xlsx[ALL]	CA	BANNING POLICE DEPT	RIFLE,7.62 MILLIMETER	2001-03-12	138.0	1	Each	police	10	05	00	5891271	not in file	1005-00-589-1271	not in file	not in file	D	1.0	State	not in file	not in file	not in file	not in file	2001Q1
DISP_AllStatesAndTerritories_06302020.xlsx[ALL]	CA	BANNING POLICE DEPT	RIFLE,7.62 MILLIMETER	2001-03-12	138.0	1	Each	police	10	05	00	5891271	not in file	1005-00-589-1271	not in file	not in file	D	1.0	State	not in file	not in file	not in file	not in file	2001Q1
DISP_AllStatesAndTerritories_06302020.xlsx[ALL]	CA	BANNING POLICE DEPT	RIFLE,7.62 MILLIMETER	2001-03-12	138.0	1	Each	police	10	05	00	5891271	not in file	1005-00-589-1271	not in file	not in file	D	1.0	State	not in file	not in file	not in file	not in file	2001Q1
DISP_AllStatesAndTerritories_06302020.xlsx[ALL]	CA	BANNING POLICE DEPT	RIFLE,7.62 MILLIMETER	2001-03-12	138.0	1	Each	police	10	05	00	5891271	not in file	1005-00-589-1271	not in file	not in file	D	1.0	State	not in file	not in file	not in file	not in file	2001Q1
DISP_AllStatesAndTerritories_06302020.xlsx[ALL]	CA	FONTANA POLICE DEPT	RIFLE,7.62 MILLIMETER	2001-03-12	138.0	1	Each	police	10	05	00	5891271	not in file	1005-00-589-1271	not in file	not in file	D	1.0	State	not in file	not in file	not in file	not in file	2001Q1
DISP_AllStatesAndTerritories_06302020.xlsx[ALL]	CA	FONTANA POLICE DEPT	RIFLE,7.62 MILLIMETER	2001-03-12	138.0	1	Each	police	10	05	00	5891271	not in file	1005-00-589-1271	not in file	not in file	D	1.0	State	not in file	not in file	not in file	not in file	2001Q1
DISP_AllStatesAndTerritories_06302020.xlsx[ALL]	CA	FONTANA POLICE DEPT	RIFLE,7.62 MILLIMETER	2001-03-12	138.0	1	Each	police	10	05	00	5891271	not in file	1005-00-589-1271	not in file	not in file	D	1.0	State	not in file	not in file	not in file	not in file	2001Q1
DISP_AllStatesAndTerritories_06302020.xlsx[ALL]	CA	FONTANA POLICE DEPT	RIFLE,7.62 MILLIMETER	2001-03-12	138.0	1	Each	police	10	05	00	5891271	not in file	1005-00-589-1271	not in file	not in file	D	1.0	State	not in file	not in file	not in file	not in file	2001Q1
DISP_AllStatesAndTerritories_06302020.xlsx[ALL]	CA	FONTANA POLICE DEPT	RIFLE,7.62 MILLIMETER	2001-03-12	138.0	1	Each	police	10	05	00	5891271	not in file	1005-00-589-1271	not in file	not in file	D	1.0	State	not in file	not in file	not in file	not in file	2001Q1
DISP_AllStatesAndTerritories_06302020.xlsx[ALL]	CA	FONTANA POLICE DEPT	RIFLE,7.62 MILLIMETER	2001-03-12	138.0	1	Each	police	10	05	00	5891271	not in file	1005-00-589-1271	not in file	not in file	D	1.0	State	not in file	not in file	not in file	not in file	2001Q1
DISP_AllStatesAndTerritories_06302020.xlsx[ALL]	CA	ROSEVILLE POLICE DEPT	VIEWER,NIGHT VISION	2001-02-20	4105.0	1	Each	police	58	55	00	1501820	not in file	5855-00-150-1820	not in file	not in file	F	1.0	State	not in file	not in file	not in file	not in file	2001Q1
DISP_AllStatesAndTerritories_06302020.xlsx[ALL]	CO	NUNN POLICE DEPT	PISTOL,CALIBER .45,AUTOMATIC	2001-02-22	58.71	1	Each	police	10	05	00	7265655	not in file	1005-00-726-5655	not in file	not in file	D	1.0	State	not in file	not in file	not in file	not in file	2001Q1
DISP_AllStatesAndTerritories_06302020.xlsx[ALL]	CO	ROUTT COUNTY SHERIFF OFFICE	ONLY COMPLETE COMBAT/ASSAULT/TACTICAL WHEELED VEHICLES	2001-03-26	138000.0	1	Each	sheriff	23	55	DS	COMBTV2	not in file	2355-DS-COM-BTV2	not in file	not in file	D		State	not in file	not in file	not in file	not in file	2001Q1
DISP_AllStatesAndTerritories_06302020.xlsx[ALL]	CO	THORNTON POLICE DEPT	RIFLE,7.62 MILLIMETER	2001-02-22	138.0	1	Each	police	10	05	00	5891271	not in file	1005-00-589-1271	not in file	not in file	D	1.0	State	not in file	not in file	not in file	not in file	2001Q1
DISP_AllStatesAndTerritories_06302020.xlsx[ALL]	FL	FL ATLANTIC UNIVERSITY POLICE HI_ED	ONLY COMPLETE COMBAT/ASSAULT/TACTICAL WHEELED VEHICLES	2001-02-05	35000.0	1	Each	police	23	55	DS	COMBTV2	not in file	2355-DS-COM-BTV2	not in file	not in file	C		State	not in file	not in file	not in file	not in file	2001Q1
DISP_AllStatesAndTerritories_06302020.xlsx[ALL]	FL	FORT MYERS POLICE DEPT	ONLY COMPLETE COMBAT/ASSAULT/TACTICAL WHEELED VEHICLES	2001-03-14	35000.0	1	Each	police	23	55	DS	COMBTV2	not in file	2355-DS-COM-BTV2	not in file	not in file	D		State	not in file	not in file	not in file	not in file	2001Q1
DISP_AllStatesAndTerritories_06302020.xlsx[ALL]	FL	FORT WALTON BEACH POLICE DEPT	ONLY COMPLETE COMBAT/ASSAULT/TACTICAL WHEELED VEHICLES	2001-01-31	138000.0	1	Each	police	23	55	DS	COMBTV2	not in file	2355-DS-COM-BTV2	not in file	not in file	D		State	not in file	not in file	not in file	not in file	2001Q1
DISP_AllStatesAndTerritories_06302020.xlsx[ALL]	FL	OKEECHOBEE COUNTY SHERIFF'S OFFICE	ONLY COMPLETE COMBAT/ASSAULT/TACTICAL WHEELED VEHICLES	2001-01-31	138000.0	1	Each	sheriff	23	55	DS	COMBTV2	not in file	2355-DS-COM-BTV2	not in file	not in file	D		State	not in file	not in file	not in file	not in file	2001Q1
DISP_AllStatesAndTerritories_06302020.xlsx[ALL]	FL	SWEETWATER POLICE DEPT	RIFLE,7.62 MILLIMETER	2001-01-22	138.0	1	Each	police	10	05	00	5891271	not in file	1005-00-589-1271	not in file	not in file	D	1.0	State	not in file	not in file	not in file	not in file	2001Q1
DISP_AllStatesAndTerritories_06302020.xlsx[ALL]	FL	SWEETWATER POLICE DEPT	RIFLE,7.62 MILLIMETER	2001-01-22	138.0	1	Each	police	10	05	00	5891271	not in file	1005-00-589-1271	not in file	not in file	D	1.0	State	not in file	not in file	not in file	not in file	2001Q1
DISP_AllStatesAndTerritories_06302020.xlsx[ALL]	FL	SWEETWATER POLICE DEPT	RIFLE,7.62 MILLIMETER	2001-01-22	138.0	1	Each	police	10	05	00	5891271	not in file	1005-00-589-1271	not in file	not in file	D	1.0	State	not in file	not in file	not in file	not in file	2001Q1
DISP_AllStatesAndTerritories_06302020.xlsx[ALL]	FL	SWEETWATER POLICE DEPT	RIFLE,7.62 MILLIMETER	2001-01-22	138.0	1	Each	police	10	05	00	5891271	not in file	1005-00-589-1271	not in file	not in file	D	1.0	State	not in file	not in file	not in file	not in file	2001Q1
DISP_AllStatesAndTerritories_06302020.xlsx[ALL]	GA	COLQUITT POLICE DEPT	RIFLE,7.62 MILLIMETER	2001-02-14	138.0	1	Each	police	10	05	00	5891271	not in file	1005-00-589-1271	not in file	not in file	D	1.0	State	not in file	not in file	not in file	not in file	2001Q1
DISP_AllStatesAndTerritories_06302020.xlsx[ALL]	GA	COLQUITT POLICE DEPT	RIFLE,7.62 MILLIMETER	2001-02-14	138.0	1	Each	police	10	05	00	5891271	not in file	1005-00-589-1271	not in file	not in file	D	1.0	State	not in file	not in file	not in file	not in file	2001Q1
DISP_AllStatesAndTerritories_06302020.xlsx[ALL]	GA	DOOLY COUNTY SHERIFF OFFICE	RIFLE,7.62 MILLIMETER	2001-01-23	138.0	1	Each	sheriff	10	05	00	5891271	not in file	1005-00-589-1271	not in file	not in file	D	1.0	State	not in file	not in file	not in file	not in file	2001Q1
DISP_AllStatesAndTerritories_06302020.xlsx[ALL]	GA	DOOLY COUNTY SHERIFF OFFICE	RIFLE,7.62 MILLIMETER	2001-01-23	138.0	1	Each	sheriff	10	05	00	5891271	not in file	1005-00-589-1271	not in file	not in file	D	1.0	State	not in file	not in file	not in file	not in file	2001Q1
DISP_AllStatesAndTerritories_06302020.xlsx[ALL]	GA	DOOLY COUNTY SHERIFF OFFICE	RIFLE,7.62 MILLIMETER	2001-01-23	138.0	1	Each	sheriff	10	05	00	5891271	not in file	1005-00-589-1271	not in file	not in file	D	1.0	State	not in file	not in file	not in file	not in file	2001Q1
DISP_AllStatesAndTerritories_06302020.xlsx[ALL]	GA	HOUSTON COUNTY SHERIFF'S OFFICE	PISTOL,CALIBER .45,AUTOMATIC	2001-01-22	58.71	1	Each	sheriff	10	05	00	7265655	not in file	1005-00-726-5655	not in file	not in file	D	1.0	State	not in file	not in file	not in file	not in file	2001Q1
DISP_AllStatesAndTerritories_06302020.xlsx[ALL]	GA	LILBURN POLICE DEPT	RIFLE,7.62 MILLIMETER	2001-01-22	138.0	1	Each	police	10	05	00	5891271	not in file	1005-00-589-1271	not in file	not in file	D	1.0	State	not in file	not in file	not in file	not in file	2001Q1
DISP_AllStatesAndTerritories_06302020.xlsx[ALL]	GA	LILBURN POLICE DEPT	RIFLE,7.62 MILLIMETER	2001-01-22	138.0	1	Each	police	10	05	00	5891271	not in file	1005-00-589-1271	not in file	not in file	D	1.0	State	not in file	not in file	not in file	not in file	2001Q1
DISP_AllStatesAndTerritories_06302020.xlsx[ALL]	GA	MANCHESTER POLICE DEPT	RIFLE,7.62 MILLIMETER	2001-03-12	138.0	1	Each	police	10	05	00	5891271	not in file	1005-00-589-1271	not in file	not in file	D	1.0	State	not in file	not in file	not in file	not in file	2001Q1
DISP_AllStatesAndTerritories_06302020.xlsx[ALL]	GA	TWIGGS COUNTY SHERIFF OFFICE	RIFLE,7.62 MILLIMETER	2001-01-23	138.0	1	Each	sheriff	10	05	00	5891271	not in file	1005-00-589-1271	not in file	not in file	D	1.0	State	not in file	not in file	not in file	not in file	2001Q1
DISP_AllStatesAndTerritories_06302020.xlsx[ALL]	IL	DANVERS POLICE DEPT	RIFLE,7.62 MILLIMETER	2001-01-22	138.0	1	Each	police	10	05	00	5891271	not in file	1005-00-589-1271	not in file	not in file	D	1.0	State	not in file	not in file	not in file	not in file	2001Q1
DISP_AllStatesAndTerritories_06302020.xlsx[ALL]	IL	EAST ALTON POLICE DEPT	RIFLE,7.62 MILLIMETER	2001-01-22	138.0	1	Each	police	10	05	00	5891271	not in file	1005-00-589-1271	not in file	not in file	D	1.0	State	not in file	not in file	not in file	not in file	2001Q1
DISP_AllStatesAndTerritories_06302020.xlsx[ALL]	IL	EAST ALTON POLICE DEPT	RIFLE,7.62 MILLIMETER	2001-01-22	138.0	1	Each	police	10	05	00	5891271	not in file	1005-00-589-1271	not in file	not in file	D	1.0	State	not in file	not in file	not in file	not in file	2001Q1
DISP_AllStatesAndTerritories_06302020.xlsx[ALL]	IL	EAST ALTON POLICE DEPT	RIFLE,7.62 MILLIMETER	2001-01-22	138.0	1	Each	police	10	05	00	5891271	not in file	1005-00-589-1271	not in file	not in file	D	1.0	State	not in file	not in file	not in file	not in file	2001Q1
DISP_AllStatesAndTerritories_06302020.xlsx[ALL]	IL	GERMANTOWN POLICE DEPT	RIFLE,7.62 MILLIMETER	2001-02-14	138.0	1	Each	police	10	05	00	5891271	not in file	1005-00-589-1271	not in file	not in file	D	1.0	State	not in file	not in file	not in file	not in file	2001Q1
DISP_AllStatesAndTerritories_06302020.xlsx[ALL]	IL	MARENGO POLICE DEPARTMENT	RIFLE,7.62 MILLIMETER	2001-01-22	138.0	1	Each	police	10	05	00	5891271	not in file	1005-00-589-1271	not in file	not in file	D	1.0	State	not in file	not in file	not in file	not in file	2001Q1
DISP_AllStatesAndTerritories_06302020.xlsx[ALL]	IL	MARENGO POLICE DEPARTMENT	RIFLE,7.62 MILLIMETER	2001-01-23	138.0	1	Each	police	10	05	00	5891271	not in file	1005-00-589-1271	not in file	not in file	D	1.0	State	not in file	not in file	not in file	not in file	2001Q1
DISP_AllStatesAndTerritories_06302020.xlsx[ALL]	IL	MARENGO POLICE DEPARTMENT	RIFLE,7.62 MILLIMETER	2001-01-23	138.0	1	Each	police	10	05	00	5891271	not in file	1005-00-589-1271	not in file	not in file	D	1.0	State	not in file	not in file	not in file	not in file	2001Q1
DISP_AllStatesAndTerritories_06302020.xlsx[ALL]	IL	MARENGO POLICE DEPARTMENT	RIFLE,7.62 MILLIMETER	2001-01-22	138.0	1	Each	police	10	05	00	5891271	not in file	1005-00-589-1271	not in file	not in file	D	1.0	State	not in file	not in file	not in file	not in file	2001Q1
DISP_AllStatesAndTerritories_06302020.xlsx[ALL]	IL	MARENGO POLICE DEPARTMENT	RIFLE,7.62 MILLIMETER	2001-01-22	138.0	1	Each	police	10	05	00	5891271	not in file	1005-00-589-1271	not in file	not in file	D	1.0	State	not in file	not in file	not in file	not in file	2001Q1
DISP_AllStatesAndTerritories_06302020.xlsx[ALL]	IL	MILLEDGEVILLE POLICE DEPT	RIFLE,7.62 MILLIMETER	2001-03-12	138.0	1	Each	police	10	05	00	5891271	not in file	1005-00-589-1271	not in file	not in file	D	1.0	State	not in file	not in file	not in file	not in file	2001Q1
DISP_AllStatesAndTerritories_06302020.xlsx[ALL]	IL	WILLIAMSVILLE POLICE DEPT	RIFLE,7.62 MILLIMETER	2001-01-23	138.0	1	Each	police	10	05	00	5891271	not in file	1005-00-589-1271	not in file	not in file	D	1.0	State	not in file	not in file	not in file	not in file	2001Q1
DISP_AllStatesAndTerritories_06302020.xlsx[ALL]	IN	ALEXANDRIA POLICE DEPARTMENT	REVOLVER,CALIBER .38 SPECIAL	2001-02-15	90.5	1	Each	police	10	05	00	9375840	not in file	1005-00-937-5840	not in file	not in file	D		State	not in file	not in file	not in file	not in file	2001Q1
DISP_AllStatesAndTerritories_06302020.xlsx[ALL]	IN	AUBURN POLICE DEPT	TRUCK,UTILITY	2001-02-26	41994.0	1	Each	police	23	20	01	1467189	not in file	2320-01-146-7189	not in file	not in file	C	1.0	State	not in file	not in file	not in file	not in file	2001Q1
DISP_AllStatesAndTerritories_06302020.xlsx[ALL]	IN	AUBURN POLICE DEPT	TRUCK,UTILITY	2001-02-26	41994.0	1	Each	police	23	20	01	1467189	not in file	2320-01-146-7189	not in file	not in file	C	1.0	State	not in file	not in file	not in file	not in file	2001Q1
DISP_AllStatesAndTerritories_06302020.xlsx[ALL]	IN	AUBURN POLICE DEPT	TRUCK,UTILITY	2001-02-26	39158.0	1	Each	police	23	20	01	1467190	not in file	2320-01-146-7190	not in file	not in file	C	1.0	State	not in file	not in file	not in file	not in file	2001Q1
DISP_AllStatesAndTerritories_06302020.xlsx[ALL]	IN	FAIRVIEW PARK POLICE DEPT	REVOLVER,CALIBER .38 SPECIAL	2001-02-15	90.5	1	Each	police	10	05	00	9375840	not in file	1005-00-937-5840	not in file	not in file	D		State	not in file	not in file	not in file	not in file	2001Q1
DISP_AllStatesAndTerritories_06302020.xlsx[ALL]	IN	FAIRVIEW PARK POLICE DEPT	REVOLVER,CALIBER .38 SPECIAL	2001-02-15	90.5	1	Each	police	10	05	00	9375840	not in file	1005-00-937-5840	not in file	not in file	D		State	not in file	not in file	not in file	not in file	2001Q1
DISP_AllStatesAndTerritories_06302020.xlsx[ALL]	IN	GENEVA POLICE DEPT	PISTOL,CALIBER .45,AUTOMATIC	2001-02-14	58.71	1	Each	police	10	05	00	7265655	not in file	1005-00-726-5655	not in file	not in file	D	1.0	State	not in file	not in file	not in file	not in file	2001Q1
DISP_AllStatesAndTerritories_06302020.xlsx[ALL]	IN	GENEVA POLICE DEPT	PISTOL,CALIBER .45,AUTOMATIC	2001-02-14	58.71	1	Each	police	10	05	00	7265655	not in file	1005-00-726-5655	not in file	not in file	D	1.0	State	not in file	not in file	not in file	not in file	2001Q1
DISP_AllStatesAndTerritories_06302020.xlsx[ALL]	IN	GENEVA POLICE DEPT	PISTOL,CALIBER .45,AUTOMATIC	2001-02-14	58.71	1	Each	police	10	05	00	7265655	not in file	1005-00-726-5655	not in file	not in file	D	1.0	State	not in file	not in file	not in file	not in file	2001Q1
DISP_AllStatesAndTerritories_06302020.xlsx[ALL]	IN	GENEVA POLICE DEPT	PISTOL,CALIBER .45,AUTOMATIC	2001-02-14	58.71	1	Each	police	10	05	00	7265655	not in file	1005-00-726-5655	not in file	not in file	D	1.0	State	not in file	not in file	not in file	not in file	2001Q1
DISP_AllStatesAndTerritories_06302020.xlsx[ALL]	IN	JOHNSON CO LE PROSECUTERS OFFICE	RIFLE,7.62 MILLIMETER	2001-01-22	138.0	1	Each	district attorney	10	05	00	5891271	not in file	1005-00-589-1271	not in file	not in file	D	1.0	State	not in file	not in file	not in file	not in file	2001Q1
DISP_AllStatesAndTerritories_06302020.xlsx[ALL]	IN	LAKEVILLE POLICE DEPT	REVOLVER,CALIBER .38 SPECIAL	2001-02-15	90.5	1	Each	police	10	05	00	9375840	not in file	1005-00-937-5840	not in file	not in file	D		State	not in file	not in file	not in file	not in file	2001Q1
DISP_AllStatesAndTerritories_06302020.xlsx[ALL]	IN	LAKEVILLE POLICE DEPT	REVOLVER,CALIBER .38 SPECIAL	2001-02-15	90.5	1	Each	police	10	05	00	9375840	not in file	1005-00-937-5840	not in file	not in file	D		State	not in file	not in file	not in file	not in file	2001Q1
DISP_AllStatesAndTerritories_06302020.xlsx[ALL]	IN	ORESTES POLICE DEPT	REVOLVER,CALIBER .38 SPECIAL	2001-02-15	90.5	1	Each	police	10	05	00	9375840	not in file	1005-00-937-5840	not in file	not in file	D		State	not in file	not in file	not in file	not in file	2001Q1
DISP_AllStatesAndTerritories_06302020.xlsx[ALL]	IN	PITTSBORO POLICE DEPARTMENT	REVOLVER,CALIBER .38 SPECIAL	2001-02-15	90.5	1	Each	police	10	05	00	9375840	not in file	1005-00-937-5840	not in file	not in file	D		State	not in file	not in file	not in file	not in file	2001Q1
DISP_AllStatesAndTerritories_06302020.xlsx[ALL]	IN	PITTSBORO POLICE DEPARTMENT	REVOLVER,CALIBER .38 SPECIAL	2001-02-15	90.5	1	Each	police	10	05	00	9375840	not in file	1005-00-937-5840	not in file	not in file	D		State	not in file	not in file	not in file	not in file	2001Q1
DISP_AllStatesAndTerritories_06302020.xlsx[ALL]	IN	YORKTOWN POLICE DEPT	PISTOL,CALIBER .45,AUTOMATIC	2001-02-14	58.71	1	Each	police	10	05	00	7265655	not in file	1005-00-726-5655	not in file	not in file	D	1.0	State	not in file	not in file	not in file	not in file	2001Q1
DISP_AllStatesAndTerritories_06302020.xlsx[ALL]	IN	YORKTOWN POLICE DEPT	PISTOL,CALIBER .45,AUTOMATIC	2001-02-14	58.71	1	Each	police	10	05	00	7265655	not in file	1005-00-726-5655	not in file	not in file	D	1.0	State	not in file	not in file	not in file	not in file	2001Q1
DISP_AllStatesAndTerritories_06302020.xlsx[ALL]	IN	YORKTOWN POLICE DEPT	PISTOL,CALIBER .45,AUTOMATIC	2001-02-14	58.71	1	Each	police	10	05	00	7265655	not in file	1005-00-726-5655	not in file	not in file	D	1.0	State	not in file	not in file	not in file	not in file	2001Q1
DISP_AllStatesAndTerritories_06302020.xlsx[ALL]	IN	YORKTOWN POLICE DEPT	PISTOL,CALIBER .45,AUTOMATIC	2001-02-14	58.71	1	Each	police	10	05	00	7265655	not in file	1005-00-726-5655	not in file	not in file	D	1.0	State	not in file	not in file	not in file	not in file	2001Q1
DISP_AllStatesAndTerritories_06302020.xlsx[ALL]	IN	YORKTOWN POLICE DEPT	PISTOL,CALIBER .45,AUTOMATIC	2001-02-14	58.71	1	Each	police	10	05	00	7265655	not in file	1005-00-726-5655	not in file	not in file	D	1.0	State	not in file	not in file	not in file	not in file	2001Q1
DISP_AllStatesAndTerritories_06302020.xlsx[ALL]	IN	YORKTOWN POLICE DEPT	PISTOL,CALIBER .45,AUTOMATIC	2001-02-14	58.71	1	Each	police	10	05	00	7265655	not in file	1005-00-726-5655	not in file	not in file	D	1.0	State	not in file	not in file	not in file	not in file	2001Q1
DISP_AllStatesAndTerritories_06302020.xlsx[ALL]	IN	YORKTOWN POLICE DEPT	PISTOL,CALIBER .45,AUTOMATIC	2001-02-14	58.71	1	Each	police	10	05	00	7265655	not in file	1005-00-726-5655	not in file	not in file	D	1.0	State	not in file	not in file	not in file	not in file	2001Q1
DISP_AllStatesAndTerritories_06302020.xlsx[ALL]	IN	YORKTOWN POLICE DEPT	PISTOL,CALIBER .45,AUTOMATIC	2001-02-14	58.71	1	Each	police	10	05	00	7265655	not in file	1005-00-726-5655	not in file	not in file	D	1.0	State	not in file	not in file	not in file	not in file	2001Q1
DISP_AllStatesAndTerritories_06302020.xlsx[ALL]	IN	YORKTOWN POLICE DEPT	PISTOL,CALIBER .45,AUTOMATIC	2001-02-14	58.71	1	Each	police	10	05	00	7265655	not in file	1005-00-726-5655	not in file	not in file	D	1.0	State	not in file	not in file	not in file	not in file	2001Q1
DISP_AllStatesAndTerritories_06302020.xlsx[ALL]	IN	YORKTOWN POLICE DEPT	PISTOL,CALIBER .45,AUTOMATIC	2001-02-14	58.71	1	Each	police	10	05	00	7265655	not in file	1005-00-726-5655	not in file	not in file	D	1.0	State	not in file	not in file	not in file	not in file	2001Q1
DISP_AllStatesAndTerritories_06302020.xlsx[ALL]	KY	JEFFERSON COUNTY SHERIFF OFFICE	RIFLE,7.62 MILLIMETER	2001-03-12	138.0	1	Each	sheriff	10	05	00	5891271	not in file	1005-00-589-1271	not in file	not in file	D	1.0	State	not in file	not in file	not in file	not in file	2001Q1
DISP_AllStatesAndTerritories_06302020.xlsx[ALL]	KY	JEFFERSON COUNTY SHERIFF OFFICE	RIFLE,7.62 MILLIMETER	2001-03-12	138.0	1	Each	sheriff	10	05	00	5891271	not in file	1005-00-589-1271	not in file	not in file	D	1.0	State	not in file	not in file	not in file	not in file	2001Q1
DISP_AllStatesAndTerritories_06302020.xlsx[ALL]	KY	JEFFERSON COUNTY SHERIFF OFFICE	RIFLE,7.62 MILLIMETER	2001-03-12	138.0	1	Each	sheriff	10	05	00	5891271	not in file	1005-00-589-1271	not in file	not in file	D	1.0	State	not in file	not in file	not in file	not in file	2001Q1
DISP_AllStatesAndTerritories_06302020.xlsx[ALL]	KY	JEFFERSON COUNTY SHERIFF OFFICE	RIFLE,7.62 MILLIMETER	2001-03-12	138.0	1	Each	sheriff	10	05	00	5891271	not in file	1005-00-589-1271	not in file	not in file	D	1.0	State	not in file	not in file	not in file	not in file	2001Q1
DISP_AllStatesAndTerritories_06302020.xlsx[ALL]	KY	JEFFERSON COUNTY SHERIFF OFFICE	RIFLE,7.62 MILLIMETER	2001-03-12	138.0	1	Each	sheriff	10	05	00	5891271	not in file	1005-00-589-1271	not in file	not in file	D	1.0	State	not in file	not in file	not in file	not in file	2001Q1
DISP_AllStatesAndTerritories_06302020.xlsx[ALL]	KY	JEFFERSON COUNTY SHERIFF OFFICE	RIFLE,7.62 MILLIMETER	2001-03-12	138.0	1	Each	sheriff	10	05	00	5891271	not in file	1005-00-589-1271	not in file	not in file	D	1.0	State	not in file	not in file	not in file	not in file	2001Q1
DISP_AllStatesAndTerritories_06302020.xlsx[ALL]	KY	JEFFERSON COUNTY SHERIFF OFFICE	RIFLE,7.62 MILLIMETER	2001-03-12	138.0	1	Each	sheriff	10	05	00	5891271	not in file	1005-00-589-1271	not in file	not in file	D	1.0	State	not in file	not in file	not in file	not in file	2001Q1
DISP_AllStatesAndTerritories_06302020.xlsx[ALL]	KY	JEFFERSON COUNTY SHERIFF OFFICE	RIFLE,7.62 MILLIMETER	2001-03-12	138.0	1	Each	sheriff	10	05	00	5891271	not in file	1005-00-589-1271	not in file	not in file	D	1.0	State	not in file	not in file	not in file	not in file	2001Q1
DISP_AllStatesAndTerritories_06302020.xlsx[ALL]	KY	JEFFERSON COUNTY SHERIFF OFFICE	RIFLE,7.62 MILLIMETER	2001-03-12	138.0	1	Each	sheriff	10	05	00	5891271	not in file	1005-00-589-1271	not in file	not in file	D	1.0	State	not in file	not in file	not in file	not in file	2001Q1
DISP_AllStatesAndTerritories_06302020.xlsx[ALL]	KY	JEFFERSON COUNTY SHERIFF OFFICE	RIFLE,7.62 MILLIMETER	2001-03-12	138.0	1	Each	sheriff	10	05	00	5891271	not in file	1005-00-589-1271	not in file	not in file	D	1.0	State	not in file	not in file	not in file	not in file	2001Q1
DISP_AllStatesAndTerritories_06302020.xlsx[ALL]	KY	JEFFERSON COUNTY SHERIFF OFFICE	RIFLE,7.62 MILLIMETER	2001-03-12	138.0	1	Each	sheriff	10	05	00	5891271	not in file	1005-00-589-1271	not in file	not in file	D	1.0	State	not in file	not in file	not in file	not in file	2001Q1
DISP_AllStatesAndTerritories_06302020.xlsx[ALL]	KY	JEFFERSON COUNTY SHERIFF OFFICE	RIFLE,7.62 MILLIMETER	2001-03-12	138.0	1	Each	sheriff	10	05	00	5891271	not in file	1005-00-589-1271	not in file	not in file	D	1.0	State	not in file	not in file	not in file	not in file	2001Q1
DISP_AllStatesAndTerritories_06302020.xlsx[ALL]	KY	JEFFERSON COUNTY SHERIFF OFFICE	RIFLE,7.62 MILLIMETER	2001-03-12	138.0	1	Each	sheriff	10	05	00	5891271	not in file	1005-00-589-1271	not in file	not in file	D	1.0	State	not in file	not in file	not in file	not in file	2001Q1
DISP_AllStatesAndTerritories_06302020.xlsx[ALL]	KY	JEFFERSON COUNTY SHERIFF OFFICE	RIFLE,7.62 MILLIMETER	2001-03-12	138.0	1	Each	sheriff	10	05	00	5891271	not in file	1005-00-589-1271	not in file	not in file	D	1.0	State	not in file	not in file	not in file	not in file	2001Q1
DISP_AllStatesAndTerritories_06302020.xlsx[ALL]	KY	JEFFERSON COUNTY SHERIFF OFFICE	RIFLE,7.62 MILLIMETER	2001-03-12	138.0	1	Each	sheriff	10	05	00	5891271	not in file	1005-00-589-1271	not in file	not in file	D	1.0	State	not in file	not in file	not in file	not in file	2001Q1
DISP_AllStatesAndTerritories_06302020.xlsx[ALL]	MA	BROOKFIELD POLICE DEPT	RIFLE,7.62 MILLIMETER	2001-02-14	138.0	1	Each	police	10	05	00	5891271	not in file	1005-00-589-1271	not in file	not in file	D	1.0	State	not in file	not in file	not in file	not in file	2001Q1
DISP_AllStatesAndTerritories_06302020.xlsx[ALL]	MA	BROOKFIELD POLICE DEPT	RIFLE,7.62 MILLIMETER	2001-02-14	138.0	1	Each	police	10	05	00	5891271	not in file	1005-00-589-1271	not in file	not in file	D	1.0	State	not in file	not in file	not in file	not in file	2001Q1
DISP_AllStatesAndTerritories_06302020.xlsx[ALL]	MA	GOSHEN POLICE DEPT	RIFLE,7.62 MILLIMETER	2001-03-13	138.0	1	Each	police	10	05	00	5891271	not in file	1005-00-589-1271	not in file	not in file	D	1.0	State	not in file	not in file	not in file	not in file	2001Q1
DISP_AllStatesAndTerritories_06302020.xlsx[ALL]	MA	WALPOLE POLICE DEPT	RIFLE,7.62 MILLIMETER	2001-02-14	138.0	1	Each	police	10	05	00	5891271	not in file	1005-00-589-1271	not in file	not in file	D	1.0	State	not in file	not in file	not in file	not in file	2001Q1
DISP_AllStatesAndTerritories_06302020.xlsx[ALL]	MA	WALPOLE POLICE DEPT	RIFLE,7.62 MILLIMETER	2001-02-14	138.0	1	Each	police	10	05	00	5891271	not in file	1005-00-589-1271	not in file	not in file	D	1.0	State	not in file	not in file	not in file	not in file	2001Q1
DISP_AllStatesAndTerritories_06302020.xlsx[ALL]	MA	WALPOLE POLICE DEPT	RIFLE,7.62 MILLIMETER	2001-02-14	138.0	1	Each	police	10	05	00	5891271	not in file	1005-00-589-1271	not in file	not in file	D	1.0	State	not in file	not in file	not in file	not in file	2001Q1
DISP_AllStatesAndTerritories_06302020.xlsx[ALL]	MA	WALPOLE POLICE DEPT	RIFLE,7.62 MILLIMETER	2001-02-14	138.0	1	Each	police	10	05	00	5891271	not in file	1005-00-589-1271	not in file	not in file	D	1.0	State	not in file	not in file	not in file	not in file	2001Q1
DISP_AllStatesAndTerritories_06302020.xlsx[ALL]	MI	FERNDALE POLICE DEPT	RIFLE,7.62 MILLIMETER	2001-01-22	138.0	1	Each	police	10	05	00	5891271	not in file	1005-00-589-1271	not in file	not in file	D	1.0	State	not in file	not in file	not in file	not in file	2001Q1
DISP_AllStatesAndTerritories_06302020.xlsx[ALL]	MI	FERNDALE POLICE DEPT	RIFLE,7.62 MILLIMETER	2001-01-23	138.0	1	Each	police	10	05	00	5891271	not in file	1005-00-589-1271	not in file	not in file	D	1.0	State	not in file	not in file	not in file	not in file	2001Q1
DISP_AllStatesAndTerritories_06302020.xlsx[ALL]	MI	FERNDALE POLICE DEPT	RIFLE,7.62 MILLIMETER	2001-01-22	138.0	1	Each	police	10	05	00	5891271	not in file	1005-00-589-1271	not in file	not in file	D	1.0	State	not in file	not in file	not in file	not in file	2001Q1
DISP_AllStatesAndTerritories_06302020.xlsx[ALL]	MI	FERNDALE POLICE DEPT	RIFLE,7.62 MILLIMETER	2001-01-23	138.0	1	Each	police	10	05	00	5891271	not in file	1005-00-589-1271	not in file	not in file	D	1.0	State	not in file	not in file	not in file	not in file	2001Q1
DISP_AllStatesAndTerritories_06302020.xlsx[ALL]	MI	FERNDALE POLICE DEPT	RIFLE,7.62 MILLIMETER	2001-01-23	138.0	1	Each	police	10	05	00	5891271	not in file	1005-00-589-1271	not in file	not in file	D	1.0	State	not in file	not in file	not in file	not in file	2001Q1
DISP_AllStatesAndTerritories_06302020.xlsx[ALL]	MI	FERNDALE POLICE DEPT	RIFLE,7.62 MILLIMETER	2001-01-23	138.0	1	Each	police	10	05	00	5891271	not in file	1005-00-589-1271	not in file	not in file	D	1.0	State	not in file	not in file	not in file	not in file	2001Q1
DISP_AllStatesAndTerritories_06302020.xlsx[ALL]	MI	FERNDALE POLICE DEPT	RIFLE,7.62 MILLIMETER	2001-01-22	138.0	1	Each	police	10	05	00	5891271	not in file	1005-00-589-1271	not in file	not in file	D	1.0	State	not in file	not in file	not in file	not in file	2001Q1
DISP_AllStatesAndTerritories_06302020.xlsx[ALL]	MI	FERNDALE POLICE DEPT	RIFLE,7.62 MILLIMETER	2001-01-23	138.0	1	Each	police	10	05	00	5891271	not in file	1005-00-589-1271	not in file	not in file	D	1.0	State	not in file	not in file	not in file	not in file	2001Q1
DISP_AllStatesAndTerritories_06302020.xlsx[ALL]	MI	FERNDALE POLICE DEPT	RIFLE,7.62 MILLIMETER	2001-01-23	138.0	1	Each	police	10	05	00	5891271	not in file	1005-00-589-1271	not in file	not in file	D	1.0	State	not in file	not in file	not in file	not in file	2001Q1
DISP_AllStatesAndTerritories_06302020.xlsx[ALL]	MI	FERNDALE POLICE DEPT	RIFLE,7.62 MILLIMETER	2001-01-22	138.0	1	Each	police	10	05	00	5891271	not in file	1005-00-589-1271	not in file	not in file	D	1.0	State	not in file	not in file	not in file	not in file	2001Q1
DISP_AllStatesAndTerritories_06302020.xlsx[ALL]	MN	JANESVILLE POLICE DEPT	RIFLE,7.62 MILLIMETER	2001-01-22	138.0	1	Each	police	10	05	00	5891271	not in file	1005-00-589-1271	not in file	not in file	D	1.0	State	not in file	not in file	not in file	not in file	2001Q1
DISP_AllStatesAndTerritories_06302020.xlsx[ALL]	MO	DESLOGE POLICE DEPT	VIEWER,NIGHT VISION	2001-02-06	4105.0	1	Each	police	58	55	00	1501820	not in file	5855-00-150-1820	not in file	not in file	F	1.0	State	not in file	not in file	not in file	not in file	2001Q1
DISP_AllStatesAndTerritories_06302020.xlsx[ALL]	MO	DESLOGE POLICE DEPT	VIEWER,NIGHT VISION	2001-02-06	4105.0	1	Each	police	58	55	00	1501820	not in file	5855-00-150-1820	not in file	not in file	F	1.0	State	not in file	not in file	not in file	not in file	2001Q1
DISP_AllStatesAndTerritories_06302020.xlsx[ALL]	MO	SHANNON COUNTY SHERIFF OFFICE	VIEWER,NIGHT VISION	2001-02-06	4105.0	1	Each	sheriff	58	55	00	1501820	not in file	5855-00-150-1820	not in file	not in file	F	1.0	State	not in file	not in file	not in file	not in file	2001Q1
DISP_AllStatesAndTerritories_06302020.xlsx[ALL]	MO	SHANNON COUNTY SHERIFF OFFICE	VIEWER,NIGHT VISION	2001-02-06	4105.0	1	Each	sheriff	58	55	00	1501820	not in file	5855-00-150-1820	not in file	not in file	F	1.0	State	not in file	not in file	not in file	not in file	2001Q1
DISP_AllStatesAndTerritories_06302020.xlsx[ALL]	MO	SHANNON COUNTY SHERIFF OFFICE	VIEWER,NIGHT VISION	2001-02-06	4105.0	1	Each	sheriff	58	55	00	1501820	not in file	5855-00-150-1820	not in file	not in file	F	1.0	State	not in file	not in file	not in file	not in file	2001Q1
DISP_AllStatesAndTerritories_06302020.xlsx[ALL]	NV	DEPT OF WILDLIFE	VIEWER,NIGHT VISION	2001-02-06	4105.0	1	Each	other	58	55	00	1501820	not in file	5855-00-150-1820	not in file	not in file	F	1.0	State	not in file	not in file	not in file	not in file	2001Q1
DISP_AllStatesAndTerritories_06302020.xlsx[ALL]	NV	DEPT OF WILDLIFE	VIEWER,NIGHT VISION	2001-02-06	4105.0	1	Each	other	58	55	00	1501820	not in file	5855-00-150-1820	not in file	not in file	F	1.0	State	not in file	not in file	not in file	not in file	2001Q1
DISP_AllStatesAndTerritories_06302020.xlsx[ALL]	NV	WASHOE COUNTY SHERIFF DEPT	NIGHT VISION SIGHT	2001-02-20	4379.62	1	Each	sheriff	58	55	01	0202211	not in file	5855-01-020-2211	not in file	not in file	F	1.0	State	not in file	not in file	not in file	not in file	2001Q1
DISP_AllStatesAndTerritories_06302020.xlsx[ALL]	NV	WASHOE COUNTY SHERIFF DEPT	NIGHT VISION SIGHT ASSEMBLY	2001-01-17	3207.0	1	Each	sheriff	58	55	01	0177366	not in file	5855-01-017-7366	not in file	not in file	F	1.0	State	not in file	not in file	not in file	not in file	2001Q1
DISP_AllStatesAndTerritories_06302020.xlsx[ALL]	NM	CATRON COUNTY SHERIFF OFFICE	RIFLE,7.62 MILLIMETER	2001-01-23	138.0	1	Each	sheriff	10	05	00	5891271	not in file	1005-00-589-1271	not in file	not in file	D	1.0	State	not in file	not in file	not in file	not in file	2001Q1
DISP_AllStatesAndTerritories_06302020.xlsx[ALL]	NM	CATRON COUNTY SHERIFF OFFICE	RIFLE,7.62 MILLIMETER	2001-01-23	138.0	1	Each	sheriff	10	05	00	5891271	not in file	1005-00-589-1271	not in file	not in file	D	1.0	State	not in file	not in file	not in file	not in file	2001Q1
DISP_AllStatesAndTerritories_06302020.xlsx[ALL]	NC	GASTONIA CITY POLICE DEPT	ONLY COMPLETE COMBAT/ASSAULT/TACTICAL WHEELED VEHICLES	2001-03-13	138000.0	1	Each	police	23	55	DS	COMBTV2	not in file	2355-DS-COM-BTV2	not in file	not in file	D		State	not in file	not in file	not in file	not in file	2001Q1
DISP_AllStatesAndTerritories_06302020.xlsx[ALL]	OH	BELMONT COUNTY SHERIFF'S OFFICE	RIFLE,7.62 MILLIMETER	2001-02-14	138.0	1	Each	sheriff	10	05	00	5891271	not in file	1005-00-589-1271	not in file	not in file	D	1.0	State	not in file	not in file	not in file	not in file	2001Q1
DISP_AllStatesAndTerritories_06302020.xlsx[ALL]	OK	LAWTON POLICE DEPT	ONLY COMPLETE COMBAT/ASSAULT/TACTICAL WHEELED VEHICLES	2001-02-21	138000.0	1	Each	police	23	55	DS	COMBTV2	not in file	2355-DS-COM-BTV2	not in file	not in file	D		State	not in file	not in file	not in file	not in file	2001Q1
DISP_AllStatesAndTerritories_06302020.xlsx[ALL]	TN	GRAINGER COUNTY SHERIFF DEPT	ONLY COMPLETE COMBAT/ASSAULT/TACTICAL WHEELED VEHICLES	2001-02-12	138000.0	1	Each	sheriff	23	55	DS	COMBTV2	not in file	2355-DS-COM-BTV2	not in file	not in file	D		State	not in file	not in file	not in file	not in file	2001Q1
DISP_AllStatesAndTerritories_06302020.xlsx[ALL]	TN	KNOX COUNTY SHERIFF'S OFFICE	RIFLE,7.62 MILLIMETER	2001-01-23	138.0	1	Each	sheriff	10	05	00	5891271	not in file	1005-00-589-1271	not in file	not in file	D	1.0	State	not in file	not in file	not in file	not in file	2001Q1
DISP_AllStatesAndTerritories_06302020.xlsx[ALL]	TN	PERRY COUNTY SHERIFF'S OFFICE	RIFLE,5.56 MILLIMETER	2001-03-22	499.0	1	Each	sheriff	10	05	00	0739421	not in file	1005-00-073-9421	not in file	not in file	D	1.0	State	not in file	not in file	not in file	not in file	2001Q1
DISP_AllStatesAndTerritories_06302020.xlsx[ALL]	TX	DALLAM COUNTY SHERIFF'S OFFICE	RIFLE,7.62 MILLIMETER	2001-01-19	138.0	1	Each	sheriff	10	05	00	5891271	not in file	1005-00-589-1271	not in file	not in file	D	1.0	State	not in file	not in file	not in file	not in file	2001Q1
DISP_AllStatesAndTerritories_06302020.xlsx[ALL]	TX	DALLAM COUNTY SHERIFF'S OFFICE	RIFLE,7.62 MILLIMETER	2001-01-19	138.0	1	Each	sheriff	10	05	00	5891271	not in file	1005-00-589-1271	not in file	not in file	D	1.0	State	not in file	not in file	not in file	not in file	2001Q1
DISP_AllStatesAndTerritories_06302020.xlsx[ALL]	TX	DALLAM COUNTY SHERIFF'S OFFICE	RIFLE,7.62 MILLIMETER	2001-01-19	138.0	1	Each	sheriff	10	05	00	5891271	not in file	1005-00-589-1271	not in file	not in file	D	1.0	State	not in file	not in file	not in file	not in file	2001Q1
DISP_AllStatesAndTerritories_06302020.xlsx[ALL]	TX	DPS AIRCRAFT OPERATIONS	RIFLE,7.62 MILLIMETER	2001-01-19	138.0	1	Each	other	10	05	00	5891271	not in file	1005-00-589-1271	not in file	not in file	D	1.0	State	not in file	not in file	not in file	not in file	2001Q1
DISP_AllStatesAndTerritories_06302020.xlsx[ALL]	TX	DPS AIRCRAFT OPERATIONS	RIFLE,7.62 MILLIMETER	2001-01-19	138.0	1	Each	other	10	05	00	5891271	not in file	1005-00-589-1271	not in file	not in file	D	1.0	State	not in file	not in file	not in file	not in file	2001Q1
DISP_AllStatesAndTerritories_06302020.xlsx[ALL]	TX	DPS AIRCRAFT OPERATIONS	RIFLE,7.62 MILLIMETER	2001-01-19	138.0	1	Each	other	10	05	00	5891271	not in file	1005-00-589-1271	not in file	not in file	D	1.0	State	not in file	not in file	not in file	not in file	2001Q1
DISP_AllStatesAndTerritories_06302020.xlsx[ALL]	TX	DPS SWAT- TEXAS RANGERS	RIFLE,7.62 MILLIMETER	2001-01-19	138.0	1	Each	other	10	05	00	5891271	not in file	1005-00-589-1271	not in file	not in file	D	1.0	State	not in file	not in file	not in file	not in file	2001Q1
DISP_AllStatesAndTerritories_06302020.xlsx[ALL]	TX	HARRIS CO CONSTABLE PRECINCT 7	RIFLE,7.62 MILLIMETER	2001-01-19	138.0	1	Each	police	10	05	00	5891271	not in file	1005-00-589-1271	not in file	not in file	D	1.0	State	not in file	not in file	not in file	not in file	2001Q1
DISP_AllStatesAndTerritories_06302020.xlsx[ALL]	TX	HARRIS CO CONSTABLE PRECINCT 7	RIFLE,7.62 MILLIMETER	2001-01-19	138.0	1	Each	police	10	05	00	5891271	not in file	1005-00-589-1271	not in file	not in file	D	1.0	State	not in file	not in file	not in file	not in file	2001Q1
DISP_AllStatesAndTerritories_06302020.xlsx[ALL]	TX	HARRIS CO CONSTABLE PRECINCT 7	PISTOL,CALIBER .45,AUTOMATIC	2001-01-18	58.71	1	Each	police	10	05	00	7265655	not in file	1005-00-726-5655	not in file	not in file	D	1.0	State	not in file	not in file	not in file	not in file	2001Q1
DISP_AllStatesAndTerritories_06302020.xlsx[ALL]	TX	HARRIS CO CONSTABLE PRECINCT 7	PISTOL,CALIBER .45,AUTOMATIC	2001-01-18	58.71	1	Each	police	10	05	00	7265655	not in file	1005-00-726-5655	not in file	not in file	D	1.0	State	not in file	not in file	not in file	not in file	2001Q1
DISP_AllStatesAndTerritories_06302020.xlsx[ALL]	TX	HARRIS CO CONSTABLE PRECINCT 7	RIFLE,7.62 MILLIMETER	2001-01-19	138.0	1	Each	police	10	05	00	5891271	not in file	1005-00-589-1271	not in file	not in file	D	1.0	State	not in file	not in file	not in file	not in file	2001Q1
DISP_AllStatesAndTerritories_06302020.xlsx[ALL]	TX	HARRIS CO CONSTABLE PRECINCT 7	PISTOL,CALIBER .45,AUTOMATIC	2001-01-18	58.71	1	Each	police	10	05	00	7265655	not in file	1005-00-726-5655	not in file	not in file	D	1.0	State	not in file	not in file	not in file	not in file	2001Q1
DISP_AllStatesAndTerritories_06302020.xlsx[ALL]	TX	HARRIS CO CONSTABLE PRECINCT 7	PISTOL,CALIBER .45,AUTOMATIC	2001-01-18	58.71	1	Each	police	10	05	00	7265655	not in file	1005-00-726-5655	not in file	not in file	D	1.0	State	not in file	not in file	not in file	not in file	2001Q1
DISP_AllStatesAndTerritories_06302020.xlsx[ALL]	TX	HARRIS CO CONSTABLE PRECINCT 7	PISTOL,CALIBER .45,AUTOMATIC	2001-01-18	58.71	1	Each	police	10	05	00	7265655	not in file	1005-00-726-5655	not in file	not in file	D	1.0	State	not in file	not in file	not in file	not in file	2001Q1
DISP_AllStatesAndTerritories_06302020.xlsx[ALL]	TX	HARRIS CO CONSTABLE PRECINCT 7	RIFLE,7.62 MILLIMETER	2001-01-19	138.0	1	Each	police	10	05	00	5891271	not in file	1005-00-589-1271	not in file	not in file	D	1.0	State	not in file	not in file	not in file	not in file	2001Q1
DISP_AllStatesAndTerritories_06302020.xlsx[ALL]	TX	HARRIS CO CONSTABLE PRECINCT 7	RIFLE,7.62 MILLIMETER	2001-01-19	138.0	1	Each	police	10	05	00	5891271	not in file	1005-00-589-1271	not in file	not in file	D	1.0	State	not in file	not in file	not in file	not in file	2001Q1
DISP_AllStatesAndTerritories_06302020.xlsx[ALL]	TX	HILL COUNTY SHERIFF'S OFFICE	RIFLE,7.62 MILLIMETER	2001-01-18	138.0	1	Each	sheriff	10	05	00	5891271	not in file	1005-00-589-1271	not in file	not in file	D	1.0	State	not in file	not in file	not in file	not in file	2001Q1
DISP_AllStatesAndTerritories_06302020.xlsx[ALL]	TX	HILL COUNTY SHERIFF'S OFFICE	RIFLE,7.62 MILLIMETER	2001-01-18	138.0	1	Each	sheriff	10	05	00	5891271	not in file	1005-00-589-1271	not in file	not in file	D	1.0	State	not in file	not in file	not in file	not in file	2001Q1
DISP_AllStatesAndTerritories_06302020.xlsx[ALL]	TX	HILL COUNTY SHERIFF'S OFFICE	RIFLE,7.62 MILLIMETER	2001-01-18	138.0	1	Each	sheriff	10	05	00	5891271	not in file	1005-00-589-1271	not in file	not in file	D	1.0	State	not in file	not in file	not in file	not in file	2001Q1
DISP_AllStatesAndTerritories_06302020.xlsx[ALL]	TX	HILL COUNTY SHERIFF'S OFFICE	RIFLE,7.62 MILLIMETER	2001-01-18	138.0	1	Each	sheriff	10	05	00	5891271	not in file	1005-00-589-1271	not in file	not in file	D	1.0	State	not in file	not in file	not in file	not in file	2001Q1
DISP_AllStatesAndTerritories_06302020.xlsx[ALL]	TX	LA COSTE POLICE DEPT	RIFLE,7.62 MILLIMETER	2001-01-19	138.0	1	Each	police	10	05	00	5891271	not in file	1005-00-589-1271	not in file	not in file	D	1.0	State	not in file	not in file	not in file	not in file	2001Q1
DISP_AllStatesAndTerritories_06302020.xlsx[ALL]	TX	LA COSTE POLICE DEPT	RIFLE,7.62 MILLIMETER	2001-01-19	138.0	1	Each	police	10	05	00	5891271	not in file	1005-00-589-1271	not in file	not in file	D	1.0	State	not in file	not in file	not in file	not in file	2001Q1
DISP_AllStatesAndTerritories_06302020.xlsx[ALL]	TX	LA COSTE POLICE DEPT	RIFLE,7.62 MILLIMETER	2001-01-19	138.0	1	Each	police	10	05	00	5891271	not in file	1005-00-589-1271	not in file	not in file	D	1.0	State	not in file	not in file	not in file	not in file	2001Q1
DISP_AllStatesAndTerritories_06302020.xlsx[ALL]	WA	KLICKITAT COUNTY SHERIFF DEPT	RIFLE,7.62 MILLIMETER	2001-03-13	138.0	1	Each	sheriff	10	05	00	5891271	not in file	1005-00-589-1271	not in file	not in file	D	1.0	State	not in file	not in file	not in file	not in file	2001Q1
DISP_AllStatesAndTerritories_06302020.xlsx[ALL]	WA	KLICKITAT COUNTY SHERIFF DEPT	RIFLE,7.62 MILLIMETER	2001-03-13	138.0	1	Each	sheriff	10	05	00	5891271	not in file	1005-00-589-1271	not in file	not in file	D	1.0	State	not in file	not in file	not in file	not in file	2001Q1
DISP_AllStatesAndTerritories_06302020.xlsx[ALL]	WA	KLICKITAT COUNTY SHERIFF DEPT	RIFLE,7.62 MILLIMETER	2001-03-13	138.0	1	Each	sheriff	10	05	00	5891271	not in file	1005-00-589-1271	not in file	not in file	D	1.0	State	not in file	not in file	not in file	not in file	2001Q1
DISP_AllStatesAndTerritories_06302020.xlsx[ALL]	WA	KLICKITAT COUNTY SHERIFF DEPT	RIFLE,7.62 MILLIMETER	2001-03-13	138.0	1	Each	sheriff	10	05	00	5891271	not in file	1005-00-589-1271	not in file	not in file	D	1.0	State	not in file	not in file	not in file	not in file	2001Q1
DISP_AllStatesAndTerritories_06302020.xlsx[ALL]	WA	KLICKITAT COUNTY SHERIFF DEPT	RIFLE,7.62 MILLIMETER	2001-03-13	138.0	1	Each	sheriff	10	05	00	5891271	not in file	1005-00-589-1271	not in file	not in file	D	1.0	State	not in file	not in file	not in file	not in file	2001Q1
DISP_AllStatesAndTerritories_06302020.xlsx[ALL]	WI	BROWN COUNTY SHERIFF'S OFFICE	RIFLE,7.62 MILLIMETER	2001-03-13	138.0	1	Each	sheriff	10	05	00	5891271	not in file	1005-00-589-1271	not in file	not in file	D	1.0	State	not in file	not in file	not in file	not in file	2001Q1
DISP_AllStatesAndTerritories_06302020.xlsx[ALL]	WI	BROWN COUNTY SHERIFF'S OFFICE	RIFLE,7.62 MILLIMETER	2001-03-13	138.0	1	Each	sheriff	10	05	00	5891271	not in file	1005-00-589-1271	not in file	not in file	D	1.0	State	not in file	not in file	not in file	not in file	2001Q1
DISP_AllStatesAndTerritories_06302020.xlsx[ALL]	WI	BROWN COUNTY SHERIFF'S OFFICE	RIFLE,7.62 MILLIMETER	2001-03-13	138.0	1	Each	sheriff	10	05	00	5891271	not in file	1005-00-589-1271	not in file	not in file	D	1.0	State	not in file	not in file	not in file	not in file	2001Q1
DISP_AllStatesAndTerritories_06302020.xlsx[ALL]	WI	BROWN COUNTY SHERIFF'S OFFICE	RIFLE,7.62 MILLIMETER	2001-03-13	138.0	1	Each	sheriff	10	05	00	5891271	not in file	1005-00-589-1271	not in file	not in file	D	1.0	State	not in file	not in file	not in file	not in file	2001Q1
DISP_AllStatesAndTerritories_06302020.xlsx[ALL]	WI	BROWN COUNTY SHERIFF'S OFFICE	RIFLE,7.62 MILLIMETER	2001-03-13	138.0	1	Each	sheriff	10	05	00	5891271	not in file	1005-00-589-1271	not in file	not in file	D	1.0	State	not in file	not in file	not in file	not in file	2001Q1
DISP_AllStatesAndTerritories_06302020.xlsx[ALL]	WI	BROWN COUNTY SHERIFF'S OFFICE	RIFLE,7.62 MILLIMETER	2001-03-13	138.0	1	Each	sheriff	10	05	00	5891271	not in file	1005-00-589-1271	not in file	not in file	D	1.0	State	not in file	not in file	not in file	not in file	2001Q1
DISP_AllStatesAndTerritories_06302020.xlsx[ALL]	WI	BROWN COUNTY SHERIFF'S OFFICE	RIFLE,7.62 MILLIMETER	2001-03-13	138.0	1	Each	sheriff	10	05	00	5891271	not in file	1005-00-589-1271	not in file	not in file	D	1.0	State	not in file	not in file	not in file	not in file	2001Q1
DISP_AllStatesAndTerritories_06302020.xlsx[ALL]	WI	INDEPENDENCE POLICE DEPT	PISTOL,CALIBER .45,AUTOMATIC	2001-03-13	58.71	1	Each	police	10	05	00	7265655	not in file	1005-00-726-5655	not in file	not in file	D	1.0	State	not in file	not in file	not in file	not in file	2001Q1
DISP_AllStatesAndTerritories_06302020.xlsx[ALL]	WI	INDEPENDENCE POLICE DEPT	PISTOL,CALIBER .45,AUTOMATIC	2001-03-13	58.71	1	Each	police	10	05	00	7265655	not in file	1005-00-726-5655	not in file	not in file	D	1.0	State	not in file	not in file	not in file	not in file	2001Q1
DISP_AllStatesAndTerritories_06302020.xlsx[ALL]	WI	INDEPENDENCE POLICE DEPT	PISTOL,CALIBER .45,AUTOMATIC	2001-03-13	58.71	1	Each	police	10	05	00	7265655	not in file	1005-00-726-5655	not in file	not in file	D	1.0	State	not in file	not in file	not in file	not in file	2001Q1
DISP_AllStatesAndTerritories_06302020.xlsx[ALL]	WI	INDEPENDENCE POLICE DEPT	REVOLVER,CALIBER .38 SPECIAL	2001-03-12	89.57	1	Each	police	10	05	01	0947045	not in file	1005-01-094-7045	not in file	not in file	D	1.0	State	not in file	not in file	not in file	not in file	2001Q1
DISP_AllStatesAndTerritories_06302020.xlsx[ALL]	WI	INDEPENDENCE POLICE DEPT	REVOLVER,CALIBER .38 SPECIAL	2001-03-12	89.57	1	Each	police	10	05	01	0947045	not in file	1005-01-094-7045	not in file	not in file	D	1.0	State	not in file	not in file	not in file	not in file	2001Q1
DISP_AllStatesAndTerritories_06302020.xlsx[ALL]	WI	INDEPENDENCE POLICE DEPT	REVOLVER,CALIBER .38 SPECIAL	2001-03-12	89.57	1	Each	police	10	05	01	0947045	not in file	1005-01-094-7045	not in file	not in file	D	1.0	State	not in file	not in file	not in file	not in file	2001Q1
DISP_AllStatesAndTerritories_06302020.xlsx[ALL]	WI	INDEPENDENCE POLICE DEPT	PISTOL,CALIBER .45,AUTOMATIC	2001-03-13	58.71	1	Each	police	10	05	00	7265655	not in file	1005-00-726-5655	not in file	not in file	D	1.0	State	not in file	not in file	not in file	not in file	2001Q1
DISP_AllStatesAndTerritories_06302020.xlsx[ALL]	WI	INDEPENDENCE POLICE DEPT	REVOLVER,CALIBER .38 SPECIAL	2001-03-12	89.57	1	Each	police	10	05	01	0947045	not in file	1005-01-094-7045	not in file	not in file	D	1.0	State	not in file	not in file	not in file	not in file	2001Q1
DISP_AllStatesAndTerritories_06302020.xlsx[ALL]	WI	NORTH FOND DU LAC POLICE DEPT	RIFLE,7.62 MILLIMETER	2001-03-13	138.0	1	Each	police	10	05	00	5891271	not in file	1005-00-589-1271	not in file	not in file	D	1.0	State	not in file	not in file	not in file	not in file	2001Q1
OriginatingFile	StateAbbreviation	RequestingAgency	ItemDescription	RecordDate	AcquisitionValue	Quantity	UnitIncrement	AgencyType	Item_FSG	Item_FSC	Item_CC	Item_Code	Justification	NSN	FSC	NIIN	DEMILCode	DEMILIC	StationType	RequisitionID	CancelledBy	RTDRef	ReasonCancelled	Quarter
DISP_AllStatesAndTerritories_03312020.xlsx[ALL]	AZ	LA PAZ COUNTY SHERIFF OFFICE	RIFLE,7.62 MILLIMETER	2001-01-23	138.0	1	Each	sheriff	10	05	00	5891271	not in file	1005-00-589-1271	not in file	not in file	D	1.0	State	not in file	not in file	not in file	not in file	2001Q1
DISP_AllStatesAndTerritories_03312020.xlsx[ALL]	AZ	LA PAZ COUNTY SHERIFF OFFICE	RIFLE,7.62 MILLIMETER	2001-01-23	138.0	1	Each	sheriff	10	05	00	5891271	not in file	1005-00-589-1271	not in file	not in file	D	1.0	State	not in file	not in file	not in file	not in file	2001Q1
DISP_AllStatesAndTerritories_03312020.xlsx[ALL]	AZ	LA PAZ COUNTY SHERIFF OFFICE	RIFLE,7.62 MILLIMETER	2001-01-23	138.0	1	Each	sheriff	10	05	00	5891271	not in file	1005-00-589-1271	not in file	not in file	D	1.0	State	not in file	not in file	not in file	not in file	2001Q1
DISP_AllStatesAndTerritories_03312020.xlsx[ALL]	AZ	LA PAZ COUNTY SHERIFF OFFICE	RIFLE,7.62 MILLIMETER	2001-01-23	138.0	1	Each	sheriff	10	05	00	5891271	not in file	1005-00-589-1271	not in file	not in file	D	1.0	State	not in file	not in file	not in file	not in file	2001Q1
DISP_AllStatesAndTerritories_03312020.xlsx[ALL]	AZ	LA PAZ COUNTY SHERIFF OFFICE	RIFLE,7.62 MILLIMETER	2001-01-23	138.0	1	Each	sheriff	10	05	00	5891271	not in file	1005-00-589-1271	not in file	not in file	D	1.0	State	not in file	not in file	not in file	not in file	2001Q1
DISP_AllStatesAndTerritories_03312020.xlsx[ALL]	CA	BANNING POLICE DEPT	RIFLE,7.62 MILLIMETER	2001-03-12	138.0	1	Each	police	10	05	00	5891271	not in file	1005-00-589-1271	not in file	not in file	D	1.0	State	not in file	not in file	not in file	not in file	2001Q1
DISP_AllStatesAndTerritories_03312020.xlsx[ALL]	CA	BANNING POLICE DEPT	RIFLE,7.62 MILLIMETER	2001-03-12	138.0	1	Each	police	10	05	00	5891271	not in file	1005-00-589-1271	not in file	not in file	D	1.0	State	not in file	not in file	not in file	not in file	2001Q1
DISP_AllStatesAndTerritories_03312020.xlsx[ALL]	CA	BANNING POLICE DEPT	RIFLE,7.62 MILLIMETER	2001-03-12	138.0	1	Each	police	10	05	00	5891271	not in file	1005-00-589-1271	not in file	not in file	D	1.0	State	not in file	not in file	not in file	not in file	2001Q1
DISP_AllStatesAndTerritories_03312020.xlsx[ALL]	CA	BANNING POLICE DEPT	RIFLE,7.62 MILLIMETER	2001-03-12	138.0	1	Each	police	10	05	00	5891271	not in file	1005-00-589-1271	not in file	not in file	D	1.0	State	not in file	not in file	not in file	not in file	2001Q1
DISP_AllStatesAndTerritories_03312020.xlsx[ALL]	CA	BANNING POLICE DEPT	RIFLE,7.62 MILLIMETER	2001-03-12	138.0	1	Each	police	10	05	00	5891271	not in file	1005-00-589-1271	not in file	not in file	D	1.0	State	not in file	not in file	not in file	not in file	2001Q1
DISP_AllStatesAndTerritories_03312020.xlsx[ALL]	CA	BANNING POLICE DEPT	RIFLE,7.62 MILLIMETER	2001-03-12	138.0	1	Each	police	10	05	00	5891271	not in file	1005-00-589-1271	not in file	not in file	D	1.0	State	not in file	not in file	not in file	not in file	2001Q1
DISP_AllStatesAndTerritories_03312020.xlsx[ALL]	CA	FONTANA POLICE DEPT	RIFLE,7.62 MILLIMETER	2001-03-12	138.0	1	Each	police	10	05	00	5891271	not in file	1005-00-589-1271	not in file	not in file	D	1.0	State	not in file	not in file	not in file	not in file	2001Q1
DISP_AllStatesAndTerritories_03312020.xlsx[ALL]	CA	FONTANA POLICE DEPT	RIFLE,7.62 MILLIMETER	2001-03-12	138.0	1	Each	police	10	05	00	5891271	not in file	1005-00-589-1271	not in file	not in file	D	1.0	State	not in file	not in file	not in file	not in file	2001Q1
DISP_AllStatesAndTerritories_03312020.xlsx[ALL]	CA	FONTANA POLICE DEPT	RIFLE,7.62 MILLIMETER	2001-03-12	138.0	1	Each	police	10	05	00	5891271	not in file	1005-00-589-1271	not in file	not in file	D	1.0	State	not in file	not in file	not in file	not in file	2001Q1
DISP_AllStatesAndTerritories_03312020.xlsx[ALL]	CA	FONTANA POLICE DEPT	RIFLE,7.62 MILLIMETER	2001-03-12	138.0	1	Each	police	10	05	00	5891271	not in file	1005-00-589-1271	not in file	not in file	D	1.0	State	not in file	not in file	not in file	not in file	2001Q1
DISP_AllStatesAndTerritories_03312020.xlsx[ALL]	CA	FONTANA POLICE DEPT	RIFLE,7.62 MILLIMETER	2001-03-12	138.0	1	Each	police	10	05	00	5891271	not in file	1005-00-589-1271	not in file	not in file	D	1.0	State	not in file	not in file	not in file	not in file	2001Q1
DISP_AllStatesAndTerritories_03312020.xlsx[ALL]	CA	FONTANA POLICE DEPT	RIFLE,7.62 MILLIMETER	2001-03-12	138.0	1	Each	police	10	05	00	5891271	not in file	1005-00-589-1271	not in file	not in file	D	1.0	State	not in file	not in file	not in file	not in file	2001Q1
DISP_AllStatesAndTerritories_03312020.xlsx[ALL]	CA	ROSEVILLE POLICE DEPT	VIEWER,NIGHT VISION	2001-02-20	4105.0	1	Each	police	58	55	00	1501820	not in file	5855-00-150-1820	not in file	not in file	F	1.0	State	not in file	not in file	not in file	not in file	2001Q1
DISP_AllStatesAndTerritories_03312020.xlsx[ALL]	CO	EATON POLICE DEPT	PISTOL,CALIBER .45,AUTOMATIC	2001-02-22	58.71	1	Each	police	10	05	00	7265655	not in file	1005-00-726-5655	not in file	not in file	D	1.0	State	not in file	not in file	not in file	not in file	2001Q1
DISP_AllStatesAndTerritories_03312020.xlsx[ALL]	CO	ROUTT COUNTY SHERIFF OFFICE	ONLY COMPLETE COMBAT/ASSAULT/TACTICAL WHEELED VEHICLES	2001-03-26	138000.0	1	Each	sheriff	23	55	DS	COMBTV2	not in file	2355-DS-COM-BTV2	not in file	not in file	D		State	not in file	not in file	not in file	not in file	2001Q1
DISP_AllStatesAndTerritories_03312020.xlsx[ALL]	CO	THORNTON POLICE DEPT	RIFLE,7.62 MILLIMETER	2001-02-22	138.0	1	Each	police	10	05	00	5891271	not in file	1005-00-589-1271	not in file	not in file	D	1.0	State	not in file	not in file	not in file	not in file	2001Q1
DISP_AllStatesAndTerritories_03312020.xlsx[ALL]	FL	FL ATLANTIC UNIVERSITY POLICE HI_ED	ONLY COMPLETE COMBAT/ASSAULT/TACTICAL WHEELED VEHICLES	2001-02-05	35000.0	1	Each	police	23	55	DS	COMBTV2	not in file	2355-DS-COM-BTV2	not in file	not in file	C		State	not in file	not in file	not in file	not in file	2001Q1
DISP_AllStatesAndTerritories_03312020.xlsx[ALL]	FL	FORT MYERS POLICE DEPT	ONLY COMPLETE COMBAT/ASSAULT/TACTICAL WHEELED VEHICLES	2001-03-14	35000.0	1	Each	police	23	55	DS	COMBTV2	not in file	2355-DS-COM-BTV2	not in file	not in file	D		State	not in file	not in file	not in file	not in file	2001Q1
DISP_AllStatesAndTerritories_03312020.xlsx[ALL]	FL	FORT WALTON BEACH POLICE DEPT	ONLY COMPLETE COMBAT/ASSAULT/TACTICAL WHEELED VEHICLES	2001-01-31	138000.0	1	Each	police	23	55	DS	COMBTV2	not in file	2355-DS-COM-BTV2	not in file	not in file	D		State	not in file	not in file	not in file	not in file	2001Q1
DISP_AllStatesAndTerritories_03312020.xlsx[ALL]	FL	OKEECHOBEE COUNTY SHERIFF'S OFFICE	ONLY COMPLETE COMBAT/ASSAULT/TACTICAL WHEELED VEHICLES	2001-01-31	138000.0	1	Each	sheriff	23	55	DS	COMBTV2	not in file	2355-DS-COM-BTV2	not in file	not in file	D		State	not in file	not in file	not in file	not in file	2001Q1
DISP_AllStatesAndTerritories_03312020.xlsx[ALL]	FL	SWEETWATER POLICE DEPT	RIFLE,7.62 MILLIMETER	2001-01-22	138.0	1	Each	police	10	05	00	5891271	not in file	1005-00-589-1271	not in file	not in file	D	1.0	State	not in file	not in file	not in file	not in file	2001Q1
DISP_AllStatesAndTerritories_03312020.xlsx[ALL]	FL	SWEETWATER POLICE DEPT	RIFLE,7.62 MILLIMETER	2001-01-22	138.0	1	Each	police	10	05	00	5891271	not in file	1005-00-589-1271	not in file	not in file	D	1.0	State	not in file	not in file	not in file	not in file	2001Q1
DISP_AllStatesAndTerritories_03312020.xlsx[ALL]	FL	SWEETWATER POLICE DEPT	RIFLE,7.62 MILLIMETER	2001-01-22	138.0	1	Each	police	10	05	00	5891271	not in file	1005-00-589-1271	not in file	not in file	D	1.0	State	not in file	not in file	not in file	not in file	2001Q1
DISP_AllStatesAndTerritories_03312020.xlsx[ALL]	FL	SWEETWATER POLICE DEPT	RIFLE,7.62 MILLIMETER	2001-01-22	138.0	1	Each	police	10	05	00	5891271	not in file	1005-00-589-1271	not in file	not in file	D	1.0	State	not in file	not in file	not in file	not in file	2001Q1
DISP_AllStatesAndTerritories_03312020.xlsx[ALL]	GA	COLQUITT POLICE DEPT	RIFLE,7.62 MILLIMETER	2001-02-14	138.0	1	Each	police	10	05	00	5891271	not in file	1005-00-589-1271	not in file	not in file	D	1.0	State	not in file	not in file	not in file	not in file	2001Q1
DISP_AllStatesAndTerritories_03312020.xlsx[ALL]	GA	COLQUITT POLICE DEPT	RIFLE,7.62 MILLIMETER	2001-02-14	138.0	1	Each	police	10	05	00	5891271	not in file	1005-00-589-1271	not in file	not in file	D	1.0	State	not in file	not in file	not in file	not in file	2001Q1
DISP_AllStatesAndTerritories_03312020.xlsx[ALL]	GA	DOOLY COUNTY SHERIFF OFFICE	RIFLE,7.62 MILLIMETER	2001-01-23	138.0	1	Each	sheriff	10	05	00	5891271	not in file	1005-00-589-1271	not in file	not in file	D	1.0	State	not in file	not in file	not in file	not in file	2001Q1
DISP_AllStatesAndTerritories_03312020.xlsx[ALL]	GA	DOOLY COUNTY SHERIFF OFFICE	RIFLE,7.62 MILLIMETER	2001-01-23	138.0	1	Each	sheriff	10	05	00	5891271	not in file	1005-00-589-1271	not in file	not in file	D	1.0	State	not in file	not in file	not in file	not in file	2001Q1
DISP_AllStatesAndTerritories_03312020.xlsx[ALL]	GA	DOOLY COUNTY SHERIFF OFFICE	RIFLE,7.62 MILLIMETER	2001-01-23	138.0	1	Each	sheriff	10	05	00	5891271	not in file	1005-00-589-1271	not in file	not in file	D	1.0	State	not in file	not in file	not in file	not in file	2001Q1
DISP_AllStatesAndTerritories_03312020.xlsx[ALL]	GA	HOUSTON COUNTY SHERIFF'S OFFICE	PISTOL,CALIBER .45,AUTOMATIC	2001-01-22	58.71	1	Each	sheriff	10	05	00	7265655	not in file	1005-00-726-5655	not in file	not in file	D	1.0	State	not in file	not in file	not in file	not in file	2001Q1
DISP_AllStatesAndTerritories_03312020.xlsx[ALL]	GA	LILBURN POLICE DEPT	RIFLE,7.62 MILLIMETER	2001-01-22	138.0	1	Each	police	10	05	00	5891271	not in file	1005-00-589-1271	not in file	not in file	D	1.0	State	not in file	not in file	not in file	not in file	2001Q1
DISP_AllStatesAndTerritories_03312020.xlsx[ALL]	GA	LILBURN POLICE DEPT	RIFLE,7.62 MILLIMETER	2001-01-22	138.0	1	Each	police	10	05	00	5891271	not in file	1005-00-589-1271	not in file	not in file	D	1.0	State	not in file	not in file	not in file	not in file	2001Q1
DISP_AllStatesAndTerritories_03312020.xlsx[ALL]	GA	MANCHESTER POLICE DEPT	RIFLE,7.62 MILLIMETER	2001-03-12	138.0	1	Each	police	10	05	00	5891271	not in file	1005-00-589-1271	not in file	not in file	D	1.0	State	not in file	not in file	not in file	not in file	2001Q1
DISP_AllStatesAndTerritories_03312020.xlsx[ALL]	GA	TWIGGS COUNTY SHERIFF OFFICE	RIFLE,7.62 MILLIMETER	2001-01-23	138.0	1	Each	sheriff	10	05	00	5891271	not in file	1005-00-589-1271	not in file	not in file	D	1.0	State	not in file	not in file	not in file	not in file	2001Q1
DISP_AllStatesAndTerritories_03312020.xlsx[ALL]	IL	DANVERS POLICE DEPT	RIFLE,7.62 MILLIMETER	2001-01-22	138.0	1	Each	police	10	05	00	5891271	not in file	1005-00-589-1271	not in file	not in file	D	1.0	State	not in file	not in file	not in file	not in file	2001Q1
DISP_AllStatesAndTerritories_03312020.xlsx[ALL]	IL	EAST ALTON POLICE DEPT	RIFLE,7.62 MILLIMETER	2001-01-22	138.0	1	Each	police	10	05	00	5891271	not in file	1005-00-589-1271	not in file	not in file	D	1.0	State	not in file	not in file	not in file	not in file	2001Q1
DISP_AllStatesAndTerritories_03312020.xlsx[ALL]	IL	EAST ALTON POLICE DEPT	RIFLE,7.62 MILLIMETER	2001-01-22	138.0	1	Each	police	10	05	00	5891271	not in file	1005-00-589-1271	not in file	not in file	D	1.0	State	not in file	not in file	not in file	not in file	2001Q1
DISP_AllStatesAndTerritories_03312020.xlsx[ALL]	IL	EAST ALTON POLICE DEPT	RIFLE,7.62 MILLIMETER	2001-01-22	138.0	1	Each	police	10	05	00	5891271	not in file	1005-00-589-1271	not in file	not in file	D	1.0	State	not in file	not in file	not in file	not in file	2001Q1
DISP_AllStatesAndTerritories_03312020.xlsx[ALL]	IL	GERMANTOWN POLICE DEPT	RIFLE,7.62 MILLIMETER	2001-02-14	138.0	1	Each	police	10	05	00	5891271	not in file	1005-00-589-1271	not in file	not in file	D	1.0	State	not in file	not in file	not in file	not in file	2001Q1
DISP_AllStatesAndTerritories_03312020.xlsx[ALL]	IL	MARENGO POLICE DEPARTMENT	RIFLE,7.62 MILLIMETER	2001-01-22	138.0	1	Each	police	10	05	00	5891271	not in file	1005-00-589-1271	not in file	not in file	D	1.0	State	not in file	not in file	not in file	not in file	2001Q1
DISP_AllStatesAndTerritories_03312020.xlsx[ALL]	IL	MARENGO POLICE DEPARTMENT	RIFLE,7.62 MILLIMETER	2001-01-22	138.0	1	Each	police	10	05	00	5891271	not in file	1005-00-589-1271	not in file	not in file	D	1.0	State	not in file	not in file	not in file	not in file	2001Q1
DISP_AllStatesAndTerritories_03312020.xlsx[ALL]	IL	MARENGO POLICE DEPARTMENT	RIFLE,7.62 MILLIMETER	2001-01-23	138.0	1	Each	police	10	05	00	5891271	not in file	1005-00-589-1271	not in file	not in file	D	1.0	State	not in file	not in file	not in file	not in file	2001Q1
DISP_AllStatesAndTerritories_03312020.xlsx[ALL]	IL	MARENGO POLICE DEPARTMENT	RIFLE,7.62 MILLIMETER	2001-01-22	138.0	1	Each	police	10	05	00	5891271	not in file	1005-00-589-1271	not in file	not in file	D	1.0	State	not in file	not in file	not in file	not in file	2001Q1
DISP_AllStatesAndTerritories_03312020.xlsx[ALL]	IL	MARENGO POLICE DEPARTMENT	RIFLE,7.62 MILLIMETER	2001-01-23	138.0	1	Each	police	10	05	00	5891271	not in file	1005-00-589-1271	not in file	not in file	D	1.0	State	not in file	not in file	not in file	not in file	2001Q1
DISP_AllStatesAndTerritories_03312020.xlsx[ALL]	IL	MILLEDGEVILLE POLICE DEPT	RIFLE,7.62 MILLIMETER	2001-03-12	138.0	1	Each	police	10	05	00	5891271	not in file	1005-00-589-1271	not in file	not in file	D	1.0	State	not in file	not in file	not in file	not in file	2001Q1
DISP_AllStatesAndTerritories_03312020.xlsx[ALL]	IL	WILLIAMSVILLE POLICE DEPT	RIFLE,7.62 MILLIMETER	2001-01-23	138.0	1	Each	police	10	05	00	5891271	not in file	1005-00-589-1271	not in file	not in file	D	1.0	State	not in file	not in file	not in file	not in file	2001Q1
DISP_AllStatesAndTerritories_03312020.xlsx[ALL]	IN	ALEXANDRIA POLICE DEPTMENT	REVOLVER,CALIBER .38 SPECIAL	2001-02-15	90.5	1	Each	police	10	05	00	9375840	not in file	1005-00-937-5840	not in file	not in file	D		State	not in file	not in file	not in file	not in file	2001Q1
DISP_AllStatesAndTerritories_03312020.xlsx[ALL]	IN	AUBURN POLICE DEPT	TRUCK,UTILITY	2001-02-26	41994.0	1	Each	police	23	20	01	1467189	not in file	2320-01-146-7189	not in file	not in file	C	1.0	State	not in file	not in file	not in file	not in file	2001Q1
DISP_AllStatesAndTerritories_03312020.xlsx[ALL]	IN	AUBURN POLICE DEPT	TRUCK,UTILITY	2001-02-26	39158.0	1	Each	police	23	20	01	1467190	not in file	2320-01-146-7190	not in file	not in file	C	1.0	State	not in file	not in file	not in file	not in file	2001Q1
DISP_AllStatesAndTerritories_03312020.xlsx[ALL]	IN	AUBURN POLICE DEPT	TRUCK,UTILITY	2001-02-26	41994.0	1	Each	police	23	20	01	1467189	not in file	2320-01-146-7189	not in file	not in file	C	1.0	State	not in file	not in file	not in file	not in file	2001Q1
DISP_AllStatesAndTerritories_03312020.xlsx[ALL]	IN	FAIRVIEW PARK POLICE DEPT	REVOLVER,CALIBER .38 SPECIAL	2001-02-15	90.5	1	Each	police	10	05	00	9375840	not in file	1005-00-937-5840	not in file	not in file	D		State	not in file	not in file	not in file	not in file	2001Q1
DISP_AllStatesAndTerritories_03312020.xlsx[ALL]	IN	FAIRVIEW PARK POLICE DEPT	REVOLVER,CALIBER .38 SPECIAL	2001-02-15	90.5	1	Each	police	10	05	00	9375840	not in file	1005-00-937-5840	not in file	not in file	D		State	not in file	not in file	not in file	not in file	2001Q1
DISP_AllStatesAndTerritories_03312020.xlsx[ALL]	IN	GENEVA POLICE DEPT	PISTOL,CALIBER .45,AUTOMATIC	2001-02-14	58.71	1	Each	police	10	05	00	7265655	not in file	1005-00-726-5655	not in file	not in file	D	1.0	State	not in file	not in file	not in file	not in file	2001Q1
DISP_AllStatesAndTerritories_03312020.xlsx[ALL]	IN	GENEVA POLICE DEPT	PISTOL,CALIBER .45,AUTOMATIC	2001-02-14	58.71	1	Each	police	10	05	00	7265655	not in file	1005-00-726-5655	not in file	not in file	D	1.0	State	not in file	not in file	not in file	not in file	2001Q1
DISP_AllStatesAndTerritories_03312020.xlsx[ALL]	IN	GENEVA POLICE DEPT	PISTOL,CALIBER .45,AUTOMATIC	2001-02-14	58.71	1	Each	police	10	05	00	7265655	not in file	1005-00-726-5655	not in file	not in file	D	1.0	State	not in file	not in file	not in file	not in file	2001Q1
DISP_AllStatesAndTerritories_03312020.xlsx[ALL]	IN	GENEVA POLICE DEPT	PISTOL,CALIBER .45,AUTOMATIC	2001-02-14	58.71	1	Each	police	10	05	00	7265655	not in file	1005-00-726-5655	not in file	not in file	D	1.0	State	not in file	not in file	not in file	not in file	2001Q1
DISP_AllStatesAndTerritories_03312020.xlsx[ALL]	IN	JOHNSON CO LE PROSECUTERS OFFICE	RIFLE,7.62 MILLIMETER	2001-01-22	138.0	1	Each	district attorney	10	05	00	5891271	not in file	1005-00-589-1271	not in file	not in file	D	1.0	State	not in file	not in file	not in file	not in file	2001Q1
DISP_AllStatesAndTerritories_03312020.xlsx[ALL]	IN	LAKEVILLE POLICE DEPT	REVOLVER,CALIBER .38 SPECIAL	2001-02-15	90.5	1	Each	police	10	05	00	9375840	not in file	1005-00-937-5840	not in file	not in file	D		State	not in file	not in file	not in file	not in file	2001Q1
DISP_AllStatesAndTerritories_03312020.xlsx[ALL]	IN	LAKEVILLE POLICE DEPT	REVOLVER,CALIBER .38 SPECIAL	2001-02-15	90.5	1	Each	police	10	05	00	9375840	not in file	1005-00-937-5840	not in file	not in file	D		State	not in file	not in file	not in file	not in file	2001Q1
DISP_AllStatesAndTerritories_03312020.xlsx[ALL]	IN	ORESTES POLICE DEPT	REVOLVER,CALIBER .38 SPECIAL	2001-02-15	90.5	1	Each	police	10	05	00	9375840	not in file	1005-00-937-5840	not in file	not in file	D		State	not in file	not in file	not in file	not in file	2001Q1
DISP_AllStatesAndTerritories_03312020.xlsx[ALL]	IN	PITTSBORO POLICE DEPARTMENT	REVOLVER,CALIBER .38 SPECIAL	2001-02-15	90.5	1	Each	police	10	05	00	9375840	not in file	1005-00-937-5840	not in file	not in file	D		State	not in file	not in file	not in file	not in file	2001Q1
DISP_AllStatesAndTerritories_03312020.xlsx[ALL]	IN	PITTSBORO POLICE DEPARTMENT	REVOLVER,CALIBER .38 SPECIAL	2001-02-15	90.5	1	Each	police	10	05	00	9375840	not in file	1005-00-937-5840	not in file	not in file	D		State	not in file	not in file	not in file	not in file	2001Q1
DISP_AllStatesAndTerritories_03312020.xlsx[ALL]	IN	YORKTOWN POLICE DEPT	PISTOL,CALIBER .45,AUTOMATIC	2001-02-14	58.71	1	Each	police	10	05	00	7265655	not in file	1005-00-726-5655	not in file	not in file	D	1.0	State	not in file	not in file	not in file	not in file	2001Q1
DISP_AllStatesAndTerritories_03312020.xlsx[ALL]	IN	YORKTOWN POLICE DEPT	PISTOL,CALIBER .45,AUTOMATIC	2001-02-14	58.71	1	Each	police	10	05	00	7265655	not in file	1005-00-726-5655	not in file	not in file	D	1.0	State	not in file	not in file	not in file	not in file	2001Q1
DISP_AllStatesAndTerritories_03312020.xlsx[ALL]	IN	YORKTOWN POLICE DEPT	PISTOL,CALIBER .45,AUTOMATIC	2001-02-14	58.71	1	Each	police	10	05	00	7265655	not in file	1005-00-726-5655	not in file	not in file	D	1.0	State	not in file	not in file	not in file	not in file	2001Q1
DISP_AllStatesAndTerritories_03312020.xlsx[ALL]	IN	YORKTOWN POLICE DEPT	PISTOL,CALIBER .45,AUTOMATIC	2001-02-14	58.71	1	Each	police	10	05	00	7265655	not in file	1005-00-726-5655	not in file	not in file	D	1.0	State	not in file	not in file	not in file	not in file	2001Q1
DISP_AllStatesAndTerritories_03312020.xlsx[ALL]	IN	YORKTOWN POLICE DEPT	PISTOL,CALIBER .45,AUTOMATIC	2001-02-14	58.71	1	Each	police	10	05	00	7265655	not in file	1005-00-726-5655	not in file	not in file	D	1.0	State	not in file	not in file	not in file	not in file	2001Q1
DISP_AllStatesAndTerritories_03312020.xlsx[ALL]	IN	YORKTOWN POLICE DEPT	PISTOL,CALIBER .45,AUTOMATIC	2001-02-14	58.71	1	Each	police	10	05	00	7265655	not in file	1005-00-726-5655	not in file	not in file	D	1.0	State	not in file	not in file	not in file	not in file	2001Q1
DISP_AllStatesAndTerritories_03312020.xlsx[ALL]	IN	YORKTOWN POLICE DEPT	PISTOL,CALIBER .45,AUTOMATIC	2001-02-14	58.71	1	Each	police	10	05	00	7265655	not in file	1005-00-726-5655	not in file	not in file	D	1.0	State	not in file	not in file	not in file	not in file	2001Q1
DISP_AllStatesAndTerritories_03312020.xlsx[ALL]	IN	YORKTOWN POLICE DEPT	PISTOL,CALIBER .45,AUTOMATIC	2001-02-14	58.71	1	Each	police	10	05	00	7265655	not in file	1005-00-726-5655	not in file	not in file	D	1.0	State	not in file	not in file	not in file	not in file	2001Q1
DISP_AllStatesAndTerritories_03312020.xlsx[ALL]	IN	YORKTOWN POLICE DEPT	PISTOL,CALIBER .45,AUTOMATIC	2001-02-14	58.71	1	Each	police	10	05	00	7265655	not in file	1005-00-726-5655	not in file	not in file	D	1.0	State	not in file	not in file	not in file	not in file	2001Q1
DISP_AllStatesAndTerritories_03312020.xlsx[ALL]	IN	YORKTOWN POLICE DEPT	PISTOL,CALIBER .45,AUTOMATIC	2001-02-14	58.71	1	Each	police	10	05	00	7265655	not in file	1005-00-726-5655	not in file	not in file	D	1.0	State	not in file	not in file	not in file	not in file	2001Q1
DISP_AllStatesAndTerritories_03312020.xlsx[ALL]	KY	JEFFERSON COUNTY SHERIFF OFFICE	RIFLE,7.62 MILLIMETER	2001-03-12	138.0	1	Each	sheriff	10	05	00	5891271	not in file	1005-00-589-1271	not in file	not in file	D	1.0	State	not in file	not in file	not in file	not in file	2001Q1
DISP_AllStatesAndTerritories_03312020.xlsx[ALL]	KY	JEFFERSON COUNTY SHERIFF OFFICE	RIFLE,7.62 MILLIMETER	2001-03-12	138.0	1	Each	sheriff	10	05	00	5891271	not in file	1005-00-589-1271	not in file	not in file	D	1.0	State	not in file	not in file	not in file	not in file	2001Q1
DISP_AllStatesAndTerritories_03312020.xlsx[ALL]	KY	JEFFERSON COUNTY SHERIFF OFFICE	RIFLE,7.62 MILLIMETER	2001-03-12	138.0	1	Each	sheriff	10	05	00	5891271	not in file	1005-00-589-1271	not in file	not in file	D	1.0	State	not in file	not in file	not in file	not in file	2001Q1
DISP_AllStatesAndTerritories_03312020.xlsx[ALL]	KY	JEFFERSON COUNTY SHERIFF OFFICE	RIFLE,7.62 MILLIMETER	2001-03-12	138.0	1	Each	sheriff	10	05	00	5891271	not in file	1005-00-589-1271	not in file	not in file	D	1.0	State	not in file	not in file	not in file	not in file	2001Q1
DISP_AllStatesAndTerritories_03312020.xlsx[ALL]	KY	JEFFERSON COUNTY SHERIFF OFFICE	RIFLE,7.62 MILLIMETER	2001-03-12	138.0	1	Each	sheriff	10	05	00	5891271	not in file	1005-00-589-1271	not in file	not in file	D	1.0	State	not in file	not in file	not in file	not in file	2001Q1
DISP_AllStatesAndTerritories_03312020.xlsx[ALL]	KY	JEFFERSON COUNTY SHERIFF OFFICE	RIFLE,7.62 MILLIMETER	2001-03-12	138.0	1	Each	sheriff	10	05	00	5891271	not in file	1005-00-589-1271	not in file	not in file	D	1.0	State	not in file	not in file	not in file	not in file	2001Q1
DISP_AllStatesAndTerritories_03312020.xlsx[ALL]	KY	JEFFERSON COUNTY SHERIFF OFFICE	RIFLE,7.62 MILLIMETER	2001-03-12	138.0	1	Each	sheriff	10	05	00	5891271	not in file	1005-00-589-1271	not in file	not in file	D	1.0	State	not in file	not in file	not in file	not in file	2001Q1
DISP_AllStatesAndTerritories_03312020.xlsx[ALL]	KY	JEFFERSON COUNTY SHERIFF OFFICE	RIFLE,7.62 MILLIMETER	2001-03-12	138.0	1	Each	sheriff	10	05	00	5891271	not in file	1005-00-589-1271	not in file	not in file	D	1.0	State	not in file	not in file	not in file	not in file	2001Q1
DISP_AllStatesAndTerritories_03312020.xlsx[ALL]	KY	JEFFERSON COUNTY SHERIFF OFFICE	RIFLE,7.62 MILLIMETER	2001-03-12	138.0	1	Each	sheriff	10	05	00	5891271	not in file	1005-00-589-1271	not in file	not in file	D	1.0	State	not in file	not in file	not in file	not in file	2001Q1
DISP_AllStatesAndTerritories_03312020.xlsx[ALL]	KY	JEFFERSON COUNTY SHERIFF OFFICE	RIFLE,7.62 MILLIMETER	2001-03-12	138.0	1	Each	sheriff	10	05	00	5891271	not in file	1005-00-589-1271	not in file	not in file	D	1.0	State	not in file	not in file	not in file	not in file	2001Q1
DISP_AllStatesAndTerritories_03312020.xlsx[ALL]	KY	JEFFERSON COUNTY SHERIFF OFFICE	RIFLE,7.62 MILLIMETER	2001-03-12	138.0	1	Each	sheriff	10	05	00	5891271	not in file	1005-00-589-1271	not in file	not in file	D	1.0	State	not in file	not in file	not in file	not in file	2001Q1
DISP_AllStatesAndTerritories_03312020.xlsx[ALL]	KY	JEFFERSON COUNTY SHERIFF OFFICE	RIFLE,7.62 MILLIMETER	2001-03-12	138.0	1	Each	sheriff	10	05	00	5891271	not in file	1005-00-589-1271	not in file	not in file	D	1.0	State	not in file	not in file	not in file	not in file	2001Q1
DISP_AllStatesAndTerritories_03312020.xlsx[ALL]	KY	JEFFERSON COUNTY SHERIFF OFFICE	RIFLE,7.62 MILLIMETER	2001-03-12	138.0	1	Each	sheriff	10	05	00	5891271	not in file	1005-00-589-1271	not in file	not in file	D	1.0	State	not in file	not in file	not in file	not in file	2001Q1
DISP_AllStatesAndTerritories_03312020.xlsx[ALL]	KY	JEFFERSON COUNTY SHERIFF OFFICE	RIFLE,7.62 MILLIMETER	2001-03-12	138.0	1	Each	sheriff	10	05	00	5891271	not in file	1005-00-589-1271	not in file	not in file	D	1.0	State	not in file	not in file	not in file	not in file	2001Q1
DISP_AllStatesAndTerritories_03312020.xlsx[ALL]	KY	JEFFERSON COUNTY SHERIFF OFFICE	RIFLE,7.62 MILLIMETER	2001-03-12	138.0	1	Each	sheriff	10	05	00	5891271	not in file	1005-00-589-1271	not in file	not in file	D	1.0	State	not in file	not in file	not in file	not in file	2001Q1
DISP_AllStatesAndTerritories_03312020.xlsx[ALL]	MA	BROOKFIELD POLICE DEPT	RIFLE,7.62 MILLIMETER	2001-02-14	138.0	1	Each	police	10	05	00	5891271	not in file	1005-00-589-1271	not in file	not in file	D	1.0	State	not in file	not in file	not in file	not in file	2001Q1
DISP_AllStatesAndTerritories_03312020.xlsx[ALL]	MA	BROOKFIELD POLICE DEPT	RIFLE,7.62 MILLIMETER	2001-02-14	138.0	1	Each	police	10	05	00	5891271	not in file	1005-00-589-1271	not in file	not in file	D	1.0	State	not in file	not in file	not in file	not in file	2001Q1
DISP_AllStatesAndTerritories_03312020.xlsx[ALL]	MA	GOSHEN POLICE DEPT	RIFLE,7.62 MILLIMETER	2001-03-13	138.0	1	Each	police	10	05	00	5891271	not in file	1005-00-589-1271	not in file	not in file	D	1.0	State	not in file	not in file	not in file	not in file	2001Q1
DISP_AllStatesAndTerritories_03312020.xlsx[ALL]	MA	WALPOLE POLICE DEPT	RIFLE,7.62 MILLIMETER	2001-02-14	138.0	1	Each	police	10	05	00	5891271	not in file	1005-00-589-1271	not in file	not in file	D	1.0	State	not in file	not in file	not in file	not in file	2001Q1
DISP_AllStatesAndTerritories_03312020.xlsx[ALL]	MA	WALPOLE POLICE DEPT	RIFLE,7.62 MILLIMETER	2001-02-14	138.0	1	Each	police	10	05	00	5891271	not in file	1005-00-589-1271	not in file	not in file	D	1.0	State	not in file	not in file	not in file	not in file	2001Q1
DISP_AllStatesAndTerritories_03312020.xlsx[ALL]	MA	WALPOLE POLICE DEPT	RIFLE,7.62 MILLIMETER	2001-02-14	138.0	1	Each	police	10	05	00	5891271	not in file	1005-00-589-1271	not in file	not in file	D	1.0	State	not in file	not in file	not in file	not in file	2001Q1
DISP_AllStatesAndTerritories_03312020.xlsx[ALL]	MA	WALPOLE POLICE DEPT	RIFLE,7.62 MILLIMETER	2001-02-14	138.0	1	Each	police	10	05	00	5891271	not in file	1005-00-589-1271	not in file	not in file	D	1.0	State	not in file	not in file	not in file	not in file	2001Q1
DISP_AllStatesAndTerritories_03312020.xlsx[ALL]	MI	FERNDALE POLICE DEPT	RIFLE,7.62 MILLIMETER	2001-01-23	138.0	1	Each	police	10	05	00	5891271	not in file	1005-00-589-1271	not in file	not in file	D	1.0	State	not in file	not in file	not in file	not in file	2001Q1
DISP_AllStatesAndTerritories_03312020.xlsx[ALL]	MI	FERNDALE POLICE DEPT	RIFLE,7.62 MILLIMETER	2001-01-23	138.0	1	Each	police	10	05	00	5891271	not in file	1005-00-589-1271	not in file	not in file	D	1.0	State	not in file	not in file	not in file	not in file	2001Q1
DISP_AllStatesAndTerritories_03312020.xlsx[ALL]	MI	FERNDALE POLICE DEPT	RIFLE,7.62 MILLIMETER	2001-01-23	138.0	1	Each	police	10	05	00	5891271	not in file	1005-00-589-1271	not in file	not in file	D	1.0	State	not in file	not in file	not in file	not in file	2001Q1
DISP_AllStatesAndTerritories_03312020.xlsx[ALL]	MI	FERNDALE POLICE DEPT	RIFLE,7.62 MILLIMETER	2001-01-23	138.0	1	Each	police	10	05	00	5891271	not in file	1005-00-589-1271	not in file	not in file	D	1.0	State	not in file	not in file	not in file	not in file	2001Q1
DISP_AllStatesAndTerritories_03312020.xlsx[ALL]	MI	FERNDALE POLICE DEPT	RIFLE,7.62 MILLIMETER	2001-01-23	138.0	1	Each	police	10	05	00	5891271	not in file	1005-00-589-1271	not in file	not in file	D	1.0	State	not in file	not in file	not in file	not in file	2001Q1
DISP_AllStatesAndTerritories_03312020.xlsx[ALL]	MI	FERNDALE POLICE DEPT	RIFLE,7.62 MILLIMETER	2001-01-22	138.0	1	Each	police	10	05	00	5891271	not in file	1005-00-589-1271	not in file	not in file	D	1.0	State	not in file	not in file	not in file	not in file	2001Q1
DISP_AllStatesAndTerritories_03312020.xlsx[ALL]	MI	FERNDALE POLICE DEPT	RIFLE,7.62 MILLIMETER	2001-01-22	138.0	1	Each	police	10	05	00	5891271	not in file	1005-00-589-1271	not in file	not in file	D	1.0	State	not in file	not in file	not in file	not in file	2001Q1
DISP_AllStatesAndTerritories_03312020.xlsx[ALL]	MI	FERNDALE POLICE DEPT	RIFLE,7.62 MILLIMETER	2001-01-23	138.0	1	Each	police	10	05	00	5891271	not in file	1005-00-589-1271	not in file	not in file	D	1.0	State	not in file	not in file	not in file	not in file	2001Q1
DISP_AllStatesAndTerritories_03312020.xlsx[ALL]	MI	FERNDALE POLICE DEPT	RIFLE,7.62 MILLIMETER	2001-01-22	138.0	1	Each	police	10	05	00	5891271	not in file	1005-00-589-1271	not in file	not in file	D	1.0	State	not in file	not in file	not in file	not in file	2001Q1
DISP_AllStatesAndTerritories_03312020.xlsx[ALL]	MI	FERNDALE POLICE DEPT	RIFLE,7.62 MILLIMETER	2001-01-22	138.0	1	Each	police	10	05	00	5891271	not in file	1005-00-589-1271	not in file	not in file	D	1.0	State	not in file	not in file	not in file	not in file	2001Q1
DISP_AllStatesAndTerritories_03312020.xlsx[ALL]	MN	JANESVILLE POLICE DEPT	RIFLE,7.62 MILLIMETER	2001-01-22	138.0	1	Each	police	10	05	00	5891271	not in file	1005-00-589-1271	not in file	not in file	D	1.0	State	not in file	not in file	not in file	not in file	2001Q1
DISP_AllStatesAndTerritories_03312020.xlsx[ALL]	MO	DESLOGE POLICE DEPT	VIEWER,NIGHT VISION	2001-02-06	4105.0	1	Each	police	58	55	00	1501820	not in file	5855-00-150-1820	not in file	not in file	F	1.0	State	not in file	not in file	not in file	not in file	2001Q1
DISP_AllStatesAndTerritories_03312020.xlsx[ALL]	MO	DESLOGE POLICE DEPT	VIEWER,NIGHT VISION	2001-02-06	4105.0	1	Each	police	58	55	00	1501820	not in file	5855-00-150-1820	not in file	not in file	F	1.0	State	not in file	not in file	not in file	not in file	2001Q1
DISP_AllStatesAndTerritories_03312020.xlsx[ALL]	MO	SHANNON COUNTY SHERIFF OFFICE	VIEWER,NIGHT VISION	2001-02-06	4105.0	1	Each	sheriff	58	55	00	1501820	not in file	5855-00-150-1820	not in file	not in file	F	1.0	State	not in file	not in file	not in file	not in file	2001Q1
DISP_AllStatesAndTerritories_03312020.xlsx[ALL]	MO	SHANNON COUNTY SHERIFF OFFICE	VIEWER,NIGHT VISION	2001-02-06	4105.0	1	Each	sheriff	58	55	00	1501820	not in file	5855-00-150-1820	not in file	not in file	F	1.0	State	not in file	not in file	not in file	not in file	2001Q1
DISP_AllStatesAndTerritories_03312020.xlsx[ALL]	MO	SHANNON COUNTY SHERIFF OFFICE	VIEWER,NIGHT VISION	2001-02-06	4105.0	1	Each	sheriff	58	55	00	1501820	not in file	5855-00-150-1820	not in file	not in file	F	1.0	State	not in file	not in file	not in file	not in file	2001Q1
DISP_AllStatesAndTerritories_03312020.xlsx[ALL]	NV	DEPT OF WILDLIFE	VIEWER,NIGHT VISION	2001-02-06	4105.0	1	Each	other	58	55	00	1501820	not in file	5855-00-150-1820	not in file	not in file	F	1.0	State	not in file	not in file	not in file	not in file	2001Q1
DISP_AllStatesAndTerritories_03312020.xlsx[ALL]	NV	DEPT OF WILDLIFE	VIEWER,NIGHT VISION	2001-02-06	4105.0	1	Each	other	58	55	00	1501820	not in file	5855-00-150-1820	not in file	not in file	F	1.0	State	not in file	not in file	not in file	not in file	2001Q1
DISP_AllStatesAndTerritories_03312020.xlsx[ALL]	NV	WASHOE COUNTY SHERIFF DEPT	NIGHT VISION SIGHT	2001-02-20	4379.62	1	Each	sheriff	58	55	01	0202211	not in file	5855-01-020-2211	not in file	not in file	F	1.0	State	not in file	not in file	not in file	not in file	2001Q1
DISP_AllStatesAndTerritories_03312020.xlsx[ALL]	NV	WASHOE COUNTY SHERIFF DEPT	NIGHT VISION SIGHT ASSEMBLY	2001-01-17	3207.0	1	Each	sheriff	58	55	01	0177366	not in file	5855-01-017-7366	not in file	not in file	F	1.0	State	not in file	not in file	not in file	not in file	2001Q1
DISP_AllStatesAndTerritories_03312020.xlsx[ALL]	NM	CATRON COUNTY SHERIFF OFFICE	RIFLE,7.62 MILLIMETER	2001-01-23	138.0	1	Each	sheriff	10	05	00	5891271	not in file	1005-00-589-1271	not in file	not in file	D	1.0	State	not in file	not in file	not in file	not in file	2001Q1
DISP_AllStatesAndTerritories_03312020.xlsx[ALL]	NM	CATRON COUNTY SHERIFF OFFICE	RIFLE,7.62 MILLIMETER	2001-01-23	138.0	1	Each	sheriff	10	05	00	5891271	not in file	1005-00-589-1271	not in file	not in file	D	1.0	State	not in file	not in file	not in file	not in file	2001Q1
DISP_AllStatesAndTerritories_03312020.xlsx[ALL]	NC	GASTONIA CITY POLICE DEPT	ONLY COMPLETE COMBAT/ASSAULT/TACTICAL WHEELED VEHICLES	2001-03-13	138000.0	1	Each	police	23	55	DS	COMBTV2	not in file	2355-DS-COM-BTV2	not in file	not in file	D		State	not in file	not in file	not in file	not in file	2001Q1
DISP_AllStatesAndTerritories_03312020.xlsx[ALL]	OH	BELMONT COUNTY SHERIFF'S OFFICE	RIFLE,7.62 MILLIMETER	2001-02-14	138.0	1	Each	sheriff	10	05	00	5891271	not in file	1005-00-589-1271	not in file	not in file	D	1.0	State	not in file	not in file	not in file	not in file	2001Q1
DISP_AllStatesAndTerritories_03312020.xlsx[ALL]	OK	LAWTON POLICE DEPT	ONLY COMPLETE COMBAT/ASSAULT/TACTICAL WHEELED VEHICLES	2001-02-21	138000.0	1	Each	police	23	55	DS	COMBTV2	not in file	2355-DS-COM-BTV2	not in file	not in file	D		State	not in file	not in file	not in file	not in file	2001Q1
DISP_AllStatesAndTerritories_03312020.xlsx[ALL]	TN	GRAINGER COUNTY SHERIFF DEPT	ONLY COMPLETE COMBAT/ASSAULT/TACTICAL WHEELED VEHICLES	2001-02-12	138000.0	1	Each	sheriff	23	55	DS	COMBTV2	not in file	2355-DS-COM-BTV2	not in file	not in file	D		State	not in file	not in file	not in file	not in file	2001Q1
DISP_AllStatesAndTerritories_03312020.xlsx[ALL]	TN	KNOX COUNTY SHERIFF'S OFFICE	RIFLE,7.62 MILLIMETER	2001-01-23	138.0	1	Each	sheriff	10	05	00	5891271	not in file	1005-00-589-1271	not in file	not in file	D	1.0	State	not in file	not in file	not in file	not in file	2001Q1
DISP_AllStatesAndTerritories_03312020.xlsx[ALL]	TN	PERRY COUNTY SHERIFF'S OFFICE	RIFLE,5.56 MILLIMETER	2001-03-22	499.0	1	Each	sheriff	10	05	00	0739421	not in file	1005-00-073-9421	not in file	not in file	D	1.0	State	not in file	not in file	not in file	not in file	2001Q1
DISP_AllStatesAndTerritories_03312020.xlsx[ALL]	TX	DALLAM COUNTY SHERIFF'S OFFICE	RIFLE,7.62 MILLIMETER	2001-01-19	138.0	1	Each	sheriff	10	05	00	5891271	not in file	1005-00-589-1271	not in file	not in file	D	1.0	State	not in file	not in file	not in file	not in file	2001Q1
DISP_AllStatesAndTerritories_03312020.xlsx[ALL]	TX	DALLAM COUNTY SHERIFF'S OFFICE	RIFLE,7.62 MILLIMETER	2001-01-19	138.0	1	Each	sheriff	10	05	00	5891271	not in file	1005-00-589-1271	not in file	not in file	D	1.0	State	not in file	not in file	not in file	not in file	2001Q1
DISP_AllStatesAndTerritories_03312020.xlsx[ALL]	TX	DALLAM COUNTY SHERIFF'S OFFICE	RIFLE,7.62 MILLIMETER	2001-01-19	138.0	1	Each	sheriff	10	05	00	5891271	not in file	1005-00-589-1271	not in file	not in file	D	1.0	State	not in file	not in file	not in file	not in file	2001Q1
DISP_AllStatesAndTerritories_03312020.xlsx[ALL]	TX	DPS AIRCRAFT OPERATIONS	RIFLE,7.62 MILLIMETER	2001-01-19	138.0	1	Each	other	10	05	00	5891271	not in file	1005-00-589-1271	not in file	not in file	D	1.0	State	not in file	not in file	not in file	not in file	2001Q1
DISP_AllStatesAndTerritories_03312020.xlsx[ALL]	TX	DPS AIRCRAFT OPERATIONS	RIFLE,7.62 MILLIMETER	2001-01-19	138.0	1	Each	other	10	05	00	5891271	not in file	1005-00-589-1271	not in file	not in file	D	1.0	State	not in file	not in file	not in file	not in file	2001Q1
DISP_AllStatesAndTerritories_03312020.xlsx[ALL]	TX	DPS AIRCRAFT OPERATIONS	RIFLE,7.62 MILLIMETER	2001-01-19	138.0	1	Each	other	10	05	00	5891271	not in file	1005-00-589-1271	not in file	not in file	D	1.0	State	not in file	not in file	not in file	not in file	2001Q1
DISP_AllStatesAndTerritories_03312020.xlsx[ALL]	TX	DPS SWAT- TEXAS RANGERS	RIFLE,7.62 MILLIMETER	2001-01-19	138.0	1	Each	other	10	05	00	5891271	not in file	1005-00-589-1271	not in file	not in file	D	1.0	State	not in file	not in file	not in file	not in file	2001Q1
DISP_AllStatesAndTerritories_03312020.xlsx[ALL]	TX	HARRIS CO CONSTABLE PRECINCT 7	RIFLE,7.62 MILLIMETER	2001-01-19	138.0	1	Each	police	10	05	00	5891271	not in file	1005-00-589-1271	not in file	not in file	D	1.0	State	not in file	not in file	not in file	not in file	2001Q1
DISP_AllStatesAndTerritories_03312020.xlsx[ALL]	TX	HARRIS CO CONSTABLE PRECINCT 7	RIFLE,7.62 MILLIMETER	2001-01-19	138.0	1	Each	police	10	05	00	5891271	not in file	1005-00-589-1271	not in file	not in file	D	1.0	State	not in file	not in file	not in file	not in file	2001Q1
DISP_AllStatesAndTerritories_03312020.xlsx[ALL]	TX	HARRIS CO CONSTABLE PRECINCT 7	PISTOL,CALIBER .45,AUTOMATIC	2001-01-18	58.71	1	Each	police	10	05	00	7265655	not in file	1005-00-726-5655	not in file	not in file	D	1.0	State	not in file	not in file	not in file	not in file	2001Q1
DISP_AllStatesAndTerritories_03312020.xlsx[ALL]	TX	HARRIS CO CONSTABLE PRECINCT 7	RIFLE,7.62 MILLIMETER	2001-01-19	138.0	1	Each	police	10	05	00	5891271	not in file	1005-00-589-1271	not in file	not in file	D	1.0	State	not in file	not in file	not in file	not in file	2001Q1
DISP_AllStatesAndTerritories_03312020.xlsx[ALL]	TX	HARRIS CO CONSTABLE PRECINCT 7	RIFLE,7.62 MILLIMETER	2001-01-19	138.0	1	Each	police	10	05	00	5891271	not in file	1005-00-589-1271	not in file	not in file	D	1.0	State	not in file	not in file	not in file	not in file	2001Q1
DISP_AllStatesAndTerritories_03312020.xlsx[ALL]	TX	HARRIS CO CONSTABLE PRECINCT 7	PISTOL,CALIBER .45,AUTOMATIC	2001-01-18	58.71	1	Each	police	10	05	00	7265655	not in file	1005-00-726-5655	not in file	not in file	D	1.0	State	not in file	not in file	not in file	not in file	2001Q1
DISP_AllStatesAndTerritories_03312020.xlsx[ALL]	TX	HARRIS CO CONSTABLE PRECINCT 7	PISTOL,CALIBER .45,AUTOMATIC	2001-01-18	58.71	1	Each	police	10	05	00	7265655	not in file	1005-00-726-5655	not in file	not in file	D	1.0	State	not in file	not in file	not in file	not in file	2001Q1
DISP_AllStatesAndTerritories_03312020.xlsx[ALL]	TX	HARRIS CO CONSTABLE PRECINCT 7	PISTOL,CALIBER .45,AUTOMATIC	2001-01-18	58.71	1	Each	police	10	05	00	7265655	not in file	1005-00-726-5655	not in file	not in file	D	1.0	State	not in file	not in file	not in file	not in file	2001Q1
DISP_AllStatesAndTerritories_03312020.xlsx[ALL]	TX	HARRIS CO CONSTABLE PRECINCT 7	PISTOL,CALIBER .45,AUTOMATIC	2001-01-18	58.71	1	Each	police	10	05	00	7265655	not in file	1005-00-726-5655	not in file	not in file	D	1.0	State	not in file	not in file	not in file	not in file	2001Q1
DISP_AllStatesAndTerritories_03312020.xlsx[ALL]	TX	HARRIS CO CONSTABLE PRECINCT 7	RIFLE,7.62 MILLIMETER	2001-01-19	138.0	1	Each	police	10	05	00	5891271	not in file	1005-00-589-1271	not in file	not in file	D	1.0	State	not in file	not in file	not in file	not in file	2001Q1
DISP_AllStatesAndTerritories_03312020.xlsx[ALL]	TX	HILL COUNTY SHERIFF'S OFFICE	RIFLE,7.62 MILLIMETER	2001-01-18	138.0	1	Each	sheriff	10	05	00	5891271	not in file	1005-00-589-1271	not in file	not in file	D	1.0	State	not in file	not in file	not in file	not in file	2001Q1
DISP_AllStatesAndTerritories_03312020.xlsx[ALL]	TX	HILL COUNTY SHERIFF'S OFFICE	RIFLE,7.62 MILLIMETER	2001-01-18	138.0	1	Each	sheriff	10	05	00	5891271	not in file	1005-00-589-1271	not in file	not in file	D	1.0	State	not in file	not in file	not in file	not in file	2001Q1
DISP_AllStatesAndTerritories_03312020.xlsx[ALL]	TX	HILL COUNTY SHERIFF'S OFFICE	RIFLE,7.62 MILLIMETER	2001-01-18	138.0	1	Each	sheriff	10	05	00	5891271	not in file	1005-00-589-1271	not in file	not in file	D	1.0	State	not in file	not in file	not in file	not in file	2001Q1
DISP_AllStatesAndTerritories_03312020.xlsx[ALL]	TX	HILL COUNTY SHERIFF'S OFFICE	RIFLE,7.62 MILLIMETER	2001-01-18	138.0	1	Each	sheriff	10	05	00	5891271	not in file	1005-00-589-1271	not in file	not in file	D	1.0	State	not in file	not in file	not in file	not in file	2001Q1
DISP_AllStatesAndTerritories_03312020.xlsx[ALL]	TX	LA COSTE POLICE DEPT	RIFLE,7.62 MILLIMETER	2001-01-19	138.0	1	Each	police	10	05	00	5891271	not in file	1005-00-589-1271	not in file	not in file	D	1.0	State	not in file	not in file	not in file	not in file	2001Q1
DISP_AllStatesAndTerritories_03312020.xlsx[ALL]	TX	LA COSTE POLICE DEPT	RIFLE,7.62 MILLIMETER	2001-01-19	138.0	1	Each	police	10	05	00	5891271	not in file	1005-00-589-1271	not in file	not in file	D	1.0	State	not in file	not in file	not in file	not in file	2001Q1
DISP_AllStatesAndTerritories_03312020.xlsx[ALL]	TX	LA COSTE POLICE DEPT	RIFLE,7.62 MILLIMETER	2001-01-19	138.0	1	Each	police	10	05	00	5891271	not in file	1005-00-589-1271	not in file	not in file	D	1.0	State	not in file	not in file	not in file	not in file	2001Q1
DISP_AllStatesAndTerritories_03312020.xlsx[ALL]	WA	KLICKITAT COUNTY SHERIFF DEPT	RIFLE,7.62 MILLIMETER	2001-03-13	138.0	1	Each	sheriff	10	05	00	5891271	not in file	1005-00-589-1271	not in file	not in file	D	1.0	State	not in file	not in file	not in file	not in file	2001Q1
DISP_AllStatesAndTerritories_03312020.xlsx[ALL]	WA	KLICKITAT COUNTY SHERIFF DEPT	RIFLE,7.62 MILLIMETER	2001-03-13	138.0	1	Each	sheriff	10	05	00	5891271	not in file	1005-00-589-1271	not in file	not in file	D	1.0	State	not in file	not in file	not in file	not in file	2001Q1
DISP_AllStatesAndTerritories_03312020.xlsx[ALL]	WA	KLICKITAT COUNTY SHERIFF DEPT	RIFLE,7.62 MILLIMETER	2001-03-13	138.0	1	Each	sheriff	10	05	00	5891271	not in file	1005-00-589-1271	not in file	not in file	D	1.0	State	not in file	not in file	not in file	not in file	2001Q1
DISP_AllStatesAndTerritories_03312020.xlsx[ALL]	WA	KLICKITAT COUNTY SHERIFF DEPT	RIFLE,7.62 MILLIMETER	2001-03-13	138.0	1	Each	sheriff	10	05	00	5891271	not in file	1005-00-589-1271	not in file	not in file	D	1.0	State	not in file	not in file	not in file	not in file	2001Q1
DISP_AllStatesAndTerritories_03312020.xlsx[ALL]	WA	KLICKITAT COUNTY SHERIFF DEPT	RIFLE,7.62 MILLIMETER	2001-03-13	138.0	1	Each	sheriff	10	05	00	5891271	not in file	1005-00-589-1271	not in file	not in file	D	1.0	State	not in file	not in file	not in file	not in file	2001Q1
DISP_AllStatesAndTerritories_03312020.xlsx[ALL]	WI	BROWN COUNTY SHERIFF'S OFFICE	RIFLE,7.62 MILLIMETER	2001-03-13	138.0	1	Each	sheriff	10	05	00	5891271	not in file	1005-00-589-1271	not in file	not in file	D	1.0	State	not in file	not in file	not in file	not in file	2001Q1
DISP_AllStatesAndTerritories_03312020.xlsx[ALL]	WI	BROWN COUNTY SHERIFF'S OFFICE	RIFLE,7.62 MILLIMETER	2001-03-13	138.0	1	Each	sheriff	10	05	00	5891271	not in file	1005-00-589-1271	not in file	not in file	D	1.0	State	not in file	not in file	not in file	not in file	2001Q1
DISP_AllStatesAndTerritories_03312020.xlsx[ALL]	WI	BROWN COUNTY SHERIFF'S OFFICE	RIFLE,7.62 MILLIMETER	2001-03-13	138.0	1	Each	sheriff	10	05	00	5891271	not in file	1005-00-589-1271	not in file	not in file	D	1.0	State	not in file	not in file	not in file	not in file	2001Q1
DISP_AllStatesAndTerritories_03312020.xlsx[ALL]	WI	BROWN COUNTY SHERIFF'S OFFICE	RIFLE,7.62 MILLIMETER	2001-03-13	138.0	1	Each	sheriff	10	05	00	5891271	not in file	1005-00-589-1271	not in file	not in file	D	1.0	State	not in file	not in file	not in file	not in file	2001Q1
DISP_AllStatesAndTerritories_03312020.xlsx[ALL]	WI	BROWN COUNTY SHERIFF'S OFFICE	RIFLE,7.62 MILLIMETER	2001-03-13	138.0	1	Each	sheriff	10	05	00	5891271	not in file	1005-00-589-1271	not in file	not in file	D	1.0	State	not in file	not in file	not in file	not in file	2001Q1
DISP_AllStatesAndTerritories_03312020.xlsx[ALL]	WI	BROWN COUNTY SHERIFF'S OFFICE	RIFLE,7.62 MILLIMETER	2001-03-13	138.0	1	Each	sheriff	10	05	00	5891271	not in file	1005-00-589-1271	not in file	not in file	D	1.0	State	not in file	not in file	not in file	not in file	2001Q1
DISP_AllStatesAndTerritories_03312020.xlsx[ALL]	WI	BROWN COUNTY SHERIFF'S OFFICE	RIFLE,7.62 MILLIMETER	2001-03-13	138.0	1	Each	sheriff	10	05	00	5891271	not in file	1005-00-589-1271	not in file	not in file	D	1.0	State	not in file	not in file	not in file	not in file	2001Q1
DISP_AllStatesAndTerritories_03312020.xlsx[ALL]	WI	INDEPENDENCE POLICE DEPT	PISTOL,CALIBER .45,AUTOMATIC	2001-03-13	58.71	1	Each	police	10	05	00	7265655	not in file	1005-00-726-5655	not in file	not in file	D	1.0	State	not in file	not in file	not in file	not in file	2001Q1
DISP_AllStatesAndTerritories_03312020.xlsx[ALL]	WI	INDEPENDENCE POLICE DEPT	PISTOL,CALIBER .45,AUTOMATIC	2001-03-13	58.71	1	Each	police	10	05	00	7265655	not in file	1005-00-726-5655	not in file	not in file	D	1.0	State	not in file	not in file	not in file	not in file	2001Q1
DISP_AllStatesAndTerritories_03312020.xlsx[ALL]	WI	INDEPENDENCE POLICE DEPT	PISTOL,CALIBER .45,AUTOMATIC	2001-03-13	58.71	1	Each	police	10	05	00	7265655	not in file	1005-00-726-5655	not in file	not in file	D	1.0	State	not in file	not in file	not in file	not in file	2001Q1
DISP_AllStatesAndTerritories_03312020.xlsx[ALL]	WI	INDEPENDENCE POLICE DEPT	PISTOL,CALIBER .45,AUTOMATIC	2001-03-13	58.71	1	Each	police	10	05	00	7265655	not in file	1005-00-726-5655	not in file	not in file	D	1.0	State	not in file	not in file	not in file	not in file	2001Q1
DISP_AllStatesAndTerritories_03312020.xlsx[ALL]	WI	INDEPENDENCE POLICE DEPT	REVOLVER,CALIBER .38 SPECIAL	2001-03-12	89.57	1	Each	police	10	05	01	0947045	not in file	1005-01-094-7045	not in file	not in file	D	1.0	State	not in file	not in file	not in file	not in file	2001Q1
DISP_AllStatesAndTerritories_03312020.xlsx[ALL]	WI	INDEPENDENCE POLICE DEPT	REVOLVER,CALIBER .38 SPECIAL	2001-03-12	89.57	1	Each	police	10	05	01	0947045	not in file	1005-01-094-7045	not in file	not in file	D	1.0	State	not in file	not in file	not in file	not in file	2001Q1
DISP_AllStatesAndTerritories_03312020.xlsx[ALL]	WI	INDEPENDENCE POLICE DEPT	REVOLVER,CALIBER .38 SPECIAL	2001-03-12	89.57	1	Each	police	10	05	01	0947045	not in file	1005-01-094-7045	not in file	not in file	D	1.0	State	not in file	not in file	not in file	not in file	2001Q1
DISP_AllStatesAndTerritories_03312020.xlsx[ALL]	WI	INDEPENDENCE POLICE DEPT	REVOLVER,CALIBER .38 SPECIAL	2001-03-12	89.57	1	Each	police	10	05	01	0947045	not in file	1005-01-094-7045	not in file	not in file	D	1.0	State	not in file	not in file	not in file	not in file	2001Q1
DISP_AllStatesAndTerritories_03312020.xlsx[ALL]	WI	NORTH FOND DU LAC POLICE DEPT	RIFLE,7.62 MILLIMETER	2001-03-13	138.0	1	Each	police	10	05	00	5891271	not in file	1005-00-589-1271	not in file	not in file	D	1.0	State	not in file	not in file	not in file	not in file	2001Q1
