OriginatingFile	StateAbbreviation	RequestingAgency	ItemDescription	RecordDate	AcquisitionValue	Quantity	UnitIncrement	AgencyType	Item_FSG	Item_FSC	Item_CC	Item_Code	Justification	NSN	FSC	NIIN	DEMILCode	DEMILIC	StationType	RequisitionID	CancelledBy	RTDRef	ReasonCancelled	Quarter
DISP_AllStatesAndTerritories_06302020.xlsx[ALL]	CA	FOLSOM POLICE DEPT	NIGHT VISION SIGHT	1995-01-19 00:00:00.000	6446.0	1	Each	police	58	55	00	8329341	not in file	5855-00-832-9341	not in file	not in file	C		State	not in file	not in file	not in file	not in file	1995Q1
DISP_AllStatesAndTerritories_06302020.xlsx[ALL]	CA	ROSEVILLE POLICE DEPT	NIGHT VISION SIGHT	1995-01-19 00:00:00.000	6446.0	1	Each	police	58	55	00	8329341	not in file	5855-00-832-9341	not in file	not in file	C		State	not in file	not in file	not in file	not in file	1995Q1
DISP_AllStatesAndTerritories_06302020.xlsx[ALL]	CA	WEST SACRAMENTO POLICE DEPT	NIGHT VISION SIGHT	1995-01-19 00:00:00.000	6446.0	1	Each	police	58	55	00	8329341	not in file	5855-00-832-9341	not in file	not in file	C		State	not in file	not in file	not in file	not in file	1995Q1
DISP_AllStatesAndTerritories_06302020.xlsx[ALL]	CA	WEST SACRAMENTO POLICE DEPT	NIGHT VISION SIGHT	1995-01-19 00:00:00.000	6446.0	1	Each	police	58	55	00	8329341	not in file	5855-00-832-9341	not in file	not in file	C		State	not in file	not in file	not in file	not in file	1995Q1
DISP_AllStatesAndTerritories_06302020.xlsx[ALL]	CO	COLORADO STATE PATROL DENVER	RIFLE,7.62 MILLIMETER	1995-01-10 00:00:00.000	138.0	1	Each	patrol	10	05	00	5891271	not in file	1005-00-589-1271	not in file	not in file	D	1.0	State	not in file	not in file	not in file	not in file	1995Q1
DISP_AllStatesAndTerritories_06302020.xlsx[ALL]	CO	COLORADO STATE PATROL DENVER	RIFLE,7.62 MILLIMETER	1995-01-10 00:00:00.000	138.0	1	Each	patrol	10	05	00	5891271	not in file	1005-00-589-1271	not in file	not in file	D	1.0	State	not in file	not in file	not in file	not in file	1995Q1
DISP_AllStatesAndTerritories_06302020.xlsx[ALL]	CO	COLORADO STATE PATROL DENVER	RIFLE,7.62 MILLIMETER	1995-01-10 00:00:00.000	138.0	1	Each	patrol	10	05	00	5891271	not in file	1005-00-589-1271	not in file	not in file	D	1.0	State	not in file	not in file	not in file	not in file	1995Q1
DISP_AllStatesAndTerritories_06302020.xlsx[ALL]	CO	COLORADO STATE PATROL DENVER	RIFLE,7.62 MILLIMETER	1995-01-10 00:00:00.000	138.0	1	Each	patrol	10	05	00	5891271	not in file	1005-00-589-1271	not in file	not in file	D	1.0	State	not in file	not in file	not in file	not in file	1995Q1
DISP_AllStatesAndTerritories_06302020.xlsx[ALL]	CO	COLORADO STATE PATROL DENVER	RIFLE,7.62 MILLIMETER	1995-01-10 00:00:00.000	138.0	1	Each	patrol	10	05	00	5891271	not in file	1005-00-589-1271	not in file	not in file	D	1.0	State	not in file	not in file	not in file	not in file	1995Q1
DISP_AllStatesAndTerritories_06302020.xlsx[ALL]	CO	COLORADO STATE PATROL DENVER	RIFLE,7.62 MILLIMETER	1995-01-10 00:00:00.000	138.0	1	Each	patrol	10	05	00	5891271	not in file	1005-00-589-1271	not in file	not in file	D	1.0	State	not in file	not in file	not in file	not in file	1995Q1
DISP_AllStatesAndTerritories_06302020.xlsx[ALL]	CO	COLORADO STATE PATROL DENVER	RIFLE,7.62 MILLIMETER	1995-01-10 00:00:00.000	138.0	1	Each	patrol	10	05	00	5891271	not in file	1005-00-589-1271	not in file	not in file	D	1.0	State	not in file	not in file	not in file	not in file	1995Q1
DISP_AllStatesAndTerritories_06302020.xlsx[ALL]	CO	HINSDALE COUNTY SHERIFF OFFICE	RIFLE,7.62 MILLIMETER	1995-01-10 00:00:00.000	138.0	1	Each	sheriff	10	05	00	5891271	not in file	1005-00-589-1271	not in file	not in file	D	1.0	State	not in file	not in file	not in file	not in file	1995Q1
DISP_AllStatesAndTerritories_06302020.xlsx[ALL]	CO	HINSDALE COUNTY SHERIFF OFFICE	RIFLE,7.62 MILLIMETER	1995-01-10 00:00:00.000	138.0	1	Each	sheriff	10	05	00	5891271	not in file	1005-00-589-1271	not in file	not in file	D	1.0	State	not in file	not in file	not in file	not in file	1995Q1
DISP_AllStatesAndTerritories_06302020.xlsx[ALL]	CO	HINSDALE COUNTY SHERIFF OFFICE	RIFLE,7.62 MILLIMETER	1995-01-10 00:00:00.000	138.0	1	Each	sheriff	10	05	00	5891271	not in file	1005-00-589-1271	not in file	not in file	D	1.0	State	not in file	not in file	not in file	not in file	1995Q1
DISP_AllStatesAndTerritories_06302020.xlsx[ALL]	CO	HINSDALE COUNTY SHERIFF OFFICE	RIFLE,7.62 MILLIMETER	1995-01-10 00:00:00.000	138.0	1	Each	sheriff	10	05	00	5891271	not in file	1005-00-589-1271	not in file	not in file	D	1.0	State	not in file	not in file	not in file	not in file	1995Q1
DISP_AllStatesAndTerritories_06302020.xlsx[ALL]	CT	WINDSOR POLICE DEPT	RIFLE,7.62 MILLIMETER	1995-01-10 00:00:00.000	138.0	1	Each	police	10	05	00	5891271	not in file	1005-00-589-1271	not in file	not in file	D	1.0	State	not in file	not in file	not in file	not in file	1995Q1
DISP_AllStatesAndTerritories_06302020.xlsx[ALL]	CT	WINDSOR POLICE DEPT	RIFLE,7.62 MILLIMETER	1995-01-10 00:00:00.000	138.0	1	Each	police	10	05	00	5891271	not in file	1005-00-589-1271	not in file	not in file	D	1.0	State	not in file	not in file	not in file	not in file	1995Q1
DISP_AllStatesAndTerritories_06302020.xlsx[ALL]	CT	WINDSOR POLICE DEPT	RIFLE,7.62 MILLIMETER	1995-01-10 00:00:00.000	138.0	1	Each	police	10	05	00	5891271	not in file	1005-00-589-1271	not in file	not in file	D	1.0	State	not in file	not in file	not in file	not in file	1995Q1
DISP_AllStatesAndTerritories_06302020.xlsx[ALL]	CT	WINDSOR POLICE DEPT	RIFLE,7.62 MILLIMETER	1995-01-10 00:00:00.000	138.0	1	Each	police	10	05	00	5891271	not in file	1005-00-589-1271	not in file	not in file	D	1.0	State	not in file	not in file	not in file	not in file	1995Q1
DISP_AllStatesAndTerritories_06302020.xlsx[ALL]	CT	WINDSOR POLICE DEPT	RIFLE,7.62 MILLIMETER	1995-01-10 00:00:00.000	138.0	1	Each	police	10	05	00	5891271	not in file	1005-00-589-1271	not in file	not in file	D	1.0	State	not in file	not in file	not in file	not in file	1995Q1
DISP_AllStatesAndTerritories_06302020.xlsx[ALL]	CT	WINDSOR POLICE DEPT	RIFLE,7.62 MILLIMETER	1995-01-10 00:00:00.000	138.0	1	Each	police	10	05	00	5891271	not in file	1005-00-589-1271	not in file	not in file	D	1.0	State	not in file	not in file	not in file	not in file	1995Q1
DISP_AllStatesAndTerritories_06302020.xlsx[ALL]	FL	FISH AND WILDLIFE LAW ENF	SIGHT,NIGHT VISION	1995-01-23 00:00:00.000	5029.0	1	Each	law enforcement	58	55	00	1061573	not in file	5855-00-106-1573	not in file	not in file	C		State	not in file	not in file	not in file	not in file	1995Q1
DISP_AllStatesAndTerritories_06302020.xlsx[ALL]	FL	LAKE WALES POLICE DEPT	RIFLE,7.62 MILLIMETER	1995-01-10 00:00:00.000	138.0	1	Each	police	10	05	00	5891271	not in file	1005-00-589-1271	not in file	not in file	D	1.0	State	not in file	not in file	not in file	not in file	1995Q1
DISP_AllStatesAndTerritories_06302020.xlsx[ALL]	FL	LAKE WALES POLICE DEPT	RIFLE,7.62 MILLIMETER	1995-01-10 00:00:00.000	138.0	1	Each	police	10	05	00	5891271	not in file	1005-00-589-1271	not in file	not in file	D	1.0	State	not in file	not in file	not in file	not in file	1995Q1
DISP_AllStatesAndTerritories_06302020.xlsx[ALL]	FL	LAKE WALES POLICE DEPT	RIFLE,7.62 MILLIMETER	1995-01-10 00:00:00.000	138.0	1	Each	police	10	05	00	5891271	not in file	1005-00-589-1271	not in file	not in file	D	1.0	State	not in file	not in file	not in file	not in file	1995Q1
DISP_AllStatesAndTerritories_06302020.xlsx[ALL]	FL	LAKE WALES POLICE DEPT	RIFLE,7.62 MILLIMETER	1995-01-10 00:00:00.000	138.0	1	Each	police	10	05	00	5891271	not in file	1005-00-589-1271	not in file	not in file	D	1.0	State	not in file	not in file	not in file	not in file	1995Q1
DISP_AllStatesAndTerritories_06302020.xlsx[ALL]	FL	LAKE WALES POLICE DEPT	RIFLE,7.62 MILLIMETER	1995-01-10 00:00:00.000	138.0	1	Each	police	10	05	00	5891271	not in file	1005-00-589-1271	not in file	not in file	D	1.0	State	not in file	not in file	not in file	not in file	1995Q1
DISP_AllStatesAndTerritories_06302020.xlsx[ALL]	FL	LAKE WALES POLICE DEPT	RIFLE,7.62 MILLIMETER	1995-01-10 00:00:00.000	138.0	1	Each	police	10	05	00	5891271	not in file	1005-00-589-1271	not in file	not in file	D	1.0	State	not in file	not in file	not in file	not in file	1995Q1
DISP_AllStatesAndTerritories_06302020.xlsx[ALL]	GA	BARROW COUNTY SHERIFF OFFICE	SIGHT,NIGHT VISION	1995-01-25 00:00:00.000	5029.0	1	Each	sheriff	58	55	00	1061573	not in file	5855-00-106-1573	not in file	not in file	C		State	not in file	not in file	not in file	not in file	1995Q1
DISP_AllStatesAndTerritories_06302020.xlsx[ALL]	IL	JOLIET POLICE DEPT	TRUCK,ARMORED	1995-01-06 00:00:00.000	65070.0	1	Each	police	23	20	01	0747642	not in file	2320-01-074-7642	not in file	not in file	C	1.0	State	not in file	not in file	not in file	not in file	1995Q1
DISP_AllStatesAndTerritories_06302020.xlsx[ALL]	IN	CUMBERLAND POLICE DEPT	RIFLE,7.62 MILLIMETER	1995-01-31 00:00:00.000	138.0	1	Each	police	10	05	00	5891271	not in file	1005-00-589-1271	not in file	not in file	D	1.0	State	not in file	not in file	not in file	not in file	1995Q1
DISP_AllStatesAndTerritories_06302020.xlsx[ALL]	IN	CUMBERLAND POLICE DEPT	RIFLE,7.62 MILLIMETER	1995-01-31 00:00:00.000	138.0	1	Each	police	10	05	00	5891271	not in file	1005-00-589-1271	not in file	not in file	D	1.0	State	not in file	not in file	not in file	not in file	1995Q1
DISP_AllStatesAndTerritories_06302020.xlsx[ALL]	IN	CUMBERLAND POLICE DEPT	RIFLE,7.62 MILLIMETER	1995-01-31 00:00:00.000	138.0	1	Each	police	10	05	00	5891271	not in file	1005-00-589-1271	not in file	not in file	D	1.0	State	not in file	not in file	not in file	not in file	1995Q1
DISP_AllStatesAndTerritories_06302020.xlsx[ALL]	IN	CUMBERLAND POLICE DEPT	RIFLE,7.62 MILLIMETER	1995-01-31 00:00:00.000	138.0	1	Each	police	10	05	00	5891271	not in file	1005-00-589-1271	not in file	not in file	D	1.0	State	not in file	not in file	not in file	not in file	1995Q1
DISP_AllStatesAndTerritories_06302020.xlsx[ALL]	IN	CUMBERLAND POLICE DEPT	RIFLE,7.62 MILLIMETER	1995-01-31 00:00:00.000	138.0	1	Each	police	10	05	00	5891271	not in file	1005-00-589-1271	not in file	not in file	D	1.0	State	not in file	not in file	not in file	not in file	1995Q1
DISP_AllStatesAndTerritories_06302020.xlsx[ALL]	IN	DALEVILLE POLICE DEPT	RIFLE,7.62 MILLIMETER	1995-02-02 00:00:00.000	138.0	1	Each	police	10	05	00	5891271	not in file	1005-00-589-1271	not in file	not in file	D	1.0	State	not in file	not in file	not in file	not in file	1995Q1
DISP_AllStatesAndTerritories_06302020.xlsx[ALL]	IN	DALEVILLE POLICE DEPT	RIFLE,7.62 MILLIMETER	1995-02-02 00:00:00.000	138.0	1	Each	police	10	05	00	5891271	not in file	1005-00-589-1271	not in file	not in file	D	1.0	State	not in file	not in file	not in file	not in file	1995Q1
DISP_AllStatesAndTerritories_06302020.xlsx[ALL]	IN	GARRETT POLICE DEPT	RIFLE,7.62 MILLIMETER	1995-02-02 00:00:00.000	138.0	1	Each	police	10	05	00	5891271	not in file	1005-00-589-1271	not in file	not in file	D	1.0	State	not in file	not in file	not in file	not in file	1995Q1
DISP_AllStatesAndTerritories_06302020.xlsx[ALL]	IN	GASTON POLICE DEPARTMENT	RIFLE,7.62 MILLIMETER	1995-02-02 00:00:00.000	138.0	1	Each	police	10	05	00	5891271	not in file	1005-00-589-1271	not in file	not in file	D	1.0	State	not in file	not in file	not in file	not in file	1995Q1
DISP_AllStatesAndTerritories_06302020.xlsx[ALL]	IN	INDIANAPOLIS POLICE DEPT	RIFLE,7.62 MILLIMETER	1995-02-02 00:00:00.000	138.0	1	Each	police	10	05	00	5891271	not in file	1005-00-589-1271	not in file	not in file	D	1.0	State	not in file	not in file	not in file	not in file	1995Q1
DISP_AllStatesAndTerritories_06302020.xlsx[ALL]	IN	INDIANAPOLIS POLICE DEPT	RIFLE,7.62 MILLIMETER	1995-02-02 00:00:00.000	138.0	1	Each	police	10	05	00	5891271	not in file	1005-00-589-1271	not in file	not in file	D	1.0	State	not in file	not in file	not in file	not in file	1995Q1
DISP_AllStatesAndTerritories_06302020.xlsx[ALL]	IN	INDIANAPOLIS POLICE DEPT	RIFLE,7.62 MILLIMETER	1995-02-02 00:00:00.000	138.0	1	Each	police	10	05	00	5891271	not in file	1005-00-589-1271	not in file	not in file	D	1.0	State	not in file	not in file	not in file	not in file	1995Q1
DISP_AllStatesAndTerritories_06302020.xlsx[ALL]	IN	INDIANAPOLIS POLICE DEPT	RIFLE,7.62 MILLIMETER	1995-02-02 00:00:00.000	138.0	1	Each	police	10	05	00	5891271	not in file	1005-00-589-1271	not in file	not in file	D	1.0	State	not in file	not in file	not in file	not in file	1995Q1
DISP_AllStatesAndTerritories_06302020.xlsx[ALL]	IN	LAKE COUNTY SHERIFF DEPT	NIGHT VISION GOGGLE	1995-01-01 08:50:12.000	3578.0	1	Each	sheriff	58	55	01	2280937	not in file	5855-01-228-0937	not in file	not in file	F	1.0	State	not in file	not in file	not in file	not in file	1995Q1
DISP_AllStatesAndTerritories_06302020.xlsx[ALL]	IN	LAKE COUNTY SHERIFF DEPT	NIGHT VISION GOGGLE	1995-01-01 08:50:12.000	3578.0	1	Each	sheriff	58	55	01	2280937	not in file	5855-01-228-0937	not in file	not in file	F	1.0	State	not in file	not in file	not in file	not in file	1995Q1
DISP_AllStatesAndTerritories_06302020.xlsx[ALL]	IN	MILTON POLICE DEPT	RIFLE,7.62 MILLIMETER	1995-01-10 00:00:00.000	138.0	1	Each	police	10	05	00	5891271	not in file	1005-00-589-1271	not in file	not in file	D	1.0	State	not in file	not in file	not in file	not in file	1995Q1
DISP_AllStatesAndTerritories_06302020.xlsx[ALL]	IN	NEW HAVEN POLICE DEPT	RIFLE,7.62 MILLIMETER	1995-02-02 00:00:00.000	138.0	1	Each	police	10	05	00	5891271	not in file	1005-00-589-1271	not in file	not in file	D	1.0	State	not in file	not in file	not in file	not in file	1995Q1
DISP_AllStatesAndTerritories_06302020.xlsx[ALL]	IN	SALEM POLICE DEPT	RIFLE,7.62 MILLIMETER	1995-03-18 00:00:00.000	138.0	1	Each	police	10	05	00	5891271	not in file	1005-00-589-1271	not in file	not in file	D	1.0	State	not in file	not in file	not in file	not in file	1995Q1
DISP_AllStatesAndTerritories_06302020.xlsx[ALL]	IN	SALEM POLICE DEPT	RIFLE,7.62 MILLIMETER	1995-03-18 00:00:00.000	138.0	1	Each	police	10	05	00	5891271	not in file	1005-00-589-1271	not in file	not in file	D	1.0	State	not in file	not in file	not in file	not in file	1995Q1
DISP_AllStatesAndTerritories_06302020.xlsx[ALL]	IN	SHELBYVILLE POLICE DEPT	RIFLE,7.62 MILLIMETER	1995-01-31 00:00:00.000	138.0	1	Each	police	10	05	00	5891271	not in file	1005-00-589-1271	not in file	not in file	D	1.0	State	not in file	not in file	not in file	not in file	1995Q1
DISP_AllStatesAndTerritories_06302020.xlsx[ALL]	IN	SHELBYVILLE POLICE DEPT	RIFLE,7.62 MILLIMETER	1995-01-31 00:00:00.000	138.0	1	Each	police	10	05	00	5891271	not in file	1005-00-589-1271	not in file	not in file	D	1.0	State	not in file	not in file	not in file	not in file	1995Q1
DISP_AllStatesAndTerritories_06302020.xlsx[ALL]	IN	SHELBYVILLE POLICE DEPT	RIFLE,7.62 MILLIMETER	1995-01-31 00:00:00.000	138.0	1	Each	police	10	05	00	5891271	not in file	1005-00-589-1271	not in file	not in file	D	1.0	State	not in file	not in file	not in file	not in file	1995Q1
DISP_AllStatesAndTerritories_06302020.xlsx[ALL]	IN	SHOALS POLICE DEPT	RIFLE,7.62 MILLIMETER	1995-02-02 00:00:00.000	138.0	1	Each	police	10	05	00	5891271	not in file	1005-00-589-1271	not in file	not in file	D	1.0	State	not in file	not in file	not in file	not in file	1995Q1
DISP_AllStatesAndTerritories_06302020.xlsx[ALL]	IN	SHOALS POLICE DEPT	RIFLE,7.62 MILLIMETER	1995-02-02 00:00:00.000	138.0	1	Each	police	10	05	00	5891271	not in file	1005-00-589-1271	not in file	not in file	D	1.0	State	not in file	not in file	not in file	not in file	1995Q1
DISP_AllStatesAndTerritories_06302020.xlsx[ALL]	IN	SHOALS POLICE DEPT	RIFLE,7.62 MILLIMETER	1995-02-02 00:00:00.000	138.0	1	Each	police	10	05	00	5891271	not in file	1005-00-589-1271	not in file	not in file	D	1.0	State	not in file	not in file	not in file	not in file	1995Q1
DISP_AllStatesAndTerritories_06302020.xlsx[ALL]	IN	STATE EXCISE POLICE	RIFLE,7.62 MILLIMETER	1995-01-31 00:00:00.000	138.0	1	Each	police	10	05	00	5891271	not in file	1005-00-589-1271	not in file	not in file	D	1.0	State	not in file	not in file	not in file	not in file	1995Q1
DISP_AllStatesAndTerritories_06302020.xlsx[ALL]	IN	STATE EXCISE POLICE	RIFLE,7.62 MILLIMETER	1995-01-31 00:00:00.000	138.0	1	Each	police	10	05	00	5891271	not in file	1005-00-589-1271	not in file	not in file	D	1.0	State	not in file	not in file	not in file	not in file	1995Q1
DISP_AllStatesAndTerritories_06302020.xlsx[ALL]	IN	UTICA POLICE DEPT	RIFLE,7.62 MILLIMETER	1995-02-02 00:00:00.000	138.0	1	Each	police	10	05	00	5891271	not in file	1005-00-589-1271	not in file	not in file	D	1.0	State	not in file	not in file	not in file	not in file	1995Q1
DISP_AllStatesAndTerritories_06302020.xlsx[ALL]	KS	GREAT BEND POLICE DEPARTMENT	RIFLE,7.62 MILLIMETER	1995-01-10 00:00:00.000	138.0	1	Each	police	10	05	00	5891271	not in file	1005-00-589-1271	not in file	not in file	D	1.0	State	not in file	not in file	not in file	not in file	1995Q1
DISP_AllStatesAndTerritories_06302020.xlsx[ALL]	KS	GREAT BEND POLICE DEPARTMENT	RIFLE,7.62 MILLIMETER	1995-01-10 00:00:00.000	138.0	1	Each	police	10	05	00	5891271	not in file	1005-00-589-1271	not in file	not in file	D	1.0	State	not in file	not in file	not in file	not in file	1995Q1
DISP_AllStatesAndTerritories_06302020.xlsx[ALL]	KS	HASKELL COUNTY SHERIFF DEPT	RIFLE,7.62 MILLIMETER	1995-02-02 00:00:00.000	138.0	1	Each	sheriff	10	05	00	5891271	not in file	1005-00-589-1271	not in file	not in file	D	1.0	State	not in file	not in file	not in file	not in file	1995Q1
DISP_AllStatesAndTerritories_06302020.xlsx[ALL]	KS	HASKELL COUNTY SHERIFF DEPT	RIFLE,7.62 MILLIMETER	1995-02-02 00:00:00.000	138.0	1	Each	sheriff	10	05	00	5891271	not in file	1005-00-589-1271	not in file	not in file	D	1.0	State	not in file	not in file	not in file	not in file	1995Q1
DISP_AllStatesAndTerritories_06302020.xlsx[ALL]	KS	HASKELL COUNTY SHERIFF DEPT	RIFLE,7.62 MILLIMETER	1995-02-02 00:00:00.000	138.0	1	Each	sheriff	10	05	00	5891271	not in file	1005-00-589-1271	not in file	not in file	D	1.0	State	not in file	not in file	not in file	not in file	1995Q1
DISP_AllStatesAndTerritories_06302020.xlsx[ALL]	KS	HASKELL COUNTY SHERIFF DEPT	RIFLE,7.62 MILLIMETER	1995-02-02 00:00:00.000	138.0	1	Each	sheriff	10	05	00	5891271	not in file	1005-00-589-1271	not in file	not in file	D	1.0	State	not in file	not in file	not in file	not in file	1995Q1
DISP_AllStatesAndTerritories_06302020.xlsx[ALL]	KS	HASKELL COUNTY SHERIFF DEPT	RIFLE,7.62 MILLIMETER	1995-02-02 00:00:00.000	138.0	1	Each	sheriff	10	05	00	5891271	not in file	1005-00-589-1271	not in file	not in file	D	1.0	State	not in file	not in file	not in file	not in file	1995Q1
DISP_AllStatesAndTerritories_06302020.xlsx[ALL]	KY	MONTGOMERY COUNTY SHERIFFS OFFICE	RIFLE,7.62 MILLIMETER	1995-01-10 00:00:00.000	138.0	1	Each	sheriff	10	05	00	5891271	not in file	1005-00-589-1271	not in file	not in file	D	1.0	State	not in file	not in file	not in file	not in file	1995Q1
DISP_AllStatesAndTerritories_06302020.xlsx[ALL]	KY	MONTGOMERY COUNTY SHERIFFS OFFICE	RIFLE,7.62 MILLIMETER	1995-01-10 00:00:00.000	138.0	1	Each	sheriff	10	05	00	5891271	not in file	1005-00-589-1271	not in file	not in file	D	1.0	State	not in file	not in file	not in file	not in file	1995Q1
DISP_AllStatesAndTerritories_06302020.xlsx[ALL]	KY	MONTGOMERY COUNTY SHERIFFS OFFICE	RIFLE,7.62 MILLIMETER	1995-01-10 00:00:00.000	138.0	1	Each	sheriff	10	05	00	5891271	not in file	1005-00-589-1271	not in file	not in file	D	1.0	State	not in file	not in file	not in file	not in file	1995Q1
DISP_AllStatesAndTerritories_06302020.xlsx[ALL]	KY	MOUNT STERLING POLICE DEPT	RIFLE,7.62 MILLIMETER	1995-01-10 00:00:00.000	138.0	1	Each	police	10	05	00	5891271	not in file	1005-00-589-1271	not in file	not in file	D	1.0	State	not in file	not in file	not in file	not in file	1995Q1
DISP_AllStatesAndTerritories_06302020.xlsx[ALL]	KY	MOUNT STERLING POLICE DEPT	RIFLE,7.62 MILLIMETER	1995-01-10 00:00:00.000	138.0	1	Each	police	10	05	00	5891271	not in file	1005-00-589-1271	not in file	not in file	D	1.0	State	not in file	not in file	not in file	not in file	1995Q1
DISP_AllStatesAndTerritories_06302020.xlsx[ALL]	KY	WARREN COUNTY SHERIFF OFFICE	RIFLE,7.62 MILLIMETER	1995-01-10 00:00:00.000	138.0	1	Each	sheriff	10	05	00	5891271	not in file	1005-00-589-1271	not in file	not in file	D	1.0	State	not in file	not in file	not in file	not in file	1995Q1
DISP_AllStatesAndTerritories_06302020.xlsx[ALL]	MD	PRINCE GEORGE'S CTY SHERIFF OFFICE	NIGHT VISION SIGHT	1995-03-15 00:00:00.000	4379.62	1	Each	sheriff	58	55	01	0202211	not in file	5855-01-020-2211	not in file	not in file	F	1.0	State	not in file	not in file	not in file	not in file	1995Q1
DISP_AllStatesAndTerritories_06302020.xlsx[ALL]	MD	PRINCE GEORGE'S CTY SHERIFF OFFICE	NIGHT VISION SIGHT	1995-03-15 00:00:00.000	4379.62	1	Each	sheriff	58	55	01	0202211	not in file	5855-01-020-2211	not in file	not in file	F	1.0	State	not in file	not in file	not in file	not in file	1995Q1
DISP_AllStatesAndTerritories_06302020.xlsx[ALL]	MA	CHICOPEE POLICE DEPT	RIFLE,7.62 MILLIMETER	1995-02-02 00:00:00.000	138.0	1	Each	police	10	05	00	5891271	not in file	1005-00-589-1271	not in file	not in file	D	1.0	State	not in file	not in file	not in file	not in file	1995Q1
DISP_AllStatesAndTerritories_06302020.xlsx[ALL]	MA	CHICOPEE POLICE DEPT	NIGHT VISION GOGGLE	1995-02-21 00:00:00.000	4300.0	1	Each	police	58	55	01	2280936	not in file	5855-01-228-0936	not in file	not in file	F	1.0	State	not in file	not in file	not in file	not in file	1995Q1
DISP_AllStatesAndTerritories_06302020.xlsx[ALL]	MA	CHICOPEE POLICE DEPT	NIGHT VISION GOGGLE	1995-02-21 00:00:00.000	4300.0	1	Each	police	58	55	01	2280936	not in file	5855-01-228-0936	not in file	not in file	F	1.0	State	not in file	not in file	not in file	not in file	1995Q1
DISP_AllStatesAndTerritories_06302020.xlsx[ALL]	MA	CHICOPEE POLICE DEPT	RIFLE,7.62 MILLIMETER	1995-02-02 00:00:00.000	138.0	1	Each	police	10	05	00	5891271	not in file	1005-00-589-1271	not in file	not in file	D	1.0	State	not in file	not in file	not in file	not in file	1995Q1
DISP_AllStatesAndTerritories_06302020.xlsx[ALL]	MA	HADLEY POLICE DEPT	RIFLE,7.62 MILLIMETER	1995-02-02 00:00:00.000	138.0	1	Each	police	10	05	00	5891271	not in file	1005-00-589-1271	not in file	not in file	D	1.0	State	not in file	not in file	not in file	not in file	1995Q1
DISP_AllStatesAndTerritories_06302020.xlsx[ALL]	MA	HADLEY POLICE DEPT	RIFLE,7.62 MILLIMETER	1995-02-02 00:00:00.000	138.0	1	Each	police	10	05	00	5891271	not in file	1005-00-589-1271	not in file	not in file	D	1.0	State	not in file	not in file	not in file	not in file	1995Q1
DISP_AllStatesAndTerritories_06302020.xlsx[ALL]	MA	HADLEY POLICE DEPT	RIFLE,7.62 MILLIMETER	1995-02-02 00:00:00.000	138.0	1	Each	police	10	05	00	5891271	not in file	1005-00-589-1271	not in file	not in file	D	1.0	State	not in file	not in file	not in file	not in file	1995Q1
DISP_AllStatesAndTerritories_06302020.xlsx[ALL]	MA	HADLEY POLICE DEPT	RIFLE,7.62 MILLIMETER	1995-02-02 00:00:00.000	138.0	1	Each	police	10	05	00	5891271	not in file	1005-00-589-1271	not in file	not in file	D	1.0	State	not in file	not in file	not in file	not in file	1995Q1
DISP_AllStatesAndTerritories_06302020.xlsx[ALL]	MA	HADLEY POLICE DEPT	RIFLE,7.62 MILLIMETER	1995-02-02 00:00:00.000	138.0	1	Each	police	10	05	00	5891271	not in file	1005-00-589-1271	not in file	not in file	D	1.0	State	not in file	not in file	not in file	not in file	1995Q1
DISP_AllStatesAndTerritories_06302020.xlsx[ALL]	MA	SOUTHBRIDGE POLICE DEPT	RIFLE,7.62 MILLIMETER	1995-01-04 00:00:00.000	138.0	1	Each	police	10	05	00	5891271	not in file	1005-00-589-1271	not in file	not in file	D	1.0	State	not in file	not in file	not in file	not in file	1995Q1
DISP_AllStatesAndTerritories_06302020.xlsx[ALL]	MA	SOUTHBRIDGE POLICE DEPT	RIFLE,7.62 MILLIMETER	1995-01-04 00:00:00.000	138.0	1	Each	police	10	05	00	5891271	not in file	1005-00-589-1271	not in file	not in file	D	1.0	State	not in file	not in file	not in file	not in file	1995Q1
DISP_AllStatesAndTerritories_06302020.xlsx[ALL]	NH	GRAFTON POLICE DEPT	RIFLE,7.62 MILLIMETER	1995-02-16 00:00:00.000	138.0	1	Each	police	10	05	00	5891271	not in file	1005-00-589-1271	not in file	not in file	D	1.0	State	not in file	not in file	not in file	not in file	1995Q1
DISP_AllStatesAndTerritories_06302020.xlsx[ALL]	NJ	PERTH AMBOY POLICE DEPT	RIFLE,7.62 MILLIMETER	1995-01-05 00:00:00.000	138.0	1	Each	police	10	05	00	5891271	not in file	1005-00-589-1271	not in file	not in file	D	1.0	State	not in file	not in file	not in file	not in file	1995Q1
DISP_AllStatesAndTerritories_06302020.xlsx[ALL]	NJ	PERTH AMBOY POLICE DEPT	RIFLE,7.62 MILLIMETER	1995-01-05 00:00:00.000	138.0	1	Each	police	10	05	00	5891271	not in file	1005-00-589-1271	not in file	not in file	D	1.0	State	not in file	not in file	not in file	not in file	1995Q1
DISP_AllStatesAndTerritories_06302020.xlsx[ALL]	NJ	PERTH AMBOY POLICE DEPT	RIFLE,7.62 MILLIMETER	1995-01-05 00:00:00.000	138.0	1	Each	police	10	05	00	5891271	not in file	1005-00-589-1271	not in file	not in file	D	1.0	State	not in file	not in file	not in file	not in file	1995Q1
DISP_AllStatesAndTerritories_06302020.xlsx[ALL]	NJ	PERTH AMBOY POLICE DEPT	RIFLE,7.62 MILLIMETER	1995-01-05 00:00:00.000	138.0	1	Each	police	10	05	00	5891271	not in file	1005-00-589-1271	not in file	not in file	D	1.0	State	not in file	not in file	not in file	not in file	1995Q1
DISP_AllStatesAndTerritories_06302020.xlsx[ALL]	ND	BURLINGTON POLICE DEPT	RIFLE,7.62 MILLIMETER	1995-01-31 00:00:00.000	138.0	1	Each	police	10	05	00	5891271	not in file	1005-00-589-1271	not in file	not in file	D	1.0	State	not in file	not in file	not in file	not in file	1995Q1
DISP_AllStatesAndTerritories_06302020.xlsx[ALL]	ND	MCHENRY COUNTY SHERIFF DEPT	RIFLE,7.62 MILLIMETER	1995-01-31 00:00:00.000	138.0	1	Each	sheriff	10	05	00	5891271	not in file	1005-00-589-1271	not in file	not in file	D	1.0	State	not in file	not in file	not in file	not in file	1995Q1
DISP_AllStatesAndTerritories_06302020.xlsx[ALL]	ND	MCHENRY COUNTY SHERIFF DEPT	RIFLE,7.62 MILLIMETER	1995-01-31 00:00:00.000	138.0	1	Each	sheriff	10	05	00	5891271	not in file	1005-00-589-1271	not in file	not in file	D	1.0	State	not in file	not in file	not in file	not in file	1995Q1
DISP_AllStatesAndTerritories_06302020.xlsx[ALL]	ND	MCHENRY COUNTY SHERIFF DEPT	RIFLE,7.62 MILLIMETER	1995-01-31 00:00:00.000	138.0	1	Each	sheriff	10	05	00	5891271	not in file	1005-00-589-1271	not in file	not in file	D	1.0	State	not in file	not in file	not in file	not in file	1995Q1
DISP_AllStatesAndTerritories_06302020.xlsx[ALL]	ND	MCHENRY COUNTY SHERIFF DEPT	RIFLE,7.62 MILLIMETER	1995-01-31 00:00:00.000	138.0	1	Each	sheriff	10	05	00	5891271	not in file	1005-00-589-1271	not in file	not in file	D	1.0	State	not in file	not in file	not in file	not in file	1995Q1
DISP_AllStatesAndTerritories_06302020.xlsx[ALL]	ND	MCHENRY COUNTY SHERIFF DEPT	RIFLE,7.62 MILLIMETER	1995-01-31 00:00:00.000	138.0	1	Each	sheriff	10	05	00	5891271	not in file	1005-00-589-1271	not in file	not in file	D	1.0	State	not in file	not in file	not in file	not in file	1995Q1
DISP_AllStatesAndTerritories_06302020.xlsx[ALL]	ND	MCHENRY COUNTY SHERIFF DEPT	RIFLE,7.62 MILLIMETER	1995-01-31 00:00:00.000	138.0	1	Each	sheriff	10	05	00	5891271	not in file	1005-00-589-1271	not in file	not in file	D	1.0	State	not in file	not in file	not in file	not in file	1995Q1
DISP_AllStatesAndTerritories_06302020.xlsx[ALL]	ND	MCHENRY COUNTY SHERIFF DEPT	RIFLE,7.62 MILLIMETER	1995-01-31 00:00:00.000	138.0	1	Each	sheriff	10	05	00	5891271	not in file	1005-00-589-1271	not in file	not in file	D	1.0	State	not in file	not in file	not in file	not in file	1995Q1
DISP_AllStatesAndTerritories_06302020.xlsx[ALL]	ND	RAMSEY COUNTY SHERIFF DEPT	RIFLE,7.62 MILLIMETER	1995-01-31 00:00:00.000	138.0	1	Each	sheriff	10	05	00	5891271	not in file	1005-00-589-1271	not in file	not in file	D	1.0	State	not in file	not in file	not in file	not in file	1995Q1
DISP_AllStatesAndTerritories_06302020.xlsx[ALL]	ND	RAMSEY COUNTY SHERIFF DEPT	RIFLE,7.62 MILLIMETER	1995-01-31 00:00:00.000	138.0	1	Each	sheriff	10	05	00	5891271	not in file	1005-00-589-1271	not in file	not in file	D	1.0	State	not in file	not in file	not in file	not in file	1995Q1
DISP_AllStatesAndTerritories_06302020.xlsx[ALL]	ND	RAMSEY COUNTY SHERIFF DEPT	RIFLE,7.62 MILLIMETER	1995-01-31 00:00:00.000	138.0	1	Each	sheriff	10	05	00	5891271	not in file	1005-00-589-1271	not in file	not in file	D	1.0	State	not in file	not in file	not in file	not in file	1995Q1
DISP_AllStatesAndTerritories_06302020.xlsx[ALL]	ND	RAMSEY COUNTY SHERIFF DEPT	RIFLE,7.62 MILLIMETER	1995-01-31 00:00:00.000	138.0	1	Each	sheriff	10	05	00	5891271	not in file	1005-00-589-1271	not in file	not in file	D	1.0	State	not in file	not in file	not in file	not in file	1995Q1
DISP_AllStatesAndTerritories_06302020.xlsx[ALL]	ND	RAMSEY COUNTY SHERIFF DEPT	RIFLE,7.62 MILLIMETER	1995-01-31 00:00:00.000	138.0	1	Each	sheriff	10	05	00	5891271	not in file	1005-00-589-1271	not in file	not in file	D	1.0	State	not in file	not in file	not in file	not in file	1995Q1
DISP_AllStatesAndTerritories_06302020.xlsx[ALL]	ND	SURREY POLICE DEPT	RIFLE,7.62 MILLIMETER	1995-01-31 00:00:00.000	138.0	1	Each	police	10	05	00	5891271	not in file	1005-00-589-1271	not in file	not in file	D	1.0	State	not in file	not in file	not in file	not in file	1995Q1
DISP_AllStatesAndTerritories_06302020.xlsx[ALL]	ND	VALLEY CITY POLICE DEPT	RIFLE,7.62 MILLIMETER	1995-01-31 00:00:00.000	138.0	1	Each	police	10	05	00	5891271	not in file	1005-00-589-1271	not in file	not in file	D	1.0	State	not in file	not in file	not in file	not in file	1995Q1
DISP_AllStatesAndTerritories_06302020.xlsx[ALL]	ND	VALLEY CITY POLICE DEPT	RIFLE,7.62 MILLIMETER	1995-01-31 00:00:00.000	138.0	1	Each	police	10	05	00	5891271	not in file	1005-00-589-1271	not in file	not in file	D	1.0	State	not in file	not in file	not in file	not in file	1995Q1
DISP_AllStatesAndTerritories_06302020.xlsx[ALL]	ND	VALLEY CITY POLICE DEPT	RIFLE,7.62 MILLIMETER	1995-01-31 00:00:00.000	138.0	1	Each	police	10	05	00	5891271	not in file	1005-00-589-1271	not in file	not in file	D	1.0	State	not in file	not in file	not in file	not in file	1995Q1
DISP_AllStatesAndTerritories_06302020.xlsx[ALL]	OH	CANAL FULTON POLICE DEPT	RIFLE,7.62 MILLIMETER	1995-01-05 00:00:00.000	138.0	1	Each	police	10	05	00	5891271	not in file	1005-00-589-1271	not in file	not in file	D	1.0	State	not in file	not in file	not in file	not in file	1995Q1
DISP_AllStatesAndTerritories_06302020.xlsx[ALL]	OH	CLAY TWP POLICE DEPT (OTTAWA CTY)	RIFLE,7.62 MILLIMETER	1995-01-10 00:00:00.000	138.0	1	Each	police	10	05	00	5891271	not in file	1005-00-589-1271	not in file	not in file	D	1.0	State	not in file	not in file	not in file	not in file	1995Q1
DISP_AllStatesAndTerritories_06302020.xlsx[ALL]	OH	CLAY TWP POLICE DEPT (OTTAWA CTY)	RIFLE,7.62 MILLIMETER	1995-01-10 00:00:00.000	138.0	1	Each	police	10	05	00	5891271	not in file	1005-00-589-1271	not in file	not in file	D	1.0	State	not in file	not in file	not in file	not in file	1995Q1
DISP_AllStatesAndTerritories_06302020.xlsx[ALL]	OH	COLUMBIANA CTY DTF	NIGHT VISION GOGGLE	1995-03-29 00:00:00.000	4300.0	1	Each	drug	58	55	01	2280936	not in file	5855-01-228-0936	not in file	not in file	F	1.0	State	not in file	not in file	not in file	not in file	1995Q1
DISP_AllStatesAndTerritories_06302020.xlsx[ALL]	OH	COLUMBIANA CTY DTF	NIGHT VISION GOGGLE	1995-03-29 00:00:00.000	4300.0	1	Each	drug	58	55	01	2280936	not in file	5855-01-228-0936	not in file	not in file	F	1.0	State	not in file	not in file	not in file	not in file	1995Q1
DISP_AllStatesAndTerritories_06302020.xlsx[ALL]	OH	COPLEY POLICE DEPT	RIFLE,7.62 MILLIMETER	1995-01-05 00:00:00.000	138.0	1	Each	police	10	05	00	5891271	not in file	1005-00-589-1271	not in file	not in file	D	1.0	State	not in file	not in file	not in file	not in file	1995Q1
DISP_AllStatesAndTerritories_06302020.xlsx[ALL]	OH	COPLEY POLICE DEPT	RIFLE,7.62 MILLIMETER	1995-01-05 00:00:00.000	138.0	1	Each	police	10	05	00	5891271	not in file	1005-00-589-1271	not in file	not in file	D	1.0	State	not in file	not in file	not in file	not in file	1995Q1
DISP_AllStatesAndTerritories_06302020.xlsx[ALL]	OH	COPLEY POLICE DEPT	RIFLE,7.62 MILLIMETER	1995-01-05 00:00:00.000	138.0	1	Each	police	10	05	00	5891271	not in file	1005-00-589-1271	not in file	not in file	D	1.0	State	not in file	not in file	not in file	not in file	1995Q1
DISP_AllStatesAndTerritories_06302020.xlsx[ALL]	OH	COPLEY POLICE DEPT	RIFLE,7.62 MILLIMETER	1995-01-05 00:00:00.000	138.0	1	Each	police	10	05	00	5891271	not in file	1005-00-589-1271	not in file	not in file	D	1.0	State	not in file	not in file	not in file	not in file	1995Q1
DISP_AllStatesAndTerritories_06302020.xlsx[ALL]	OH	DEPT OF NATURAL RESOURCES	RIFLE,7.62 MILLIMETER	1995-01-05 00:00:00.000	138.0	1	Each	nat resources	10	05	00	5891271	not in file	1005-00-589-1271	not in file	not in file	D	1.0	State	not in file	not in file	not in file	not in file	1995Q1
DISP_AllStatesAndTerritories_06302020.xlsx[ALL]	OH	DEPT OF NATURAL RESOURCES	RIFLE,7.62 MILLIMETER	1995-01-04 00:00:00.000	138.0	1	Each	nat resources	10	05	00	5891271	not in file	1005-00-589-1271	not in file	not in file	D	1.0	State	not in file	not in file	not in file	not in file	1995Q1
DISP_AllStatesAndTerritories_06302020.xlsx[ALL]	OH	DEPT OF NATURAL RESOURCES	RIFLE,7.62 MILLIMETER	1995-01-05 00:00:00.000	138.0	1	Each	nat resources	10	05	00	5891271	not in file	1005-00-589-1271	not in file	not in file	D	1.0	State	not in file	not in file	not in file	not in file	1995Q1
DISP_AllStatesAndTerritories_06302020.xlsx[ALL]	OH	DEPT OF NATURAL RESOURCES	RIFLE,7.62 MILLIMETER	1995-01-04 00:00:00.000	138.0	1	Each	nat resources	10	05	00	5891271	not in file	1005-00-589-1271	not in file	not in file	D	1.0	State	not in file	not in file	not in file	not in file	1995Q1
DISP_AllStatesAndTerritories_06302020.xlsx[ALL]	OH	DEPT OF NATURAL RESOURCES	RIFLE,7.62 MILLIMETER	1995-01-05 00:00:00.000	138.0	1	Each	nat resources	10	05	00	5891271	not in file	1005-00-589-1271	not in file	not in file	D	1.0	State	not in file	not in file	not in file	not in file	1995Q1
DISP_AllStatesAndTerritories_06302020.xlsx[ALL]	OH	DEPT OF NATURAL RESOURCES	RIFLE,7.62 MILLIMETER	1995-01-04 00:00:00.000	138.0	1	Each	nat resources	10	05	00	5891271	not in file	1005-00-589-1271	not in file	not in file	D	1.0	State	not in file	not in file	not in file	not in file	1995Q1
DISP_AllStatesAndTerritories_06302020.xlsx[ALL]	OH	DEPT OF NATURAL RESOURCES	RIFLE,7.62 MILLIMETER	1995-01-05 00:00:00.000	138.0	1	Each	nat resources	10	05	00	5891271	not in file	1005-00-589-1271	not in file	not in file	D	1.0	State	not in file	not in file	not in file	not in file	1995Q1
DISP_AllStatesAndTerritories_06302020.xlsx[ALL]	OH	EDON POLICE DEPT	RIFLE,7.62 MILLIMETER	1995-01-31 00:00:00.000	138.0	1	Each	police	10	05	00	5891271	not in file	1005-00-589-1271	not in file	not in file	D	1.0	State	not in file	not in file	not in file	not in file	1995Q1
DISP_AllStatesAndTerritories_06302020.xlsx[ALL]	OH	EDON POLICE DEPT	RIFLE,7.62 MILLIMETER	1995-01-31 00:00:00.000	138.0	1	Each	police	10	05	00	5891271	not in file	1005-00-589-1271	not in file	not in file	D	1.0	State	not in file	not in file	not in file	not in file	1995Q1
DISP_AllStatesAndTerritories_06302020.xlsx[ALL]	OH	JEFFERSON COUNTY SHERIFF OFFICE	TRUCK,ARMORED	1995-01-01 15:49:16.999	65070.0	1	Each	sheriff	23	20	01	0747642	not in file	2320-01-074-7642	not in file	not in file	C	1.0	State	not in file	not in file	not in file	not in file	1995Q1
DISP_AllStatesAndTerritories_06302020.xlsx[ALL]	OH	LAKE TWP POLICE DEPT	RIFLE,7.62 MILLIMETER	1995-01-05 00:00:00.000	138.0	1	Each	police	10	05	00	5891271	not in file	1005-00-589-1271	not in file	not in file	D	1.0	State	not in file	not in file	not in file	not in file	1995Q1
DISP_AllStatesAndTerritories_06302020.xlsx[ALL]	OH	LAKE TWP POLICE DEPT	RIFLE,7.62 MILLIMETER	1995-01-05 00:00:00.000	138.0	1	Each	police	10	05	00	5891271	not in file	1005-00-589-1271	not in file	not in file	D	1.0	State	not in file	not in file	not in file	not in file	1995Q1
DISP_AllStatesAndTerritories_06302020.xlsx[ALL]	OH	LAKE TWP POLICE DEPT	RIFLE,7.62 MILLIMETER	1995-01-05 00:00:00.000	138.0	1	Each	police	10	05	00	5891271	not in file	1005-00-589-1271	not in file	not in file	D	1.0	State	not in file	not in file	not in file	not in file	1995Q1
DISP_AllStatesAndTerritories_06302020.xlsx[ALL]	OH	LICKING COUNTY SHERIFF'S OFFICE	RIFLE,7.62 MILLIMETER	1995-01-05 00:00:00.000	138.0	1	Each	sheriff	10	05	00	5891271	not in file	1005-00-589-1271	not in file	not in file	D	1.0	State	not in file	not in file	not in file	not in file	1995Q1
DISP_AllStatesAndTerritories_06302020.xlsx[ALL]	OH	LICKING COUNTY SHERIFF'S OFFICE	RIFLE,7.62 MILLIMETER	1995-01-05 00:00:00.000	138.0	1	Each	sheriff	10	05	00	5891271	not in file	1005-00-589-1271	not in file	not in file	D	1.0	State	not in file	not in file	not in file	not in file	1995Q1
DISP_AllStatesAndTerritories_06302020.xlsx[ALL]	OH	LICKING COUNTY SHERIFF'S OFFICE	RIFLE,7.62 MILLIMETER	1995-01-05 00:00:00.000	138.0	1	Each	sheriff	10	05	00	5891271	not in file	1005-00-589-1271	not in file	not in file	D	1.0	State	not in file	not in file	not in file	not in file	1995Q1
DISP_AllStatesAndTerritories_06302020.xlsx[ALL]	OH	LICKING COUNTY SHERIFF'S OFFICE	RIFLE,7.62 MILLIMETER	1995-01-05 00:00:00.000	138.0	1	Each	sheriff	10	05	00	5891271	not in file	1005-00-589-1271	not in file	not in file	D	1.0	State	not in file	not in file	not in file	not in file	1995Q1
DISP_AllStatesAndTerritories_06302020.xlsx[ALL]	OH	LICKING COUNTY SHERIFF'S OFFICE	RIFLE,7.62 MILLIMETER	1995-01-05 00:00:00.000	138.0	1	Each	sheriff	10	05	00	5891271	not in file	1005-00-589-1271	not in file	not in file	D	1.0	State	not in file	not in file	not in file	not in file	1995Q1
DISP_AllStatesAndTerritories_06302020.xlsx[ALL]	OH	MADISON COUNTY SHERIFF'S OFFICE	RIFLE,7.62 MILLIMETER	1995-01-04 00:00:00.000	138.0	1	Each	sheriff	10	05	00	5891271	not in file	1005-00-589-1271	not in file	not in file	D	1.0	State	not in file	not in file	not in file	not in file	1995Q1
DISP_AllStatesAndTerritories_06302020.xlsx[ALL]	OH	MEIGS COUNTY SHERIFF'S OFFICE	TRUCK,ARMORED	1995-01-01 09:20:11.999	65070.0	1	Each	sheriff	23	20	01	0747642	not in file	2320-01-074-7642	not in file	not in file	C	1.0	State	not in file	not in file	not in file	not in file	1995Q1
DISP_AllStatesAndTerritories_06302020.xlsx[ALL]	OH	SPRINGFIELD TWP POLICE DEPT (AKRON)	RIFLE,7.62 MILLIMETER	1995-01-05 00:00:00.000	138.0	1	Each	police	10	05	00	5891271	not in file	1005-00-589-1271	not in file	not in file	D	1.0	State	not in file	not in file	not in file	not in file	1995Q1
DISP_AllStatesAndTerritories_06302020.xlsx[ALL]	OH	SPRINGFIELD TWP POLICE DEPT (AKRON)	RIFLE,7.62 MILLIMETER	1995-01-05 00:00:00.000	138.0	1	Each	police	10	05	00	5891271	not in file	1005-00-589-1271	not in file	not in file	D	1.0	State	not in file	not in file	not in file	not in file	1995Q1
DISP_AllStatesAndTerritories_06302020.xlsx[ALL]	OH	STRONGSVILLE POLICE DEPT	RIFLE,7.62 MILLIMETER	1995-02-02 00:00:00.000	138.0	1	Each	police	10	05	00	5891271	not in file	1005-00-589-1271	not in file	not in file	D	1.0	State	not in file	not in file	not in file	not in file	1995Q1
DISP_AllStatesAndTerritories_06302020.xlsx[ALL]	OH	STRONGSVILLE POLICE DEPT	RIFLE,7.62 MILLIMETER	1995-02-02 00:00:00.000	138.0	1	Each	police	10	05	00	5891271	not in file	1005-00-589-1271	not in file	not in file	D	1.0	State	not in file	not in file	not in file	not in file	1995Q1
DISP_AllStatesAndTerritories_06302020.xlsx[ALL]	OH	STRONGSVILLE POLICE DEPT	RIFLE,7.62 MILLIMETER	1995-02-02 00:00:00.000	138.0	1	Each	police	10	05	00	5891271	not in file	1005-00-589-1271	not in file	not in file	D	1.0	State	not in file	not in file	not in file	not in file	1995Q1
DISP_AllStatesAndTerritories_06302020.xlsx[ALL]	OH	STRONGSVILLE POLICE DEPT	RIFLE,7.62 MILLIMETER	1995-02-02 00:00:00.000	138.0	1	Each	police	10	05	00	5891271	not in file	1005-00-589-1271	not in file	not in file	D	1.0	State	not in file	not in file	not in file	not in file	1995Q1
DISP_AllStatesAndTerritories_06302020.xlsx[ALL]	OH	STRONGSVILLE POLICE DEPT	RIFLE,7.62 MILLIMETER	1995-02-02 00:00:00.000	138.0	1	Each	police	10	05	00	5891271	not in file	1005-00-589-1271	not in file	not in file	D	1.0	State	not in file	not in file	not in file	not in file	1995Q1
DISP_AllStatesAndTerritories_06302020.xlsx[ALL]	OH	STRONGSVILLE POLICE DEPT	RIFLE,7.62 MILLIMETER	1995-02-02 00:00:00.000	138.0	1	Each	police	10	05	00	5891271	not in file	1005-00-589-1271	not in file	not in file	D	1.0	State	not in file	not in file	not in file	not in file	1995Q1
DISP_AllStatesAndTerritories_06302020.xlsx[ALL]	OH	STRONGSVILLE POLICE DEPT	RIFLE,7.62 MILLIMETER	1995-02-02 00:00:00.000	138.0	1	Each	police	10	05	00	5891271	not in file	1005-00-589-1271	not in file	not in file	D	1.0	State	not in file	not in file	not in file	not in file	1995Q1
DISP_AllStatesAndTerritories_06302020.xlsx[ALL]	OH	STRONGSVILLE POLICE DEPT	RIFLE,7.62 MILLIMETER	1995-02-02 00:00:00.000	138.0	1	Each	police	10	05	00	5891271	not in file	1005-00-589-1271	not in file	not in file	D	1.0	State	not in file	not in file	not in file	not in file	1995Q1
DISP_AllStatesAndTerritories_06302020.xlsx[ALL]	OH	STRONGSVILLE POLICE DEPT	RIFLE,7.62 MILLIMETER	1995-02-02 00:00:00.000	138.0	1	Each	police	10	05	00	5891271	not in file	1005-00-589-1271	not in file	not in file	D	1.0	State	not in file	not in file	not in file	not in file	1995Q1
DISP_AllStatesAndTerritories_06302020.xlsx[ALL]	OH	STRONGSVILLE POLICE DEPT	RIFLE,7.62 MILLIMETER	1995-02-02 00:00:00.000	138.0	1	Each	police	10	05	00	5891271	not in file	1005-00-589-1271	not in file	not in file	D	1.0	State	not in file	not in file	not in file	not in file	1995Q1
DISP_AllStatesAndTerritories_06302020.xlsx[ALL]	OH	TORONTO POLICE DEPT	RIFLE,7.62 MILLIMETER	1995-01-05 00:00:00.000	138.0	1	Each	police	10	05	00	5891271	not in file	1005-00-589-1271	not in file	not in file	D	1.0	State	not in file	not in file	not in file	not in file	1995Q1
DISP_AllStatesAndTerritories_06302020.xlsx[ALL]	OH	TORONTO POLICE DEPT	RIFLE,7.62 MILLIMETER	1995-01-05 00:00:00.000	138.0	1	Each	police	10	05	00	5891271	not in file	1005-00-589-1271	not in file	not in file	D	1.0	State	not in file	not in file	not in file	not in file	1995Q1
DISP_AllStatesAndTerritories_06302020.xlsx[ALL]	OH	TORONTO POLICE DEPT	RIFLE,7.62 MILLIMETER	1995-01-05 00:00:00.000	138.0	1	Each	police	10	05	00	5891271	not in file	1005-00-589-1271	not in file	not in file	D	1.0	State	not in file	not in file	not in file	not in file	1995Q1
DISP_AllStatesAndTerritories_06302020.xlsx[ALL]	OH	TORONTO POLICE DEPT	RIFLE,7.62 MILLIMETER	1995-01-05 00:00:00.000	138.0	1	Each	police	10	05	00	5891271	not in file	1005-00-589-1271	not in file	not in file	D	1.0	State	not in file	not in file	not in file	not in file	1995Q1
DISP_AllStatesAndTerritories_06302020.xlsx[ALL]	OH	TORONTO POLICE DEPT	RIFLE,7.62 MILLIMETER	1995-01-05 00:00:00.000	138.0	1	Each	police	10	05	00	5891271	not in file	1005-00-589-1271	not in file	not in file	D	1.0	State	not in file	not in file	not in file	not in file	1995Q1
DISP_AllStatesAndTerritories_06302020.xlsx[ALL]	WV	BARBOUR COUNTY SHERIFF'S OFFICE	RIFLE,7.62 MILLIMETER	1995-01-04 00:00:00.000	138.0	1	Each	sheriff	10	05	00	5891271	not in file	1005-00-589-1271	not in file	not in file	D	1.0	State	not in file	not in file	not in file	not in file	1995Q1
DISP_AllStatesAndTerritories_06302020.xlsx[ALL]	WV	BARBOUR COUNTY SHERIFF'S OFFICE	RIFLE,7.62 MILLIMETER	1995-01-04 00:00:00.000	138.0	1	Each	sheriff	10	05	00	5891271	not in file	1005-00-589-1271	not in file	not in file	D	1.0	State	not in file	not in file	not in file	not in file	1995Q1
DISP_AllStatesAndTerritories_06302020.xlsx[ALL]	WV	BARBOUR COUNTY SHERIFF'S OFFICE	RIFLE,7.62 MILLIMETER	1995-01-04 00:00:00.000	138.0	1	Each	sheriff	10	05	00	5891271	not in file	1005-00-589-1271	not in file	not in file	D	1.0	State	not in file	not in file	not in file	not in file	1995Q1
DISP_AllStatesAndTerritories_06302020.xlsx[ALL]	WY	STATE PARK AND CULTURAL RES. LE	RIFLE,7.62 MILLIMETER	1995-01-10 00:00:00.000	138.0	1	Each	other	10	05	00	5891271	not in file	1005-00-589-1271	not in file	not in file	D	1.0	State	not in file	not in file	not in file	not in file	1995Q1
DISP_AllStatesAndTerritories_06302020.xlsx[ALL]	WY	SWEETWATER COUNTY SHERIFF'S OFFICE	RIFLE,7.62 MILLIMETER	1995-01-31 00:00:00.000	138.0	1	Each	sheriff	10	05	00	5891271	not in file	1005-00-589-1271	not in file	not in file	D	1.0	State	not in file	not in file	not in file	not in file	1995Q1
DISP_AllStatesAndTerritories_06302020.xlsx[ALL]	WY	SWEETWATER COUNTY SHERIFF'S OFFICE	RIFLE,7.62 MILLIMETER	1995-01-31 00:00:00.000	138.0	1	Each	sheriff	10	05	00	5891271	not in file	1005-00-589-1271	not in file	not in file	D	1.0	State	not in file	not in file	not in file	not in file	1995Q1
DISP_AllStatesAndTerritories_06302020.xlsx[ALL]	WY	SWEETWATER COUNTY SHERIFF'S OFFICE	RIFLE,7.62 MILLIMETER	1995-01-31 00:00:00.000	138.0	1	Each	sheriff	10	05	00	5891271	not in file	1005-00-589-1271	not in file	not in file	D	1.0	State	not in file	not in file	not in file	not in file	1995Q1
DISP_AllStatesAndTerritories_06302020.xlsx[ALL]	WY	SWEETWATER COUNTY SHERIFF'S OFFICE	RIFLE,7.62 MILLIMETER	1995-01-31 00:00:00.000	138.0	1	Each	sheriff	10	05	00	5891271	not in file	1005-00-589-1271	not in file	not in file	D	1.0	State	not in file	not in file	not in file	not in file	1995Q1
DISP_AllStatesAndTerritories_06302020.xlsx[ALL]	WY	SWEETWATER COUNTY SHERIFF'S OFFICE	RIFLE,7.62 MILLIMETER	1995-01-31 00:00:00.000	138.0	1	Each	sheriff	10	05	00	5891271	not in file	1005-00-589-1271	not in file	not in file	D	1.0	State	not in file	not in file	not in file	not in file	1995Q1
DISP_AllStatesAndTerritories_06302020.xlsx[ALL]	WY	SWEETWATER COUNTY SHERIFF'S OFFICE	RIFLE,7.62 MILLIMETER	1995-01-31 00:00:00.000	138.0	1	Each	sheriff	10	05	00	5891271	not in file	1005-00-589-1271	not in file	not in file	D	1.0	State	not in file	not in file	not in file	not in file	1995Q1
DISP_AllStatesAndTerritories_06302020.xlsx[ALL]	WY	SWEETWATER COUNTY SHERIFF'S OFFICE	RIFLE,7.62 MILLIMETER	1995-01-31 00:00:00.000	138.0	1	Each	sheriff	10	05	00	5891271	not in file	1005-00-589-1271	not in file	not in file	D	1.0	State	not in file	not in file	not in file	not in file	1995Q1
DISP_AllStatesAndTerritories_06302020.xlsx[ALL]	WY	SWEETWATER COUNTY SHERIFF'S OFFICE	RIFLE,7.62 MILLIMETER	1995-01-31 00:00:00.000	138.0	1	Each	sheriff	10	05	00	5891271	not in file	1005-00-589-1271	not in file	not in file	D	1.0	State	not in file	not in file	not in file	not in file	1995Q1
OriginatingFile	StateAbbreviation	RequestingAgency	ItemDescription	RecordDate	AcquisitionValue	Quantity	UnitIncrement	AgencyType	Item_FSG	Item_FSC	Item_CC	Item_Code	Justification	NSN	FSC	NIIN	DEMILCode	DEMILIC	StationType	RequisitionID	CancelledBy	RTDRef	ReasonCancelled	Quarter
DISP_AllStatesAndTerritories_03312020.xlsx[ALL]	CA	FOLSOM POLICE DEPT	NIGHT VISION SIGHT	1995-01-19 00:00:00.000	6446.0	1	Each	police	58	55	00	8329341	not in file	5855-00-832-9341	not in file	not in file	C		State	not in file	not in file	not in file	not in file	1995Q1
DISP_AllStatesAndTerritories_03312020.xlsx[ALL]	CA	ROSEVILLE POLICE DEPT	NIGHT VISION SIGHT	1995-01-19 00:00:00.000	6446.0	1	Each	police	58	55	00	8329341	not in file	5855-00-832-9341	not in file	not in file	C		State	not in file	not in file	not in file	not in file	1995Q1
DISP_AllStatesAndTerritories_03312020.xlsx[ALL]	CA	WEST SACRAMENTO POLICE DEPT	NIGHT VISION SIGHT	1995-01-19 00:00:00.000	6446.0	1	Each	police	58	55	00	8329341	not in file	5855-00-832-9341	not in file	not in file	C		State	not in file	not in file	not in file	not in file	1995Q1
DISP_AllStatesAndTerritories_03312020.xlsx[ALL]	CA	WEST SACRAMENTO POLICE DEPT	NIGHT VISION SIGHT	1995-01-19 00:00:00.000	6446.0	1	Each	police	58	55	00	8329341	not in file	5855-00-832-9341	not in file	not in file	C		State	not in file	not in file	not in file	not in file	1995Q1
DISP_AllStatesAndTerritories_03312020.xlsx[ALL]	CO	COLORADO STATE PATROL DENVER	RIFLE,7.62 MILLIMETER	1995-01-10 00:00:00.000	138.0	1	Each	patrol	10	05	00	5891271	not in file	1005-00-589-1271	not in file	not in file	D	1.0	State	not in file	not in file	not in file	not in file	1995Q1
DISP_AllStatesAndTerritories_03312020.xlsx[ALL]	CO	COLORADO STATE PATROL DENVER	RIFLE,7.62 MILLIMETER	1995-01-10 00:00:00.000	138.0	1	Each	patrol	10	05	00	5891271	not in file	1005-00-589-1271	not in file	not in file	D	1.0	State	not in file	not in file	not in file	not in file	1995Q1
DISP_AllStatesAndTerritories_03312020.xlsx[ALL]	CO	COLORADO STATE PATROL DENVER	RIFLE,7.62 MILLIMETER	1995-01-10 00:00:00.000	138.0	1	Each	patrol	10	05	00	5891271	not in file	1005-00-589-1271	not in file	not in file	D	1.0	State	not in file	not in file	not in file	not in file	1995Q1
DISP_AllStatesAndTerritories_03312020.xlsx[ALL]	CO	COLORADO STATE PATROL DENVER	RIFLE,7.62 MILLIMETER	1995-01-10 00:00:00.000	138.0	1	Each	patrol	10	05	00	5891271	not in file	1005-00-589-1271	not in file	not in file	D	1.0	State	not in file	not in file	not in file	not in file	1995Q1
DISP_AllStatesAndTerritories_03312020.xlsx[ALL]	CO	COLORADO STATE PATROL DENVER	RIFLE,7.62 MILLIMETER	1995-01-10 00:00:00.000	138.0	1	Each	patrol	10	05	00	5891271	not in file	1005-00-589-1271	not in file	not in file	D	1.0	State	not in file	not in file	not in file	not in file	1995Q1
DISP_AllStatesAndTerritories_03312020.xlsx[ALL]	CO	COLORADO STATE PATROL DENVER	RIFLE,7.62 MILLIMETER	1995-01-10 00:00:00.000	138.0	1	Each	patrol	10	05	00	5891271	not in file	1005-00-589-1271	not in file	not in file	D	1.0	State	not in file	not in file	not in file	not in file	1995Q1
DISP_AllStatesAndTerritories_03312020.xlsx[ALL]	CO	COLORADO STATE PATROL DENVER	RIFLE,7.62 MILLIMETER	1995-01-10 00:00:00.000	138.0	1	Each	patrol	10	05	00	5891271	not in file	1005-00-589-1271	not in file	not in file	D	1.0	State	not in file	not in file	not in file	not in file	1995Q1
DISP_AllStatesAndTerritories_03312020.xlsx[ALL]	CO	HINSDALE COUNTY SHERIFF OFFICE	RIFLE,7.62 MILLIMETER	1995-01-10 00:00:00.000	138.0	1	Each	sheriff	10	05	00	5891271	not in file	1005-00-589-1271	not in file	not in file	D	1.0	State	not in file	not in file	not in file	not in file	1995Q1
DISP_AllStatesAndTerritories_03312020.xlsx[ALL]	CO	HINSDALE COUNTY SHERIFF OFFICE	RIFLE,7.62 MILLIMETER	1995-01-10 00:00:00.000	138.0	1	Each	sheriff	10	05	00	5891271	not in file	1005-00-589-1271	not in file	not in file	D	1.0	State	not in file	not in file	not in file	not in file	1995Q1
DISP_AllStatesAndTerritories_03312020.xlsx[ALL]	CO	HINSDALE COUNTY SHERIFF OFFICE	RIFLE,7.62 MILLIMETER	1995-01-10 00:00:00.000	138.0	1	Each	sheriff	10	05	00	5891271	not in file	1005-00-589-1271	not in file	not in file	D	1.0	State	not in file	not in file	not in file	not in file	1995Q1
DISP_AllStatesAndTerritories_03312020.xlsx[ALL]	CO	HINSDALE COUNTY SHERIFF OFFICE	RIFLE,7.62 MILLIMETER	1995-01-10 00:00:00.000	138.0	1	Each	sheriff	10	05	00	5891271	not in file	1005-00-589-1271	not in file	not in file	D	1.0	State	not in file	not in file	not in file	not in file	1995Q1
DISP_AllStatesAndTerritories_03312020.xlsx[ALL]	CT	WINDSOR POLICE DEPT	RIFLE,7.62 MILLIMETER	1995-01-10 00:00:00.000	138.0	1	Each	police	10	05	00	5891271	not in file	1005-00-589-1271	not in file	not in file	D	1.0	State	not in file	not in file	not in file	not in file	1995Q1
DISP_AllStatesAndTerritories_03312020.xlsx[ALL]	CT	WINDSOR POLICE DEPT	RIFLE,7.62 MILLIMETER	1995-01-10 00:00:00.000	138.0	1	Each	police	10	05	00	5891271	not in file	1005-00-589-1271	not in file	not in file	D	1.0	State	not in file	not in file	not in file	not in file	1995Q1
DISP_AllStatesAndTerritories_03312020.xlsx[ALL]	CT	WINDSOR POLICE DEPT	RIFLE,7.62 MILLIMETER	1995-01-10 00:00:00.000	138.0	1	Each	police	10	05	00	5891271	not in file	1005-00-589-1271	not in file	not in file	D	1.0	State	not in file	not in file	not in file	not in file	1995Q1
DISP_AllStatesAndTerritories_03312020.xlsx[ALL]	CT	WINDSOR POLICE DEPT	RIFLE,7.62 MILLIMETER	1995-01-10 00:00:00.000	138.0	1	Each	police	10	05	00	5891271	not in file	1005-00-589-1271	not in file	not in file	D	1.0	State	not in file	not in file	not in file	not in file	1995Q1
DISP_AllStatesAndTerritories_03312020.xlsx[ALL]	CT	WINDSOR POLICE DEPT	RIFLE,7.62 MILLIMETER	1995-01-10 00:00:00.000	138.0	1	Each	police	10	05	00	5891271	not in file	1005-00-589-1271	not in file	not in file	D	1.0	State	not in file	not in file	not in file	not in file	1995Q1
DISP_AllStatesAndTerritories_03312020.xlsx[ALL]	CT	WINDSOR POLICE DEPT	RIFLE,7.62 MILLIMETER	1995-01-10 00:00:00.000	138.0	1	Each	police	10	05	00	5891271	not in file	1005-00-589-1271	not in file	not in file	D	1.0	State	not in file	not in file	not in file	not in file	1995Q1
DISP_AllStatesAndTerritories_03312020.xlsx[ALL]	FL	FISH AND WILDLIFE LAW ENF	SIGHT,NIGHT VISION	1995-01-23 00:00:00.000	5029.0	1	Each	law enforcement	58	55	00	1061573	not in file	5855-00-106-1573	not in file	not in file	C		State	not in file	not in file	not in file	not in file	1995Q1
DISP_AllStatesAndTerritories_03312020.xlsx[ALL]	FL	LAKE WALES POLICE DEPT	RIFLE,7.62 MILLIMETER	1995-01-10 00:00:00.000	138.0	1	Each	police	10	05	00	5891271	not in file	1005-00-589-1271	not in file	not in file	D	1.0	State	not in file	not in file	not in file	not in file	1995Q1
DISP_AllStatesAndTerritories_03312020.xlsx[ALL]	FL	LAKE WALES POLICE DEPT	RIFLE,7.62 MILLIMETER	1995-01-10 00:00:00.000	138.0	1	Each	police	10	05	00	5891271	not in file	1005-00-589-1271	not in file	not in file	D	1.0	State	not in file	not in file	not in file	not in file	1995Q1
DISP_AllStatesAndTerritories_03312020.xlsx[ALL]	FL	LAKE WALES POLICE DEPT	RIFLE,7.62 MILLIMETER	1995-01-10 00:00:00.000	138.0	1	Each	police	10	05	00	5891271	not in file	1005-00-589-1271	not in file	not in file	D	1.0	State	not in file	not in file	not in file	not in file	1995Q1
DISP_AllStatesAndTerritories_03312020.xlsx[ALL]	FL	LAKE WALES POLICE DEPT	RIFLE,7.62 MILLIMETER	1995-01-10 00:00:00.000	138.0	1	Each	police	10	05	00	5891271	not in file	1005-00-589-1271	not in file	not in file	D	1.0	State	not in file	not in file	not in file	not in file	1995Q1
DISP_AllStatesAndTerritories_03312020.xlsx[ALL]	FL	LAKE WALES POLICE DEPT	RIFLE,7.62 MILLIMETER	1995-01-10 00:00:00.000	138.0	1	Each	police	10	05	00	5891271	not in file	1005-00-589-1271	not in file	not in file	D	1.0	State	not in file	not in file	not in file	not in file	1995Q1
DISP_AllStatesAndTerritories_03312020.xlsx[ALL]	FL	LAKE WALES POLICE DEPT	RIFLE,7.62 MILLIMETER	1995-01-10 00:00:00.000	138.0	1	Each	police	10	05	00	5891271	not in file	1005-00-589-1271	not in file	not in file	D	1.0	State	not in file	not in file	not in file	not in file	1995Q1
DISP_AllStatesAndTerritories_03312020.xlsx[ALL]	GA	BARROW COUNTY SHERIFF OFFICE	SIGHT,NIGHT VISION	1995-01-25 00:00:00.000	5029.0	1	Each	sheriff	58	55	00	1061573	not in file	5855-00-106-1573	not in file	not in file	C		State	not in file	not in file	not in file	not in file	1995Q1
DISP_AllStatesAndTerritories_03312020.xlsx[ALL]	IL	JOLIET POLICE DEPT	TRUCK,ARMORED	1995-01-06 00:00:00.000	65070.0	1	Each	police	23	20	01	0747642	not in file	2320-01-074-7642	not in file	not in file	C	1.0	State	not in file	not in file	not in file	not in file	1995Q1
DISP_AllStatesAndTerritories_03312020.xlsx[ALL]	IN	CUMBERLAND POLICE DEPT	RIFLE,7.62 MILLIMETER	1995-01-31 00:00:00.000	138.0	1	Each	police	10	05	00	5891271	not in file	1005-00-589-1271	not in file	not in file	D	1.0	State	not in file	not in file	not in file	not in file	1995Q1
DISP_AllStatesAndTerritories_03312020.xlsx[ALL]	IN	CUMBERLAND POLICE DEPT	RIFLE,7.62 MILLIMETER	1995-01-31 00:00:00.000	138.0	1	Each	police	10	05	00	5891271	not in file	1005-00-589-1271	not in file	not in file	D	1.0	State	not in file	not in file	not in file	not in file	1995Q1
DISP_AllStatesAndTerritories_03312020.xlsx[ALL]	IN	CUMBERLAND POLICE DEPT	RIFLE,7.62 MILLIMETER	1995-01-31 00:00:00.000	138.0	1	Each	police	10	05	00	5891271	not in file	1005-00-589-1271	not in file	not in file	D	1.0	State	not in file	not in file	not in file	not in file	1995Q1
DISP_AllStatesAndTerritories_03312020.xlsx[ALL]	IN	CUMBERLAND POLICE DEPT	RIFLE,7.62 MILLIMETER	1995-01-31 00:00:00.000	138.0	1	Each	police	10	05	00	5891271	not in file	1005-00-589-1271	not in file	not in file	D	1.0	State	not in file	not in file	not in file	not in file	1995Q1
DISP_AllStatesAndTerritories_03312020.xlsx[ALL]	IN	CUMBERLAND POLICE DEPT	RIFLE,7.62 MILLIMETER	1995-01-31 00:00:00.000	138.0	1	Each	police	10	05	00	5891271	not in file	1005-00-589-1271	not in file	not in file	D	1.0	State	not in file	not in file	not in file	not in file	1995Q1
DISP_AllStatesAndTerritories_03312020.xlsx[ALL]	IN	DALEVILLE POLICE DEPT	RIFLE,7.62 MILLIMETER	1995-02-02 00:00:00.000	138.0	1	Each	police	10	05	00	5891271	not in file	1005-00-589-1271	not in file	not in file	D	1.0	State	not in file	not in file	not in file	not in file	1995Q1
DISP_AllStatesAndTerritories_03312020.xlsx[ALL]	IN	DALEVILLE POLICE DEPT	RIFLE,7.62 MILLIMETER	1995-02-02 00:00:00.000	138.0	1	Each	police	10	05	00	5891271	not in file	1005-00-589-1271	not in file	not in file	D	1.0	State	not in file	not in file	not in file	not in file	1995Q1
DISP_AllStatesAndTerritories_03312020.xlsx[ALL]	IN	GARRETT POLICE DEPT	RIFLE,7.62 MILLIMETER	1995-02-02 00:00:00.000	138.0	1	Each	police	10	05	00	5891271	not in file	1005-00-589-1271	not in file	not in file	D	1.0	State	not in file	not in file	not in file	not in file	1995Q1
DISP_AllStatesAndTerritories_03312020.xlsx[ALL]	IN	GASTON POLICE DEPARTMENT	RIFLE,7.62 MILLIMETER	1995-02-02 00:00:00.000	138.0	1	Each	police	10	05	00	5891271	not in file	1005-00-589-1271	not in file	not in file	D	1.0	State	not in file	not in file	not in file	not in file	1995Q1
DISP_AllStatesAndTerritories_03312020.xlsx[ALL]	IN	INDIANAPOLIS POLICE DEPT	RIFLE,7.62 MILLIMETER	1995-02-02 00:00:00.000	138.0	1	Each	police	10	05	00	5891271	not in file	1005-00-589-1271	not in file	not in file	D	1.0	State	not in file	not in file	not in file	not in file	1995Q1
DISP_AllStatesAndTerritories_03312020.xlsx[ALL]	IN	INDIANAPOLIS POLICE DEPT	RIFLE,7.62 MILLIMETER	1995-02-02 00:00:00.000	138.0	1	Each	police	10	05	00	5891271	not in file	1005-00-589-1271	not in file	not in file	D	1.0	State	not in file	not in file	not in file	not in file	1995Q1
DISP_AllStatesAndTerritories_03312020.xlsx[ALL]	IN	INDIANAPOLIS POLICE DEPT	RIFLE,7.62 MILLIMETER	1995-02-02 00:00:00.000	138.0	1	Each	police	10	05	00	5891271	not in file	1005-00-589-1271	not in file	not in file	D	1.0	State	not in file	not in file	not in file	not in file	1995Q1
DISP_AllStatesAndTerritories_03312020.xlsx[ALL]	IN	INDIANAPOLIS POLICE DEPT	RIFLE,7.62 MILLIMETER	1995-02-02 00:00:00.000	138.0	1	Each	police	10	05	00	5891271	not in file	1005-00-589-1271	not in file	not in file	D	1.0	State	not in file	not in file	not in file	not in file	1995Q1
DISP_AllStatesAndTerritories_03312020.xlsx[ALL]	IN	LAKE COUNTY SHERIFF DEPT	NIGHT VISION GOGGLE	1995-01-01 08:50:12.000	3578.0	1	Each	sheriff	58	55	01	2280937	not in file	5855-01-228-0937	not in file	not in file	F	1.0	State	not in file	not in file	not in file	not in file	1995Q1
DISP_AllStatesAndTerritories_03312020.xlsx[ALL]	IN	LAKE COUNTY SHERIFF DEPT	NIGHT VISION GOGGLE	1995-01-01 08:50:12.000	3578.0	1	Each	sheriff	58	55	01	2280937	not in file	5855-01-228-0937	not in file	not in file	F	1.0	State	not in file	not in file	not in file	not in file	1995Q1
DISP_AllStatesAndTerritories_03312020.xlsx[ALL]	IN	MILTON POLICE DEPT	RIFLE,7.62 MILLIMETER	1995-01-10 00:00:00.000	138.0	1	Each	police	10	05	00	5891271	not in file	1005-00-589-1271	not in file	not in file	D	1.0	State	not in file	not in file	not in file	not in file	1995Q1
DISP_AllStatesAndTerritories_03312020.xlsx[ALL]	IN	NEW HAVEN POLICE DEPT	RIFLE,7.62 MILLIMETER	1995-02-02 00:00:00.000	138.0	1	Each	police	10	05	00	5891271	not in file	1005-00-589-1271	not in file	not in file	D	1.0	State	not in file	not in file	not in file	not in file	1995Q1
DISP_AllStatesAndTerritories_03312020.xlsx[ALL]	IN	SALEM POLICE DEPT	RIFLE,7.62 MILLIMETER	1995-03-18 00:00:00.000	138.0	1	Each	police	10	05	00	5891271	not in file	1005-00-589-1271	not in file	not in file	D	1.0	State	not in file	not in file	not in file	not in file	1995Q1
DISP_AllStatesAndTerritories_03312020.xlsx[ALL]	IN	SALEM POLICE DEPT	RIFLE,7.62 MILLIMETER	1995-03-18 00:00:00.000	138.0	1	Each	police	10	05	00	5891271	not in file	1005-00-589-1271	not in file	not in file	D	1.0	State	not in file	not in file	not in file	not in file	1995Q1
DISP_AllStatesAndTerritories_03312020.xlsx[ALL]	IN	SHELBYVILLE POLICE DEPT	RIFLE,7.62 MILLIMETER	1995-01-31 00:00:00.000	138.0	1	Each	police	10	05	00	5891271	not in file	1005-00-589-1271	not in file	not in file	D	1.0	State	not in file	not in file	not in file	not in file	1995Q1
DISP_AllStatesAndTerritories_03312020.xlsx[ALL]	IN	SHELBYVILLE POLICE DEPT	RIFLE,7.62 MILLIMETER	1995-01-31 00:00:00.000	138.0	1	Each	police	10	05	00	5891271	not in file	1005-00-589-1271	not in file	not in file	D	1.0	State	not in file	not in file	not in file	not in file	1995Q1
DISP_AllStatesAndTerritories_03312020.xlsx[ALL]	IN	SHELBYVILLE POLICE DEPT	RIFLE,7.62 MILLIMETER	1995-01-31 00:00:00.000	138.0	1	Each	police	10	05	00	5891271	not in file	1005-00-589-1271	not in file	not in file	D	1.0	State	not in file	not in file	not in file	not in file	1995Q1
DISP_AllStatesAndTerritories_03312020.xlsx[ALL]	IN	SHOALS POLICE DEPT	RIFLE,7.62 MILLIMETER	1995-02-02 00:00:00.000	138.0	1	Each	police	10	05	00	5891271	not in file	1005-00-589-1271	not in file	not in file	D	1.0	State	not in file	not in file	not in file	not in file	1995Q1
DISP_AllStatesAndTerritories_03312020.xlsx[ALL]	IN	SHOALS POLICE DEPT	RIFLE,7.62 MILLIMETER	1995-02-02 00:00:00.000	138.0	1	Each	police	10	05	00	5891271	not in file	1005-00-589-1271	not in file	not in file	D	1.0	State	not in file	not in file	not in file	not in file	1995Q1
DISP_AllStatesAndTerritories_03312020.xlsx[ALL]	IN	SHOALS POLICE DEPT	RIFLE,7.62 MILLIMETER	1995-02-02 00:00:00.000	138.0	1	Each	police	10	05	00	5891271	not in file	1005-00-589-1271	not in file	not in file	D	1.0	State	not in file	not in file	not in file	not in file	1995Q1
DISP_AllStatesAndTerritories_03312020.xlsx[ALL]	IN	STATE EXCISE POLICE	RIFLE,7.62 MILLIMETER	1995-01-31 00:00:00.000	138.0	1	Each	police	10	05	00	5891271	not in file	1005-00-589-1271	not in file	not in file	D	1.0	State	not in file	not in file	not in file	not in file	1995Q1
DISP_AllStatesAndTerritories_03312020.xlsx[ALL]	IN	STATE EXCISE POLICE	RIFLE,7.62 MILLIMETER	1995-01-31 00:00:00.000	138.0	1	Each	police	10	05	00	5891271	not in file	1005-00-589-1271	not in file	not in file	D	1.0	State	not in file	not in file	not in file	not in file	1995Q1
DISP_AllStatesAndTerritories_03312020.xlsx[ALL]	IN	UTICA POLICE DEPT	RIFLE,7.62 MILLIMETER	1995-02-02 00:00:00.000	138.0	1	Each	police	10	05	00	5891271	not in file	1005-00-589-1271	not in file	not in file	D	1.0	State	not in file	not in file	not in file	not in file	1995Q1
DISP_AllStatesAndTerritories_03312020.xlsx[ALL]	KS	GREAT BEND POLICE DEPARTMENT	RIFLE,7.62 MILLIMETER	1995-01-10 00:00:00.000	138.0	1	Each	police	10	05	00	5891271	not in file	1005-00-589-1271	not in file	not in file	D	1.0	State	not in file	not in file	not in file	not in file	1995Q1
DISP_AllStatesAndTerritories_03312020.xlsx[ALL]	KS	GREAT BEND POLICE DEPARTMENT	RIFLE,7.62 MILLIMETER	1995-01-10 00:00:00.000	138.0	1	Each	police	10	05	00	5891271	not in file	1005-00-589-1271	not in file	not in file	D	1.0	State	not in file	not in file	not in file	not in file	1995Q1
DISP_AllStatesAndTerritories_03312020.xlsx[ALL]	KS	HASKELL COUNTY SHERIFF DEPT	RIFLE,7.62 MILLIMETER	1995-02-02 00:00:00.000	138.0	1	Each	sheriff	10	05	00	5891271	not in file	1005-00-589-1271	not in file	not in file	D	1.0	State	not in file	not in file	not in file	not in file	1995Q1
DISP_AllStatesAndTerritories_03312020.xlsx[ALL]	KS	HASKELL COUNTY SHERIFF DEPT	RIFLE,7.62 MILLIMETER	1995-02-02 00:00:00.000	138.0	1	Each	sheriff	10	05	00	5891271	not in file	1005-00-589-1271	not in file	not in file	D	1.0	State	not in file	not in file	not in file	not in file	1995Q1
DISP_AllStatesAndTerritories_03312020.xlsx[ALL]	KS	HASKELL COUNTY SHERIFF DEPT	RIFLE,7.62 MILLIMETER	1995-02-02 00:00:00.000	138.0	1	Each	sheriff	10	05	00	5891271	not in file	1005-00-589-1271	not in file	not in file	D	1.0	State	not in file	not in file	not in file	not in file	1995Q1
DISP_AllStatesAndTerritories_03312020.xlsx[ALL]	KS	HASKELL COUNTY SHERIFF DEPT	RIFLE,7.62 MILLIMETER	1995-02-02 00:00:00.000	138.0	1	Each	sheriff	10	05	00	5891271	not in file	1005-00-589-1271	not in file	not in file	D	1.0	State	not in file	not in file	not in file	not in file	1995Q1
DISP_AllStatesAndTerritories_03312020.xlsx[ALL]	KS	HASKELL COUNTY SHERIFF DEPT	RIFLE,7.62 MILLIMETER	1995-02-02 00:00:00.000	138.0	1	Each	sheriff	10	05	00	5891271	not in file	1005-00-589-1271	not in file	not in file	D	1.0	State	not in file	not in file	not in file	not in file	1995Q1
DISP_AllStatesAndTerritories_03312020.xlsx[ALL]	KY	MONTGOMERY COUNTY SHERIFFS OFFICE	RIFLE,7.62 MILLIMETER	1995-01-10 00:00:00.000	138.0	1	Each	sheriff	10	05	00	5891271	not in file	1005-00-589-1271	not in file	not in file	D	1.0	State	not in file	not in file	not in file	not in file	1995Q1
DISP_AllStatesAndTerritories_03312020.xlsx[ALL]	KY	MONTGOMERY COUNTY SHERIFFS OFFICE	RIFLE,7.62 MILLIMETER	1995-01-10 00:00:00.000	138.0	1	Each	sheriff	10	05	00	5891271	not in file	1005-00-589-1271	not in file	not in file	D	1.0	State	not in file	not in file	not in file	not in file	1995Q1
DISP_AllStatesAndTerritories_03312020.xlsx[ALL]	KY	MONTGOMERY COUNTY SHERIFFS OFFICE	RIFLE,7.62 MILLIMETER	1995-01-10 00:00:00.000	138.0	1	Each	sheriff	10	05	00	5891271	not in file	1005-00-589-1271	not in file	not in file	D	1.0	State	not in file	not in file	not in file	not in file	1995Q1
DISP_AllStatesAndTerritories_03312020.xlsx[ALL]	KY	MOUNT STERLING POLICE DEPT	RIFLE,7.62 MILLIMETER	1995-01-10 00:00:00.000	138.0	1	Each	police	10	05	00	5891271	not in file	1005-00-589-1271	not in file	not in file	D	1.0	State	not in file	not in file	not in file	not in file	1995Q1
DISP_AllStatesAndTerritories_03312020.xlsx[ALL]	KY	MOUNT STERLING POLICE DEPT	RIFLE,7.62 MILLIMETER	1995-01-10 00:00:00.000	138.0	1	Each	police	10	05	00	5891271	not in file	1005-00-589-1271	not in file	not in file	D	1.0	State	not in file	not in file	not in file	not in file	1995Q1
DISP_AllStatesAndTerritories_03312020.xlsx[ALL]	KY	WARREN COUNTY SHERIFF OFFICE	RIFLE,7.62 MILLIMETER	1995-01-10 00:00:00.000	138.0	1	Each	sheriff	10	05	00	5891271	not in file	1005-00-589-1271	not in file	not in file	D	1.0	State	not in file	not in file	not in file	not in file	1995Q1
DISP_AllStatesAndTerritories_03312020.xlsx[ALL]	MD	PRINCE GEORGE'S CTY SHERIFF OFFICE	NIGHT VISION SIGHT	1995-03-15 00:00:00.000	4379.62	1	Each	sheriff	58	55	01	0202211	not in file	5855-01-020-2211	not in file	not in file	F	1.0	State	not in file	not in file	not in file	not in file	1995Q1
DISP_AllStatesAndTerritories_03312020.xlsx[ALL]	MD	PRINCE GEORGE'S CTY SHERIFF OFFICE	NIGHT VISION SIGHT	1995-03-15 00:00:00.000	4379.62	1	Each	sheriff	58	55	01	0202211	not in file	5855-01-020-2211	not in file	not in file	F	1.0	State	not in file	not in file	not in file	not in file	1995Q1
DISP_AllStatesAndTerritories_03312020.xlsx[ALL]	MA	CHICOPEE POLICE DEPT	RIFLE,7.62 MILLIMETER	1995-02-02 00:00:00.000	138.0	1	Each	police	10	05	00	5891271	not in file	1005-00-589-1271	not in file	not in file	D	1.0	State	not in file	not in file	not in file	not in file	1995Q1
DISP_AllStatesAndTerritories_03312020.xlsx[ALL]	MA	CHICOPEE POLICE DEPT	NIGHT VISION GOGGLE	1995-02-21 00:00:00.000	4300.0	1	Each	police	58	55	01	2280936	not in file	5855-01-228-0936	not in file	not in file	F	1.0	State	not in file	not in file	not in file	not in file	1995Q1
DISP_AllStatesAndTerritories_03312020.xlsx[ALL]	MA	CHICOPEE POLICE DEPT	RIFLE,7.62 MILLIMETER	1995-02-02 00:00:00.000	138.0	1	Each	police	10	05	00	5891271	not in file	1005-00-589-1271	not in file	not in file	D	1.0	State	not in file	not in file	not in file	not in file	1995Q1
DISP_AllStatesAndTerritories_03312020.xlsx[ALL]	MA	CHICOPEE POLICE DEPT	NIGHT VISION GOGGLE	1995-02-21 00:00:00.000	4300.0	1	Each	police	58	55	01	2280936	not in file	5855-01-228-0936	not in file	not in file	F	1.0	State	not in file	not in file	not in file	not in file	1995Q1
DISP_AllStatesAndTerritories_03312020.xlsx[ALL]	MA	HADLEY POLICE DEPT	RIFLE,7.62 MILLIMETER	1995-02-02 00:00:00.000	138.0	1	Each	police	10	05	00	5891271	not in file	1005-00-589-1271	not in file	not in file	D	1.0	State	not in file	not in file	not in file	not in file	1995Q1
DISP_AllStatesAndTerritories_03312020.xlsx[ALL]	MA	HADLEY POLICE DEPT	RIFLE,7.62 MILLIMETER	1995-02-02 00:00:00.000	138.0	1	Each	police	10	05	00	5891271	not in file	1005-00-589-1271	not in file	not in file	D	1.0	State	not in file	not in file	not in file	not in file	1995Q1
DISP_AllStatesAndTerritories_03312020.xlsx[ALL]	MA	HADLEY POLICE DEPT	RIFLE,7.62 MILLIMETER	1995-02-02 00:00:00.000	138.0	1	Each	police	10	05	00	5891271	not in file	1005-00-589-1271	not in file	not in file	D	1.0	State	not in file	not in file	not in file	not in file	1995Q1
DISP_AllStatesAndTerritories_03312020.xlsx[ALL]	MA	HADLEY POLICE DEPT	RIFLE,7.62 MILLIMETER	1995-02-02 00:00:00.000	138.0	1	Each	police	10	05	00	5891271	not in file	1005-00-589-1271	not in file	not in file	D	1.0	State	not in file	not in file	not in file	not in file	1995Q1
DISP_AllStatesAndTerritories_03312020.xlsx[ALL]	MA	HADLEY POLICE DEPT	RIFLE,7.62 MILLIMETER	1995-02-02 00:00:00.000	138.0	1	Each	police	10	05	00	5891271	not in file	1005-00-589-1271	not in file	not in file	D	1.0	State	not in file	not in file	not in file	not in file	1995Q1
DISP_AllStatesAndTerritories_03312020.xlsx[ALL]	MA	SOUTHBRIDGE POLICE DEPT	RIFLE,7.62 MILLIMETER	1995-01-04 00:00:00.000	138.0	1	Each	police	10	05	00	5891271	not in file	1005-00-589-1271	not in file	not in file	D	1.0	State	not in file	not in file	not in file	not in file	1995Q1
DISP_AllStatesAndTerritories_03312020.xlsx[ALL]	MA	SOUTHBRIDGE POLICE DEPT	RIFLE,7.62 MILLIMETER	1995-01-04 00:00:00.000	138.0	1	Each	police	10	05	00	5891271	not in file	1005-00-589-1271	not in file	not in file	D	1.0	State	not in file	not in file	not in file	not in file	1995Q1
DISP_AllStatesAndTerritories_03312020.xlsx[ALL]	NH	GRAFTON POLICE DEPT	RIFLE,7.62 MILLIMETER	1995-02-16 00:00:00.000	138.0	1	Each	police	10	05	00	5891271	not in file	1005-00-589-1271	not in file	not in file	D	1.0	State	not in file	not in file	not in file	not in file	1995Q1
DISP_AllStatesAndTerritories_03312020.xlsx[ALL]	NJ	PERTH AMBOY POLICE DEPT	RIFLE,7.62 MILLIMETER	1995-01-05 00:00:00.000	138.0	1	Each	police	10	05	00	5891271	not in file	1005-00-589-1271	not in file	not in file	D	1.0	State	not in file	not in file	not in file	not in file	1995Q1
DISP_AllStatesAndTerritories_03312020.xlsx[ALL]	NJ	PERTH AMBOY POLICE DEPT	RIFLE,7.62 MILLIMETER	1995-01-05 00:00:00.000	138.0	1	Each	police	10	05	00	5891271	not in file	1005-00-589-1271	not in file	not in file	D	1.0	State	not in file	not in file	not in file	not in file	1995Q1
DISP_AllStatesAndTerritories_03312020.xlsx[ALL]	NJ	PERTH AMBOY POLICE DEPT	RIFLE,7.62 MILLIMETER	1995-01-05 00:00:00.000	138.0	1	Each	police	10	05	00	5891271	not in file	1005-00-589-1271	not in file	not in file	D	1.0	State	not in file	not in file	not in file	not in file	1995Q1
DISP_AllStatesAndTerritories_03312020.xlsx[ALL]	NJ	PERTH AMBOY POLICE DEPT	RIFLE,7.62 MILLIMETER	1995-01-05 00:00:00.000	138.0	1	Each	police	10	05	00	5891271	not in file	1005-00-589-1271	not in file	not in file	D	1.0	State	not in file	not in file	not in file	not in file	1995Q1
DISP_AllStatesAndTerritories_03312020.xlsx[ALL]	ND	BURLINGTON POLICE DEPT	RIFLE,7.62 MILLIMETER	1995-01-31 00:00:00.000	138.0	1	Each	police	10	05	00	5891271	not in file	1005-00-589-1271	not in file	not in file	D	1.0	State	not in file	not in file	not in file	not in file	1995Q1
DISP_AllStatesAndTerritories_03312020.xlsx[ALL]	ND	MCHENRY COUNTY SHERIFF DEPT	RIFLE,7.62 MILLIMETER	1995-01-31 00:00:00.000	138.0	1	Each	sheriff	10	05	00	5891271	not in file	1005-00-589-1271	not in file	not in file	D	1.0	State	not in file	not in file	not in file	not in file	1995Q1
DISP_AllStatesAndTerritories_03312020.xlsx[ALL]	ND	MCHENRY COUNTY SHERIFF DEPT	RIFLE,7.62 MILLIMETER	1995-01-31 00:00:00.000	138.0	1	Each	sheriff	10	05	00	5891271	not in file	1005-00-589-1271	not in file	not in file	D	1.0	State	not in file	not in file	not in file	not in file	1995Q1
DISP_AllStatesAndTerritories_03312020.xlsx[ALL]	ND	MCHENRY COUNTY SHERIFF DEPT	RIFLE,7.62 MILLIMETER	1995-01-31 00:00:00.000	138.0	1	Each	sheriff	10	05	00	5891271	not in file	1005-00-589-1271	not in file	not in file	D	1.0	State	not in file	not in file	not in file	not in file	1995Q1
DISP_AllStatesAndTerritories_03312020.xlsx[ALL]	ND	MCHENRY COUNTY SHERIFF DEPT	RIFLE,7.62 MILLIMETER	1995-01-31 00:00:00.000	138.0	1	Each	sheriff	10	05	00	5891271	not in file	1005-00-589-1271	not in file	not in file	D	1.0	State	not in file	not in file	not in file	not in file	1995Q1
DISP_AllStatesAndTerritories_03312020.xlsx[ALL]	ND	MCHENRY COUNTY SHERIFF DEPT	RIFLE,7.62 MILLIMETER	1995-01-31 00:00:00.000	138.0	1	Each	sheriff	10	05	00	5891271	not in file	1005-00-589-1271	not in file	not in file	D	1.0	State	not in file	not in file	not in file	not in file	1995Q1
DISP_AllStatesAndTerritories_03312020.xlsx[ALL]	ND	MCHENRY COUNTY SHERIFF DEPT	RIFLE,7.62 MILLIMETER	1995-01-31 00:00:00.000	138.0	1	Each	sheriff	10	05	00	5891271	not in file	1005-00-589-1271	not in file	not in file	D	1.0	State	not in file	not in file	not in file	not in file	1995Q1
DISP_AllStatesAndTerritories_03312020.xlsx[ALL]	ND	MCHENRY COUNTY SHERIFF DEPT	RIFLE,7.62 MILLIMETER	1995-01-31 00:00:00.000	138.0	1	Each	sheriff	10	05	00	5891271	not in file	1005-00-589-1271	not in file	not in file	D	1.0	State	not in file	not in file	not in file	not in file	1995Q1
DISP_AllStatesAndTerritories_03312020.xlsx[ALL]	ND	RAMSEY COUNTY SHERIFF DEPT	RIFLE,7.62 MILLIMETER	1995-01-31 00:00:00.000	138.0	1	Each	sheriff	10	05	00	5891271	not in file	1005-00-589-1271	not in file	not in file	D	1.0	State	not in file	not in file	not in file	not in file	1995Q1
DISP_AllStatesAndTerritories_03312020.xlsx[ALL]	ND	RAMSEY COUNTY SHERIFF DEPT	RIFLE,7.62 MILLIMETER	1995-01-31 00:00:00.000	138.0	1	Each	sheriff	10	05	00	5891271	not in file	1005-00-589-1271	not in file	not in file	D	1.0	State	not in file	not in file	not in file	not in file	1995Q1
DISP_AllStatesAndTerritories_03312020.xlsx[ALL]	ND	RAMSEY COUNTY SHERIFF DEPT	RIFLE,7.62 MILLIMETER	1995-01-31 00:00:00.000	138.0	1	Each	sheriff	10	05	00	5891271	not in file	1005-00-589-1271	not in file	not in file	D	1.0	State	not in file	not in file	not in file	not in file	1995Q1
DISP_AllStatesAndTerritories_03312020.xlsx[ALL]	ND	RAMSEY COUNTY SHERIFF DEPT	RIFLE,7.62 MILLIMETER	1995-01-31 00:00:00.000	138.0	1	Each	sheriff	10	05	00	5891271	not in file	1005-00-589-1271	not in file	not in file	D	1.0	State	not in file	not in file	not in file	not in file	1995Q1
DISP_AllStatesAndTerritories_03312020.xlsx[ALL]	ND	RAMSEY COUNTY SHERIFF DEPT	RIFLE,7.62 MILLIMETER	1995-01-31 00:00:00.000	138.0	1	Each	sheriff	10	05	00	5891271	not in file	1005-00-589-1271	not in file	not in file	D	1.0	State	not in file	not in file	not in file	not in file	1995Q1
DISP_AllStatesAndTerritories_03312020.xlsx[ALL]	ND	SURREY POLICE DEPT	RIFLE,7.62 MILLIMETER	1995-01-31 00:00:00.000	138.0	1	Each	police	10	05	00	5891271	not in file	1005-00-589-1271	not in file	not in file	D	1.0	State	not in file	not in file	not in file	not in file	1995Q1
DISP_AllStatesAndTerritories_03312020.xlsx[ALL]	ND	VALLEY CITY POLICE DEPT	RIFLE,7.62 MILLIMETER	1995-01-31 00:00:00.000	138.0	1	Each	police	10	05	00	5891271	not in file	1005-00-589-1271	not in file	not in file	D	1.0	State	not in file	not in file	not in file	not in file	1995Q1
DISP_AllStatesAndTerritories_03312020.xlsx[ALL]	ND	VALLEY CITY POLICE DEPT	RIFLE,7.62 MILLIMETER	1995-01-31 00:00:00.000	138.0	1	Each	police	10	05	00	5891271	not in file	1005-00-589-1271	not in file	not in file	D	1.0	State	not in file	not in file	not in file	not in file	1995Q1
DISP_AllStatesAndTerritories_03312020.xlsx[ALL]	ND	VALLEY CITY POLICE DEPT	RIFLE,7.62 MILLIMETER	1995-01-31 00:00:00.000	138.0	1	Each	police	10	05	00	5891271	not in file	1005-00-589-1271	not in file	not in file	D	1.0	State	not in file	not in file	not in file	not in file	1995Q1
DISP_AllStatesAndTerritories_03312020.xlsx[ALL]	OH	CANAL FULTON POLICE DEPT	RIFLE,7.62 MILLIMETER	1995-01-05 00:00:00.000	138.0	1	Each	police	10	05	00	5891271	not in file	1005-00-589-1271	not in file	not in file	D	1.0	State	not in file	not in file	not in file	not in file	1995Q1
DISP_AllStatesAndTerritories_03312020.xlsx[ALL]	OH	CLAY TWP POLICE DEPT (OTTAWA CTY)	RIFLE,7.62 MILLIMETER	1995-01-10 00:00:00.000	138.0	1	Each	police	10	05	00	5891271	not in file	1005-00-589-1271	not in file	not in file	D	1.0	State	not in file	not in file	not in file	not in file	1995Q1
DISP_AllStatesAndTerritories_03312020.xlsx[ALL]	OH	CLAY TWP POLICE DEPT (OTTAWA CTY)	RIFLE,7.62 MILLIMETER	1995-01-10 00:00:00.000	138.0	1	Each	police	10	05	00	5891271	not in file	1005-00-589-1271	not in file	not in file	D	1.0	State	not in file	not in file	not in file	not in file	1995Q1
DISP_AllStatesAndTerritories_03312020.xlsx[ALL]	OH	COLUMBIANA CTY DTF	NIGHT VISION GOGGLE	1995-03-29 00:00:00.000	4300.0	1	Each	drug	58	55	01	2280936	not in file	5855-01-228-0936	not in file	not in file	F	1.0	State	not in file	not in file	not in file	not in file	1995Q1
DISP_AllStatesAndTerritories_03312020.xlsx[ALL]	OH	COLUMBIANA CTY DTF	NIGHT VISION GOGGLE	1995-03-29 00:00:00.000	4300.0	1	Each	drug	58	55	01	2280936	not in file	5855-01-228-0936	not in file	not in file	F	1.0	State	not in file	not in file	not in file	not in file	1995Q1
DISP_AllStatesAndTerritories_03312020.xlsx[ALL]	OH	COPLEY POLICE DEPT	RIFLE,7.62 MILLIMETER	1995-01-05 00:00:00.000	138.0	1	Each	police	10	05	00	5891271	not in file	1005-00-589-1271	not in file	not in file	D	1.0	State	not in file	not in file	not in file	not in file	1995Q1
DISP_AllStatesAndTerritories_03312020.xlsx[ALL]	OH	COPLEY POLICE DEPT	RIFLE,7.62 MILLIMETER	1995-01-05 00:00:00.000	138.0	1	Each	police	10	05	00	5891271	not in file	1005-00-589-1271	not in file	not in file	D	1.0	State	not in file	not in file	not in file	not in file	1995Q1
DISP_AllStatesAndTerritories_03312020.xlsx[ALL]	OH	COPLEY POLICE DEPT	RIFLE,7.62 MILLIMETER	1995-01-05 00:00:00.000	138.0	1	Each	police	10	05	00	5891271	not in file	1005-00-589-1271	not in file	not in file	D	1.0	State	not in file	not in file	not in file	not in file	1995Q1
DISP_AllStatesAndTerritories_03312020.xlsx[ALL]	OH	COPLEY POLICE DEPT	RIFLE,7.62 MILLIMETER	1995-01-05 00:00:00.000	138.0	1	Each	police	10	05	00	5891271	not in file	1005-00-589-1271	not in file	not in file	D	1.0	State	not in file	not in file	not in file	not in file	1995Q1
DISP_AllStatesAndTerritories_03312020.xlsx[ALL]	OH	DEPT OF NATURAL RESOURCES	RIFLE,7.62 MILLIMETER	1995-01-05 00:00:00.000	138.0	1	Each	nat resources	10	05	00	5891271	not in file	1005-00-589-1271	not in file	not in file	D	1.0	State	not in file	not in file	not in file	not in file	1995Q1
DISP_AllStatesAndTerritories_03312020.xlsx[ALL]	OH	DEPT OF NATURAL RESOURCES	RIFLE,7.62 MILLIMETER	1995-01-04 00:00:00.000	138.0	1	Each	nat resources	10	05	00	5891271	not in file	1005-00-589-1271	not in file	not in file	D	1.0	State	not in file	not in file	not in file	not in file	1995Q1
DISP_AllStatesAndTerritories_03312020.xlsx[ALL]	OH	DEPT OF NATURAL RESOURCES	RIFLE,7.62 MILLIMETER	1995-01-05 00:00:00.000	138.0	1	Each	nat resources	10	05	00	5891271	not in file	1005-00-589-1271	not in file	not in file	D	1.0	State	not in file	not in file	not in file	not in file	1995Q1
DISP_AllStatesAndTerritories_03312020.xlsx[ALL]	OH	DEPT OF NATURAL RESOURCES	RIFLE,7.62 MILLIMETER	1995-01-04 00:00:00.000	138.0	1	Each	nat resources	10	05	00	5891271	not in file	1005-00-589-1271	not in file	not in file	D	1.0	State	not in file	not in file	not in file	not in file	1995Q1
DISP_AllStatesAndTerritories_03312020.xlsx[ALL]	OH	DEPT OF NATURAL RESOURCES	RIFLE,7.62 MILLIMETER	1995-01-05 00:00:00.000	138.0	1	Each	nat resources	10	05	00	5891271	not in file	1005-00-589-1271	not in file	not in file	D	1.0	State	not in file	not in file	not in file	not in file	1995Q1
DISP_AllStatesAndTerritories_03312020.xlsx[ALL]	OH	DEPT OF NATURAL RESOURCES	RIFLE,7.62 MILLIMETER	1995-01-05 00:00:00.000	138.0	1	Each	nat resources	10	05	00	5891271	not in file	1005-00-589-1271	not in file	not in file	D	1.0	State	not in file	not in file	not in file	not in file	1995Q1
DISP_AllStatesAndTerritories_03312020.xlsx[ALL]	OH	DEPT OF NATURAL RESOURCES	RIFLE,7.62 MILLIMETER	1995-01-04 00:00:00.000	138.0	1	Each	nat resources	10	05	00	5891271	not in file	1005-00-589-1271	not in file	not in file	D	1.0	State	not in file	not in file	not in file	not in file	1995Q1
DISP_AllStatesAndTerritories_03312020.xlsx[ALL]	OH	EDON POLICE DEPT	RIFLE,7.62 MILLIMETER	1995-01-31 00:00:00.000	138.0	1	Each	police	10	05	00	5891271	not in file	1005-00-589-1271	not in file	not in file	D	1.0	State	not in file	not in file	not in file	not in file	1995Q1
DISP_AllStatesAndTerritories_03312020.xlsx[ALL]	OH	EDON POLICE DEPT	RIFLE,7.62 MILLIMETER	1995-01-31 00:00:00.000	138.0	1	Each	police	10	05	00	5891271	not in file	1005-00-589-1271	not in file	not in file	D	1.0	State	not in file	not in file	not in file	not in file	1995Q1
DISP_AllStatesAndTerritories_03312020.xlsx[ALL]	OH	LAKE TWP POLICE DEPT	RIFLE,7.62 MILLIMETER	1995-01-05 00:00:00.000	138.0	1	Each	police	10	05	00	5891271	not in file	1005-00-589-1271	not in file	not in file	D	1.0	State	not in file	not in file	not in file	not in file	1995Q1
DISP_AllStatesAndTerritories_03312020.xlsx[ALL]	OH	LAKE TWP POLICE DEPT	RIFLE,7.62 MILLIMETER	1995-01-05 00:00:00.000	138.0	1	Each	police	10	05	00	5891271	not in file	1005-00-589-1271	not in file	not in file	D	1.0	State	not in file	not in file	not in file	not in file	1995Q1
DISP_AllStatesAndTerritories_03312020.xlsx[ALL]	OH	LAKE TWP POLICE DEPT	RIFLE,7.62 MILLIMETER	1995-01-05 00:00:00.000	138.0	1	Each	police	10	05	00	5891271	not in file	1005-00-589-1271	not in file	not in file	D	1.0	State	not in file	not in file	not in file	not in file	1995Q1
DISP_AllStatesAndTerritories_03312020.xlsx[ALL]	OH	LICKING COUNTY SHERIFF'S OFFICE	RIFLE,7.62 MILLIMETER	1995-01-05 00:00:00.000	138.0	1	Each	sheriff	10	05	00	5891271	not in file	1005-00-589-1271	not in file	not in file	D	1.0	State	not in file	not in file	not in file	not in file	1995Q1
DISP_AllStatesAndTerritories_03312020.xlsx[ALL]	OH	LICKING COUNTY SHERIFF'S OFFICE	RIFLE,7.62 MILLIMETER	1995-01-05 00:00:00.000	138.0	1	Each	sheriff	10	05	00	5891271	not in file	1005-00-589-1271	not in file	not in file	D	1.0	State	not in file	not in file	not in file	not in file	1995Q1
DISP_AllStatesAndTerritories_03312020.xlsx[ALL]	OH	LICKING COUNTY SHERIFF'S OFFICE	RIFLE,7.62 MILLIMETER	1995-01-05 00:00:00.000	138.0	1	Each	sheriff	10	05	00	5891271	not in file	1005-00-589-1271	not in file	not in file	D	1.0	State	not in file	not in file	not in file	not in file	1995Q1
DISP_AllStatesAndTerritories_03312020.xlsx[ALL]	OH	LICKING COUNTY SHERIFF'S OFFICE	RIFLE,7.62 MILLIMETER	1995-01-05 00:00:00.000	138.0	1	Each	sheriff	10	05	00	5891271	not in file	1005-00-589-1271	not in file	not in file	D	1.0	State	not in file	not in file	not in file	not in file	1995Q1
DISP_AllStatesAndTerritories_03312020.xlsx[ALL]	OH	LICKING COUNTY SHERIFF'S OFFICE	RIFLE,7.62 MILLIMETER	1995-01-05 00:00:00.000	138.0	1	Each	sheriff	10	05	00	5891271	not in file	1005-00-589-1271	not in file	not in file	D	1.0	State	not in file	not in file	not in file	not in file	1995Q1
DISP_AllStatesAndTerritories_03312020.xlsx[ALL]	OH	MADISON COUNTY SHERIFF'S OFFICE	RIFLE,7.62 MILLIMETER	1995-01-04 00:00:00.000	138.0	1	Each	sheriff	10	05	00	5891271	not in file	1005-00-589-1271	not in file	not in file	D	1.0	State	not in file	not in file	not in file	not in file	1995Q1
DISP_AllStatesAndTerritories_03312020.xlsx[ALL]	OH	MEIGS COUNTY SHERIFF'S OFFICE	TRUCK,ARMORED	1995-01-01 09:20:11.999	65070.0	1	Each	sheriff	23	20	01	0747642	not in file	2320-01-074-7642	not in file	not in file	C	1.0	State	not in file	not in file	not in file	not in file	1995Q1
DISP_AllStatesAndTerritories_03312020.xlsx[ALL]	OH	SPRINGFIELD TWP POLICE DEPT (AKRON)	RIFLE,7.62 MILLIMETER	1995-01-05 00:00:00.000	138.0	1	Each	police	10	05	00	5891271	not in file	1005-00-589-1271	not in file	not in file	D	1.0	State	not in file	not in file	not in file	not in file	1995Q1
DISP_AllStatesAndTerritories_03312020.xlsx[ALL]	OH	SPRINGFIELD TWP POLICE DEPT (AKRON)	RIFLE,7.62 MILLIMETER	1995-01-05 00:00:00.000	138.0	1	Each	police	10	05	00	5891271	not in file	1005-00-589-1271	not in file	not in file	D	1.0	State	not in file	not in file	not in file	not in file	1995Q1
DISP_AllStatesAndTerritories_03312020.xlsx[ALL]	OH	STRONGSVILLE POLICE DEPT	RIFLE,7.62 MILLIMETER	1995-02-02 00:00:00.000	138.0	1	Each	police	10	05	00	5891271	not in file	1005-00-589-1271	not in file	not in file	D	1.0	State	not in file	not in file	not in file	not in file	1995Q1
DISP_AllStatesAndTerritories_03312020.xlsx[ALL]	OH	STRONGSVILLE POLICE DEPT	RIFLE,7.62 MILLIMETER	1995-02-02 00:00:00.000	138.0	1	Each	police	10	05	00	5891271	not in file	1005-00-589-1271	not in file	not in file	D	1.0	State	not in file	not in file	not in file	not in file	1995Q1
DISP_AllStatesAndTerritories_03312020.xlsx[ALL]	OH	STRONGSVILLE POLICE DEPT	RIFLE,7.62 MILLIMETER	1995-02-02 00:00:00.000	138.0	1	Each	police	10	05	00	5891271	not in file	1005-00-589-1271	not in file	not in file	D	1.0	State	not in file	not in file	not in file	not in file	1995Q1
DISP_AllStatesAndTerritories_03312020.xlsx[ALL]	OH	STRONGSVILLE POLICE DEPT	RIFLE,7.62 MILLIMETER	1995-02-02 00:00:00.000	138.0	1	Each	police	10	05	00	5891271	not in file	1005-00-589-1271	not in file	not in file	D	1.0	State	not in file	not in file	not in file	not in file	1995Q1
DISP_AllStatesAndTerritories_03312020.xlsx[ALL]	OH	STRONGSVILLE POLICE DEPT	RIFLE,7.62 MILLIMETER	1995-02-02 00:00:00.000	138.0	1	Each	police	10	05	00	5891271	not in file	1005-00-589-1271	not in file	not in file	D	1.0	State	not in file	not in file	not in file	not in file	1995Q1
DISP_AllStatesAndTerritories_03312020.xlsx[ALL]	OH	STRONGSVILLE POLICE DEPT	RIFLE,7.62 MILLIMETER	1995-02-02 00:00:00.000	138.0	1	Each	police	10	05	00	5891271	not in file	1005-00-589-1271	not in file	not in file	D	1.0	State	not in file	not in file	not in file	not in file	1995Q1
DISP_AllStatesAndTerritories_03312020.xlsx[ALL]	OH	STRONGSVILLE POLICE DEPT	RIFLE,7.62 MILLIMETER	1995-02-02 00:00:00.000	138.0	1	Each	police	10	05	00	5891271	not in file	1005-00-589-1271	not in file	not in file	D	1.0	State	not in file	not in file	not in file	not in file	1995Q1
DISP_AllStatesAndTerritories_03312020.xlsx[ALL]	OH	STRONGSVILLE POLICE DEPT	RIFLE,7.62 MILLIMETER	1995-02-02 00:00:00.000	138.0	1	Each	police	10	05	00	5891271	not in file	1005-00-589-1271	not in file	not in file	D	1.0	State	not in file	not in file	not in file	not in file	1995Q1
DISP_AllStatesAndTerritories_03312020.xlsx[ALL]	OH	STRONGSVILLE POLICE DEPT	RIFLE,7.62 MILLIMETER	1995-02-02 00:00:00.000	138.0	1	Each	police	10	05	00	5891271	not in file	1005-00-589-1271	not in file	not in file	D	1.0	State	not in file	not in file	not in file	not in file	1995Q1
DISP_AllStatesAndTerritories_03312020.xlsx[ALL]	OH	STRONGSVILLE POLICE DEPT	RIFLE,7.62 MILLIMETER	1995-02-02 00:00:00.000	138.0	1	Each	police	10	05	00	5891271	not in file	1005-00-589-1271	not in file	not in file	D	1.0	State	not in file	not in file	not in file	not in file	1995Q1
DISP_AllStatesAndTerritories_03312020.xlsx[ALL]	OH	TORONTO POLICE DEPT	RIFLE,7.62 MILLIMETER	1995-01-05 00:00:00.000	138.0	1	Each	police	10	05	00	5891271	not in file	1005-00-589-1271	not in file	not in file	D	1.0	State	not in file	not in file	not in file	not in file	1995Q1
DISP_AllStatesAndTerritories_03312020.xlsx[ALL]	OH	TORONTO POLICE DEPT	RIFLE,7.62 MILLIMETER	1995-01-05 00:00:00.000	138.0	1	Each	police	10	05	00	5891271	not in file	1005-00-589-1271	not in file	not in file	D	1.0	State	not in file	not in file	not in file	not in file	1995Q1
DISP_AllStatesAndTerritories_03312020.xlsx[ALL]	OH	TORONTO POLICE DEPT	RIFLE,7.62 MILLIMETER	1995-01-05 00:00:00.000	138.0	1	Each	police	10	05	00	5891271	not in file	1005-00-589-1271	not in file	not in file	D	1.0	State	not in file	not in file	not in file	not in file	1995Q1
DISP_AllStatesAndTerritories_03312020.xlsx[ALL]	OH	TORONTO POLICE DEPT	RIFLE,7.62 MILLIMETER	1995-01-05 00:00:00.000	138.0	1	Each	police	10	05	00	5891271	not in file	1005-00-589-1271	not in file	not in file	D	1.0	State	not in file	not in file	not in file	not in file	1995Q1
DISP_AllStatesAndTerritories_03312020.xlsx[ALL]	OH	TORONTO POLICE DEPT	RIFLE,7.62 MILLIMETER	1995-01-05 00:00:00.000	138.0	1	Each	police	10	05	00	5891271	not in file	1005-00-589-1271	not in file	not in file	D	1.0	State	not in file	not in file	not in file	not in file	1995Q1
DISP_AllStatesAndTerritories_03312020.xlsx[ALL]	WV	BARBOUR COUNTY SHERIFF'S OFFICE	RIFLE,7.62 MILLIMETER	1995-01-04 00:00:00.000	138.0	1	Each	sheriff	10	05	00	5891271	not in file	1005-00-589-1271	not in file	not in file	D	1.0	State	not in file	not in file	not in file	not in file	1995Q1
DISP_AllStatesAndTerritories_03312020.xlsx[ALL]	WV	BARBOUR COUNTY SHERIFF'S OFFICE	RIFLE,7.62 MILLIMETER	1995-01-04 00:00:00.000	138.0	1	Each	sheriff	10	05	00	5891271	not in file	1005-00-589-1271	not in file	not in file	D	1.0	State	not in file	not in file	not in file	not in file	1995Q1
DISP_AllStatesAndTerritories_03312020.xlsx[ALL]	WV	BARBOUR COUNTY SHERIFF'S OFFICE	RIFLE,7.62 MILLIMETER	1995-01-04 00:00:00.000	138.0	1	Each	sheriff	10	05	00	5891271	not in file	1005-00-589-1271	not in file	not in file	D	1.0	State	not in file	not in file	not in file	not in file	1995Q1
DISP_AllStatesAndTerritories_03312020.xlsx[ALL]	WY	STATE PARK AND CULTURAL RES. LE	RIFLE,7.62 MILLIMETER	1995-01-10 00:00:00.000	138.0	1	Each	other	10	05	00	5891271	not in file	1005-00-589-1271	not in file	not in file	D	1.0	State	not in file	not in file	not in file	not in file	1995Q1
DISP_AllStatesAndTerritories_03312020.xlsx[ALL]	WY	SWEETWATER COUNTY SHERIFF'S OFFICE	RIFLE,7.62 MILLIMETER	1995-01-31 00:00:00.000	138.0	1	Each	sheriff	10	05	00	5891271	not in file	1005-00-589-1271	not in file	not in file	D	1.0	State	not in file	not in file	not in file	not in file	1995Q1
DISP_AllStatesAndTerritories_03312020.xlsx[ALL]	WY	SWEETWATER COUNTY SHERIFF'S OFFICE	RIFLE,7.62 MILLIMETER	1995-01-31 00:00:00.000	138.0	1	Each	sheriff	10	05	00	5891271	not in file	1005-00-589-1271	not in file	not in file	D	1.0	State	not in file	not in file	not in file	not in file	1995Q1
DISP_AllStatesAndTerritories_03312020.xlsx[ALL]	WY	SWEETWATER COUNTY SHERIFF'S OFFICE	RIFLE,7.62 MILLIMETER	1995-01-31 00:00:00.000	138.0	1	Each	sheriff	10	05	00	5891271	not in file	1005-00-589-1271	not in file	not in file	D	1.0	State	not in file	not in file	not in file	not in file	1995Q1
DISP_AllStatesAndTerritories_03312020.xlsx[ALL]	WY	SWEETWATER COUNTY SHERIFF'S OFFICE	RIFLE,7.62 MILLIMETER	1995-01-31 00:00:00.000	138.0	1	Each	sheriff	10	05	00	5891271	not in file	1005-00-589-1271	not in file	not in file	D	1.0	State	not in file	not in file	not in file	not in file	1995Q1
DISP_AllStatesAndTerritories_03312020.xlsx[ALL]	WY	SWEETWATER COUNTY SHERIFF'S OFFICE	RIFLE,7.62 MILLIMETER	1995-01-31 00:00:00.000	138.0	1	Each	sheriff	10	05	00	5891271	not in file	1005-00-589-1271	not in file	not in file	D	1.0	State	not in file	not in file	not in file	not in file	1995Q1
DISP_AllStatesAndTerritories_03312020.xlsx[ALL]	WY	SWEETWATER COUNTY SHERIFF'S OFFICE	RIFLE,7.62 MILLIMETER	1995-01-31 00:00:00.000	138.0	1	Each	sheriff	10	05	00	5891271	not in file	1005-00-589-1271	not in file	not in file	D	1.0	State	not in file	not in file	not in file	not in file	1995Q1
DISP_AllStatesAndTerritories_03312020.xlsx[ALL]	WY	SWEETWATER COUNTY SHERIFF'S OFFICE	RIFLE,7.62 MILLIMETER	1995-01-31 00:00:00.000	138.0	1	Each	sheriff	10	05	00	5891271	not in file	1005-00-589-1271	not in file	not in file	D	1.0	State	not in file	not in file	not in file	not in file	1995Q1
DISP_AllStatesAndTerritories_03312020.xlsx[ALL]	WY	SWEETWATER COUNTY SHERIFF'S OFFICE	RIFLE,7.62 MILLIMETER	1995-01-31 00:00:00.000	138.0	1	Each	sheriff	10	05	00	5891271	not in file	1005-00-589-1271	not in file	not in file	D	1.0	State	not in file	not in file	not in file	not in file	1995Q1
