OriginatingFile	StateAbbreviation	RequestingAgency	ItemDescription	RecordDate	AcquisitionValue	Quantity	UnitIncrement	AgencyType	Item_FSG	Item_FSC	Item_CC	Item_Code	Justification	NSN	FSC	NIIN	DEMILCode	DEMILIC	StationType	RequisitionID	CancelledBy	RTDRef	ReasonCancelled	Quarter
DISP_AllStatesAndTerritories_06302020.xlsx[ALL]	CO	GREELEY POLICE DEPT	RIFLE,7.62 MILLIMETER	1993-08-16	138.0	1	Each	police	10	05	00	5891271	not in file	1005-00-589-1271	not in file	not in file	D	1.0	State	not in file	not in file	not in file	not in file	1993Q3
DISP_AllStatesAndTerritories_06302020.xlsx[ALL]	CO	GREELEY POLICE DEPT	RIFLE,7.62 MILLIMETER	1993-08-16	138.0	1	Each	police	10	05	00	5891271	not in file	1005-00-589-1271	not in file	not in file	D	1.0	State	not in file	not in file	not in file	not in file	1993Q3
DISP_AllStatesAndTerritories_06302020.xlsx[ALL]	CO	GREELEY POLICE DEPT	RIFLE,7.62 MILLIMETER	1993-08-16	138.0	1	Each	police	10	05	00	5891271	not in file	1005-00-589-1271	not in file	not in file	D	1.0	State	not in file	not in file	not in file	not in file	1993Q3
DISP_AllStatesAndTerritories_06302020.xlsx[ALL]	CO	GREELEY POLICE DEPT	RIFLE,7.62 MILLIMETER	1993-08-16	138.0	1	Each	police	10	05	00	5891271	not in file	1005-00-589-1271	not in file	not in file	D	1.0	State	not in file	not in file	not in file	not in file	1993Q3
DISP_AllStatesAndTerritories_06302020.xlsx[ALL]	CO	GREELEY POLICE DEPT	RIFLE,7.62 MILLIMETER	1993-08-16	138.0	1	Each	police	10	05	00	5891271	not in file	1005-00-589-1271	not in file	not in file	D	1.0	State	not in file	not in file	not in file	not in file	1993Q3
DISP_AllStatesAndTerritories_06302020.xlsx[ALL]	CO	GREELEY POLICE DEPT	RIFLE,7.62 MILLIMETER	1993-08-16	138.0	1	Each	police	10	05	00	5891271	not in file	1005-00-589-1271	not in file	not in file	D	1.0	State	not in file	not in file	not in file	not in file	1993Q3
DISP_AllStatesAndTerritories_06302020.xlsx[ALL]	IN	CLINTON COUNTY SHERIFF OFFICE	RIFLE,7.62 MILLIMETER	1993-07-21	138.0	1	Each	sheriff	10	05	00	5891271	not in file	1005-00-589-1271	not in file	not in file	D	1.0	State	not in file	not in file	not in file	not in file	1993Q3
DISP_AllStatesAndTerritories_06302020.xlsx[ALL]	IN	CLINTON COUNTY SHERIFF OFFICE	RIFLE,7.62 MILLIMETER	1993-07-21	138.0	1	Each	sheriff	10	05	00	5891271	not in file	1005-00-589-1271	not in file	not in file	D	1.0	State	not in file	not in file	not in file	not in file	1993Q3
DISP_AllStatesAndTerritories_06302020.xlsx[ALL]	IN	DAVIESS COUNTY SHERIFF DEPT	RIFLE,7.62 MILLIMETER	1993-07-21	138.0	1	Each	sheriff	10	05	00	5891271	not in file	1005-00-589-1271	not in file	not in file	D	1.0	State	not in file	not in file	not in file	not in file	1993Q3
DISP_AllStatesAndTerritories_06302020.xlsx[ALL]	IN	DAVIESS COUNTY SHERIFF DEPT	RIFLE,7.62 MILLIMETER	1993-07-21	138.0	1	Each	sheriff	10	05	00	5891271	not in file	1005-00-589-1271	not in file	not in file	D	1.0	State	not in file	not in file	not in file	not in file	1993Q3
DISP_AllStatesAndTerritories_06302020.xlsx[ALL]	IN	DAVIESS COUNTY SHERIFF DEPT	RIFLE,7.62 MILLIMETER	1993-07-21	138.0	1	Each	sheriff	10	05	00	5891271	not in file	1005-00-589-1271	not in file	not in file	D	1.0	State	not in file	not in file	not in file	not in file	1993Q3
DISP_AllStatesAndTerritories_06302020.xlsx[ALL]	IN	DAVIESS COUNTY SHERIFF DEPT	RIFLE,7.62 MILLIMETER	1993-07-21	138.0	1	Each	sheriff	10	05	00	5891271	not in file	1005-00-589-1271	not in file	not in file	D	1.0	State	not in file	not in file	not in file	not in file	1993Q3
DISP_AllStatesAndTerritories_06302020.xlsx[ALL]	IN	MORGAN COUNTY SHERIFFS OFFICE	RIFLE,7.62 MILLIMETER	1993-07-21	138.0	1	Each	sheriff	10	05	00	5891271	not in file	1005-00-589-1271	not in file	not in file	D	1.0	State	not in file	not in file	not in file	not in file	1993Q3
DISP_AllStatesAndTerritories_06302020.xlsx[ALL]	IN	MORGAN COUNTY SHERIFFS OFFICE	RIFLE,7.62 MILLIMETER	1993-07-21	138.0	1	Each	sheriff	10	05	00	5891271	not in file	1005-00-589-1271	not in file	not in file	D	1.0	State	not in file	not in file	not in file	not in file	1993Q3
DISP_AllStatesAndTerritories_06302020.xlsx[ALL]	IN	MORGAN COUNTY SHERIFFS OFFICE	RIFLE,7.62 MILLIMETER	1993-07-21	138.0	1	Each	sheriff	10	05	00	5891271	not in file	1005-00-589-1271	not in file	not in file	D	1.0	State	not in file	not in file	not in file	not in file	1993Q3
DISP_AllStatesAndTerritories_06302020.xlsx[ALL]	IN	MORGAN COUNTY SHERIFFS OFFICE	RIFLE,7.62 MILLIMETER	1993-07-21	138.0	1	Each	sheriff	10	05	00	5891271	not in file	1005-00-589-1271	not in file	not in file	D	1.0	State	not in file	not in file	not in file	not in file	1993Q3
DISP_AllStatesAndTerritories_06302020.xlsx[ALL]	IN	MORGAN COUNTY SHERIFFS OFFICE	RIFLE,7.62 MILLIMETER	1993-07-21	138.0	1	Each	sheriff	10	05	00	5891271	not in file	1005-00-589-1271	not in file	not in file	D	1.0	State	not in file	not in file	not in file	not in file	1993Q3
DISP_AllStatesAndTerritories_06302020.xlsx[ALL]	IN	RICHMOND POLICE DEPT	RIFLE,7.62 MILLIMETER	1993-07-21	138.0	1	Each	police	10	05	00	5891271	not in file	1005-00-589-1271	not in file	not in file	D	1.0	State	not in file	not in file	not in file	not in file	1993Q3
DISP_AllStatesAndTerritories_06302020.xlsx[ALL]	IN	RICHMOND POLICE DEPT	RIFLE,7.62 MILLIMETER	1993-07-21	138.0	1	Each	police	10	05	00	5891271	not in file	1005-00-589-1271	not in file	not in file	D	1.0	State	not in file	not in file	not in file	not in file	1993Q3
DISP_AllStatesAndTerritories_06302020.xlsx[ALL]	NH	EAST KINGSTON POLICE DEPT	RIFLE,7.62 MILLIMETER	1993-08-16	138.0	1	Each	police	10	05	00	5891271	not in file	1005-00-589-1271	not in file	not in file	D	1.0	State	not in file	not in file	not in file	not in file	1993Q3
DISP_AllStatesAndTerritories_06302020.xlsx[ALL]	NH	EAST KINGSTON POLICE DEPT	RIFLE,7.62 MILLIMETER	1993-08-16	138.0	1	Each	police	10	05	00	5891271	not in file	1005-00-589-1271	not in file	not in file	D	1.0	State	not in file	not in file	not in file	not in file	1993Q3
DISP_AllStatesAndTerritories_06302020.xlsx[ALL]	NH	NASHUA POLICE DEPT	RIFLE,7.62 MILLIMETER	1993-07-13	138.0	1	Each	police	10	05	00	5891271	not in file	1005-00-589-1271	not in file	not in file	D	1.0	State	not in file	not in file	not in file	not in file	1993Q3
DISP_AllStatesAndTerritories_06302020.xlsx[ALL]	NH	NASHUA POLICE DEPT	RIFLE,7.62 MILLIMETER	1993-07-13	138.0	1	Each	police	10	05	00	5891271	not in file	1005-00-589-1271	not in file	not in file	D	1.0	State	not in file	not in file	not in file	not in file	1993Q3
DISP_AllStatesAndTerritories_06302020.xlsx[ALL]	NH	NASHUA POLICE DEPT	RIFLE,7.62 MILLIMETER	1993-07-13	138.0	1	Each	police	10	05	00	5891271	not in file	1005-00-589-1271	not in file	not in file	D	1.0	State	not in file	not in file	not in file	not in file	1993Q3
DISP_AllStatesAndTerritories_06302020.xlsx[ALL]	NH	NASHUA POLICE DEPT	RIFLE,7.62 MILLIMETER	1993-07-13	138.0	1	Each	police	10	05	00	5891271	not in file	1005-00-589-1271	not in file	not in file	D	1.0	State	not in file	not in file	not in file	not in file	1993Q3
DISP_AllStatesAndTerritories_06302020.xlsx[ALL]	NH	NASHUA POLICE DEPT	RIFLE,7.62 MILLIMETER	1993-07-13	138.0	1	Each	police	10	05	00	5891271	not in file	1005-00-589-1271	not in file	not in file	D	1.0	State	not in file	not in file	not in file	not in file	1993Q3
DISP_AllStatesAndTerritories_06302020.xlsx[ALL]	NH	NASHUA POLICE DEPT	RIFLE,7.62 MILLIMETER	1993-07-13	138.0	1	Each	police	10	05	00	5891271	not in file	1005-00-589-1271	not in file	not in file	D	1.0	State	not in file	not in file	not in file	not in file	1993Q3
DISP_AllStatesAndTerritories_06302020.xlsx[ALL]	NH	NASHUA POLICE DEPT	RIFLE,7.62 MILLIMETER	1993-07-13	138.0	1	Each	police	10	05	00	5891271	not in file	1005-00-589-1271	not in file	not in file	D	1.0	State	not in file	not in file	not in file	not in file	1993Q3
DISP_AllStatesAndTerritories_06302020.xlsx[ALL]	NH	NASHUA POLICE DEPT	RIFLE,7.62 MILLIMETER	1993-07-13	138.0	1	Each	police	10	05	00	5891271	not in file	1005-00-589-1271	not in file	not in file	D	1.0	State	not in file	not in file	not in file	not in file	1993Q3
DISP_AllStatesAndTerritories_06302020.xlsx[ALL]	NH	NASHUA POLICE DEPT	RIFLE,7.62 MILLIMETER	1993-07-13	138.0	1	Each	police	10	05	00	5891271	not in file	1005-00-589-1271	not in file	not in file	D	1.0	State	not in file	not in file	not in file	not in file	1993Q3
DISP_AllStatesAndTerritories_06302020.xlsx[ALL]	NH	NASHUA POLICE DEPT	RIFLE,7.62 MILLIMETER	1993-07-13	138.0	1	Each	police	10	05	00	5891271	not in file	1005-00-589-1271	not in file	not in file	D	1.0	State	not in file	not in file	not in file	not in file	1993Q3
DISP_AllStatesAndTerritories_06302020.xlsx[ALL]	NH	NASHUA POLICE DEPT	RIFLE,7.62 MILLIMETER	1993-07-13	138.0	1	Each	police	10	05	00	5891271	not in file	1005-00-589-1271	not in file	not in file	D	1.0	State	not in file	not in file	not in file	not in file	1993Q3
DISP_AllStatesAndTerritories_06302020.xlsx[ALL]	NH	NASHUA POLICE DEPT	RIFLE,7.62 MILLIMETER	1993-07-13	138.0	1	Each	police	10	05	00	5891271	not in file	1005-00-589-1271	not in file	not in file	D	1.0	State	not in file	not in file	not in file	not in file	1993Q3
DISP_AllStatesAndTerritories_06302020.xlsx[ALL]	NH	NASHUA POLICE DEPT	RIFLE,7.62 MILLIMETER	1993-07-13	138.0	1	Each	police	10	05	00	5891271	not in file	1005-00-589-1271	not in file	not in file	D	1.0	State	not in file	not in file	not in file	not in file	1993Q3
DISP_AllStatesAndTerritories_06302020.xlsx[ALL]	NH	NASHUA POLICE DEPT	RIFLE,7.62 MILLIMETER	1993-07-13	138.0	1	Each	police	10	05	00	5891271	not in file	1005-00-589-1271	not in file	not in file	D	1.0	State	not in file	not in file	not in file	not in file	1993Q3
DISP_AllStatesAndTerritories_06302020.xlsx[ALL]	NH	NASHUA POLICE DEPT	RIFLE,7.62 MILLIMETER	1993-07-13	138.0	1	Each	police	10	05	00	5891271	not in file	1005-00-589-1271	not in file	not in file	D	1.0	State	not in file	not in file	not in file	not in file	1993Q3
DISP_AllStatesAndTerritories_06302020.xlsx[ALL]	NH	NASHUA POLICE DEPT	RIFLE,7.62 MILLIMETER	1993-07-13	138.0	1	Each	police	10	05	00	5891271	not in file	1005-00-589-1271	not in file	not in file	D	1.0	State	not in file	not in file	not in file	not in file	1993Q3
DISP_AllStatesAndTerritories_06302020.xlsx[ALL]	NH	NASHUA POLICE DEPT	RIFLE,7.62 MILLIMETER	1993-07-13	138.0	1	Each	police	10	05	00	5891271	not in file	1005-00-589-1271	not in file	not in file	D	1.0	State	not in file	not in file	not in file	not in file	1993Q3
DISP_AllStatesAndTerritories_06302020.xlsx[ALL]	NH	NASHUA POLICE DEPT	RIFLE,7.62 MILLIMETER	1993-07-13	138.0	1	Each	police	10	05	00	5891271	not in file	1005-00-589-1271	not in file	not in file	D	1.0	State	not in file	not in file	not in file	not in file	1993Q3
DISP_AllStatesAndTerritories_06302020.xlsx[ALL]	NH	NASHUA POLICE DEPT	RIFLE,7.62 MILLIMETER	1993-07-13	138.0	1	Each	police	10	05	00	5891271	not in file	1005-00-589-1271	not in file	not in file	D	1.0	State	not in file	not in file	not in file	not in file	1993Q3
DISP_AllStatesAndTerritories_06302020.xlsx[ALL]	NH	NASHUA POLICE DEPT	RIFLE,7.62 MILLIMETER	1993-07-13	138.0	1	Each	police	10	05	00	5891271	not in file	1005-00-589-1271	not in file	not in file	D	1.0	State	not in file	not in file	not in file	not in file	1993Q3
DISP_AllStatesAndTerritories_06302020.xlsx[ALL]	NY	ALLEGANY COUNTY SHERIFFS OFFICE	RIFLE,7.62 MILLIMETER	1993-07-12	138.0	1	Each	sheriff	10	05	00	5891271	not in file	1005-00-589-1271	not in file	not in file	D	1.0	State	not in file	not in file	not in file	not in file	1993Q3
DISP_AllStatesAndTerritories_06302020.xlsx[ALL]	NY	ALLEGANY COUNTY SHERIFFS OFFICE	RIFLE,7.62 MILLIMETER	1993-07-12	138.0	1	Each	sheriff	10	05	00	5891271	not in file	1005-00-589-1271	not in file	not in file	D	1.0	State	not in file	not in file	not in file	not in file	1993Q3
DISP_AllStatesAndTerritories_06302020.xlsx[ALL]	NY	ALLEGANY COUNTY SHERIFFS OFFICE	RIFLE,7.62 MILLIMETER	1993-07-12	138.0	1	Each	sheriff	10	05	00	5891271	not in file	1005-00-589-1271	not in file	not in file	D	1.0	State	not in file	not in file	not in file	not in file	1993Q3
DISP_AllStatesAndTerritories_06302020.xlsx[ALL]	NY	ALLEGANY COUNTY SHERIFFS OFFICE	RIFLE,7.62 MILLIMETER	1993-07-12	138.0	1	Each	sheriff	10	05	00	5891271	not in file	1005-00-589-1271	not in file	not in file	D	1.0	State	not in file	not in file	not in file	not in file	1993Q3
DISP_AllStatesAndTerritories_06302020.xlsx[ALL]	NY	BROOME COUNTY SHERIFF OFFICE	RIFLE,7.62 MILLIMETER	1993-07-12	138.0	1	Each	sheriff	10	05	00	5891271	not in file	1005-00-589-1271	not in file	not in file	D	1.0	State	not in file	not in file	not in file	not in file	1993Q3
DISP_AllStatesAndTerritories_06302020.xlsx[ALL]	NY	BROOME COUNTY SHERIFF OFFICE	RIFLE,7.62 MILLIMETER	1993-07-12	138.0	1	Each	sheriff	10	05	00	5891271	not in file	1005-00-589-1271	not in file	not in file	D	1.0	State	not in file	not in file	not in file	not in file	1993Q3
DISP_AllStatesAndTerritories_06302020.xlsx[ALL]	NY	BROOME COUNTY SHERIFF OFFICE	RIFLE,7.62 MILLIMETER	1993-07-12	138.0	1	Each	sheriff	10	05	00	5891271	not in file	1005-00-589-1271	not in file	not in file	D	1.0	State	not in file	not in file	not in file	not in file	1993Q3
DISP_AllStatesAndTerritories_06302020.xlsx[ALL]	NY	BROOME COUNTY SHERIFF OFFICE	RIFLE,7.62 MILLIMETER	1993-07-12	138.0	1	Each	sheriff	10	05	00	5891271	not in file	1005-00-589-1271	not in file	not in file	D	1.0	State	not in file	not in file	not in file	not in file	1993Q3
DISP_AllStatesAndTerritories_06302020.xlsx[ALL]	NY	BROOME COUNTY SHERIFF OFFICE	RIFLE,7.62 MILLIMETER	1993-07-12	138.0	1	Each	sheriff	10	05	00	5891271	not in file	1005-00-589-1271	not in file	not in file	D	1.0	State	not in file	not in file	not in file	not in file	1993Q3
DISP_AllStatesAndTerritories_06302020.xlsx[ALL]	NY	BROOME COUNTY SHERIFF OFFICE	RIFLE,7.62 MILLIMETER	1993-07-12	138.0	1	Each	sheriff	10	05	00	5891271	not in file	1005-00-589-1271	not in file	not in file	D	1.0	State	not in file	not in file	not in file	not in file	1993Q3
DISP_AllStatesAndTerritories_06302020.xlsx[ALL]	NY	BROOME COUNTY SHERIFF OFFICE	RIFLE,7.62 MILLIMETER	1993-07-12	138.0	1	Each	sheriff	10	05	00	5891271	not in file	1005-00-589-1271	not in file	not in file	D	1.0	State	not in file	not in file	not in file	not in file	1993Q3
DISP_AllStatesAndTerritories_06302020.xlsx[ALL]	NY	BROOME COUNTY SHERIFF OFFICE	RIFLE,7.62 MILLIMETER	1993-07-12	138.0	1	Each	sheriff	10	05	00	5891271	not in file	1005-00-589-1271	not in file	not in file	D	1.0	State	not in file	not in file	not in file	not in file	1993Q3
DISP_AllStatesAndTerritories_06302020.xlsx[ALL]	NY	CLINTON COUNTY SHERIFF DEPT	RIFLE,7.62 MILLIMETER	1993-07-12	138.0	1	Each	sheriff	10	05	00	5891271	not in file	1005-00-589-1271	not in file	not in file	D	1.0	State	not in file	not in file	not in file	not in file	1993Q3
DISP_AllStatesAndTerritories_06302020.xlsx[ALL]	NY	CLINTON COUNTY SHERIFF DEPT	RIFLE,7.62 MILLIMETER	1993-07-12	138.0	1	Each	sheriff	10	05	00	5891271	not in file	1005-00-589-1271	not in file	not in file	D	1.0	State	not in file	not in file	not in file	not in file	1993Q3
DISP_AllStatesAndTerritories_06302020.xlsx[ALL]	NY	CLINTON COUNTY SHERIFF DEPT	RIFLE,7.62 MILLIMETER	1993-07-12	138.0	1	Each	sheriff	10	05	00	5891271	not in file	1005-00-589-1271	not in file	not in file	D	1.0	State	not in file	not in file	not in file	not in file	1993Q3
DISP_AllStatesAndTerritories_06302020.xlsx[ALL]	NY	CLINTON COUNTY SHERIFF DEPT	RIFLE,7.62 MILLIMETER	1993-07-12	138.0	1	Each	sheriff	10	05	00	5891271	not in file	1005-00-589-1271	not in file	not in file	D	1.0	State	not in file	not in file	not in file	not in file	1993Q3
DISP_AllStatesAndTerritories_06302020.xlsx[ALL]	NY	NIAGARA FRONTIER TRANS AUTHORITY PD	RIFLE,7.62 MILLIMETER	1993-07-12	138.0	1	Each	police	10	05	00	5891271	not in file	1005-00-589-1271	not in file	not in file	D	1.0	State	not in file	not in file	not in file	not in file	1993Q3
DISP_AllStatesAndTerritories_06302020.xlsx[ALL]	NY	NIAGARA FRONTIER TRANS AUTHORITY PD	RIFLE,7.62 MILLIMETER	1993-07-12	138.0	1	Each	police	10	05	00	5891271	not in file	1005-00-589-1271	not in file	not in file	D	1.0	State	not in file	not in file	not in file	not in file	1993Q3
DISP_AllStatesAndTerritories_06302020.xlsx[ALL]	NY	NIAGARA FRONTIER TRANS AUTHORITY PD	RIFLE,7.62 MILLIMETER	1993-07-12	138.0	1	Each	police	10	05	00	5891271	not in file	1005-00-589-1271	not in file	not in file	D	1.0	State	not in file	not in file	not in file	not in file	1993Q3
DISP_AllStatesAndTerritories_06302020.xlsx[ALL]	NY	NIAGARA FRONTIER TRANS AUTHORITY PD	RIFLE,7.62 MILLIMETER	1993-07-12	138.0	1	Each	police	10	05	00	5891271	not in file	1005-00-589-1271	not in file	not in file	D	1.0	State	not in file	not in file	not in file	not in file	1993Q3
DISP_AllStatesAndTerritories_06302020.xlsx[ALL]	NY	SCHUYLER COUNTY SHERIFF OFFICE	RIFLE,7.62 MILLIMETER	1993-07-12	138.0	1	Each	sheriff	10	05	00	5891271	not in file	1005-00-589-1271	not in file	not in file	D	1.0	State	not in file	not in file	not in file	not in file	1993Q3
DISP_AllStatesAndTerritories_06302020.xlsx[ALL]	NY	SCHUYLER COUNTY SHERIFF OFFICE	RIFLE,7.62 MILLIMETER	1993-07-12	138.0	1	Each	sheriff	10	05	00	5891271	not in file	1005-00-589-1271	not in file	not in file	D	1.0	State	not in file	not in file	not in file	not in file	1993Q3
DISP_AllStatesAndTerritories_06302020.xlsx[ALL]	NY	SCHUYLER COUNTY SHERIFF OFFICE	RIFLE,7.62 MILLIMETER	1993-07-12	138.0	1	Each	sheriff	10	05	00	5891271	not in file	1005-00-589-1271	not in file	not in file	D	1.0	State	not in file	not in file	not in file	not in file	1993Q3
DISP_AllStatesAndTerritories_06302020.xlsx[ALL]	NY	SCHUYLER COUNTY SHERIFF OFFICE	RIFLE,7.62 MILLIMETER	1993-07-12	138.0	1	Each	sheriff	10	05	00	5891271	not in file	1005-00-589-1271	not in file	not in file	D	1.0	State	not in file	not in file	not in file	not in file	1993Q3
DISP_AllStatesAndTerritories_06302020.xlsx[ALL]	ND	GRAFTON POLICE DEPT	RIFLE,7.62 MILLIMETER	1993-08-23	138.0	1	Each	police	10	05	00	5891271	not in file	1005-00-589-1271	not in file	not in file	D	1.0	State	not in file	not in file	not in file	not in file	1993Q3
DISP_AllStatesAndTerritories_06302020.xlsx[ALL]	ND	GRAFTON POLICE DEPT	RIFLE,7.62 MILLIMETER	1993-08-23	138.0	1	Each	police	10	05	00	5891271	not in file	1005-00-589-1271	not in file	not in file	D	1.0	State	not in file	not in file	not in file	not in file	1993Q3
DISP_AllStatesAndTerritories_06302020.xlsx[ALL]	ND	GRAFTON POLICE DEPT	RIFLE,7.62 MILLIMETER	1993-08-23	138.0	1	Each	police	10	05	00	5891271	not in file	1005-00-589-1271	not in file	not in file	D	1.0	State	not in file	not in file	not in file	not in file	1993Q3
DISP_AllStatesAndTerritories_06302020.xlsx[ALL]	ND	GRAND FORKS COUNTY SHERIFF DEPT	RIFLE,7.62 MILLIMETER	1993-09-01	138.0	1	Each	sheriff	10	05	00	5891271	not in file	1005-00-589-1271	not in file	not in file	D	1.0	State	not in file	not in file	not in file	not in file	1993Q3
DISP_AllStatesAndTerritories_06302020.xlsx[ALL]	ND	GRAND FORKS COUNTY SHERIFF DEPT	RIFLE,7.62 MILLIMETER	1993-09-01	138.0	1	Each	sheriff	10	05	00	5891271	not in file	1005-00-589-1271	not in file	not in file	D	1.0	State	not in file	not in file	not in file	not in file	1993Q3
DISP_AllStatesAndTerritories_06302020.xlsx[ALL]	ND	GRAND FORKS COUNTY SHERIFF DEPT	RIFLE,7.62 MILLIMETER	1993-09-01	138.0	1	Each	sheriff	10	05	00	5891271	not in file	1005-00-589-1271	not in file	not in file	D	1.0	State	not in file	not in file	not in file	not in file	1993Q3
DISP_AllStatesAndTerritories_06302020.xlsx[ALL]	SD	DEPT OF GAME FISH AND PARKS	RIFLE,7.62 MILLIMETER	1993-07-01	138.0	1	Each	nat resources	10	05	00	5891271	not in file	1005-00-589-1271	not in file	not in file	D	1.0	State	not in file	not in file	not in file	not in file	1993Q3
DISP_AllStatesAndTerritories_06302020.xlsx[ALL]	SD	DEPT OF GAME FISH AND PARKS	RIFLE,7.62 MILLIMETER	1993-07-01	138.0	1	Each	nat resources	10	05	00	5891271	not in file	1005-00-589-1271	not in file	not in file	D	1.0	State	not in file	not in file	not in file	not in file	1993Q3
DISP_AllStatesAndTerritories_06302020.xlsx[ALL]	SD	DEPT OF GAME FISH AND PARKS	RIFLE,7.62 MILLIMETER	1993-07-01	138.0	1	Each	nat resources	10	05	00	5891271	not in file	1005-00-589-1271	not in file	not in file	D	1.0	State	not in file	not in file	not in file	not in file	1993Q3
DISP_AllStatesAndTerritories_06302020.xlsx[ALL]	SD	DEPT OF GAME FISH AND PARKS	RIFLE,7.62 MILLIMETER	1993-07-01	138.0	1	Each	nat resources	10	05	00	5891271	not in file	1005-00-589-1271	not in file	not in file	D	1.0	State	not in file	not in file	not in file	not in file	1993Q3
DISP_AllStatesAndTerritories_06302020.xlsx[ALL]	SD	DEPT OF GAME FISH AND PARKS	RIFLE,7.62 MILLIMETER	1993-07-01	138.0	1	Each	nat resources	10	05	00	5891271	not in file	1005-00-589-1271	not in file	not in file	D	1.0	State	not in file	not in file	not in file	not in file	1993Q3
DISP_AllStatesAndTerritories_06302020.xlsx[ALL]	SD	DEPT OF GAME FISH AND PARKS	RIFLE,7.62 MILLIMETER	1993-07-01	138.0	1	Each	nat resources	10	05	00	5891271	not in file	1005-00-589-1271	not in file	not in file	D	1.0	State	not in file	not in file	not in file	not in file	1993Q3
DISP_AllStatesAndTerritories_06302020.xlsx[ALL]	SD	DEPT OF GAME FISH AND PARKS	RIFLE,7.62 MILLIMETER	1993-07-01	138.0	1	Each	nat resources	10	05	00	5891271	not in file	1005-00-589-1271	not in file	not in file	D	1.0	State	not in file	not in file	not in file	not in file	1993Q3
DISP_AllStatesAndTerritories_06302020.xlsx[ALL]	SD	DEPT OF GAME FISH AND PARKS	RIFLE,7.62 MILLIMETER	1993-07-01	138.0	1	Each	nat resources	10	05	00	5891271	not in file	1005-00-589-1271	not in file	not in file	D	1.0	State	not in file	not in file	not in file	not in file	1993Q3
DISP_AllStatesAndTerritories_06302020.xlsx[ALL]	SD	DEPT OF GAME FISH AND PARKS	RIFLE,7.62 MILLIMETER	1993-07-01	138.0	1	Each	nat resources	10	05	00	5891271	not in file	1005-00-589-1271	not in file	not in file	D	1.0	State	not in file	not in file	not in file	not in file	1993Q3
DISP_AllStatesAndTerritories_06302020.xlsx[ALL]	SD	DEPT OF GAME FISH AND PARKS	RIFLE,7.62 MILLIMETER	1993-07-01	138.0	1	Each	nat resources	10	05	00	5891271	not in file	1005-00-589-1271	not in file	not in file	D	1.0	State	not in file	not in file	not in file	not in file	1993Q3
DISP_AllStatesAndTerritories_06302020.xlsx[ALL]	SD	DEPT OF GAME FISH AND PARKS	RIFLE,7.62 MILLIMETER	1993-07-01	138.0	1	Each	nat resources	10	05	00	5891271	not in file	1005-00-589-1271	not in file	not in file	D	1.0	State	not in file	not in file	not in file	not in file	1993Q3
DISP_AllStatesAndTerritories_06302020.xlsx[ALL]	SD	DEPT OF GAME FISH AND PARKS	RIFLE,7.62 MILLIMETER	1993-07-01	138.0	1	Each	nat resources	10	05	00	5891271	not in file	1005-00-589-1271	not in file	not in file	D	1.0	State	not in file	not in file	not in file	not in file	1993Q3
DISP_AllStatesAndTerritories_06302020.xlsx[ALL]	SD	DEPT OF GAME FISH AND PARKS	RIFLE,7.62 MILLIMETER	1993-07-01	138.0	1	Each	nat resources	10	05	00	5891271	not in file	1005-00-589-1271	not in file	not in file	D	1.0	State	not in file	not in file	not in file	not in file	1993Q3
DISP_AllStatesAndTerritories_06302020.xlsx[ALL]	SD	DEPT OF GAME FISH AND PARKS	RIFLE,7.62 MILLIMETER	1993-07-01	138.0	1	Each	nat resources	10	05	00	5891271	not in file	1005-00-589-1271	not in file	not in file	D	1.0	State	not in file	not in file	not in file	not in file	1993Q3
DISP_AllStatesAndTerritories_06302020.xlsx[ALL]	SD	DEPT OF GAME FISH AND PARKS	RIFLE,7.62 MILLIMETER	1993-07-01	138.0	1	Each	nat resources	10	05	00	5891271	not in file	1005-00-589-1271	not in file	not in file	D	1.0	State	not in file	not in file	not in file	not in file	1993Q3
DISP_AllStatesAndTerritories_06302020.xlsx[ALL]	SD	DEPT OF GAME FISH AND PARKS	RIFLE,7.62 MILLIMETER	1993-07-01	138.0	1	Each	nat resources	10	05	00	5891271	not in file	1005-00-589-1271	not in file	not in file	D	1.0	State	not in file	not in file	not in file	not in file	1993Q3
DISP_AllStatesAndTerritories_06302020.xlsx[ALL]	SD	DEPT OF GAME FISH AND PARKS	RIFLE,7.62 MILLIMETER	1993-07-01	138.0	1	Each	nat resources	10	05	00	5891271	not in file	1005-00-589-1271	not in file	not in file	D	1.0	State	not in file	not in file	not in file	not in file	1993Q3
DISP_AllStatesAndTerritories_06302020.xlsx[ALL]	SD	DEPT OF GAME FISH AND PARKS	RIFLE,7.62 MILLIMETER	1993-07-01	138.0	1	Each	nat resources	10	05	00	5891271	not in file	1005-00-589-1271	not in file	not in file	D	1.0	State	not in file	not in file	not in file	not in file	1993Q3
DISP_AllStatesAndTerritories_06302020.xlsx[ALL]	SD	DEPT OF GAME FISH AND PARKS	RIFLE,7.62 MILLIMETER	1993-07-01	138.0	1	Each	nat resources	10	05	00	5891271	not in file	1005-00-589-1271	not in file	not in file	D	1.0	State	not in file	not in file	not in file	not in file	1993Q3
DISP_AllStatesAndTerritories_06302020.xlsx[ALL]	SD	DEPT OF GAME FISH AND PARKS	RIFLE,7.62 MILLIMETER	1993-07-01	138.0	1	Each	nat resources	10	05	00	5891271	not in file	1005-00-589-1271	not in file	not in file	D	1.0	State	not in file	not in file	not in file	not in file	1993Q3
DISP_AllStatesAndTerritories_06302020.xlsx[ALL]	SD	DEPT OF GAME FISH AND PARKS	RIFLE,7.62 MILLIMETER	1993-07-01	138.0	1	Each	nat resources	10	05	00	5891271	not in file	1005-00-589-1271	not in file	not in file	D	1.0	State	not in file	not in file	not in file	not in file	1993Q3
DISP_AllStatesAndTerritories_06302020.xlsx[ALL]	SD	DEPT OF GAME FISH AND PARKS	RIFLE,7.62 MILLIMETER	1993-07-01	138.0	1	Each	nat resources	10	05	00	5891271	not in file	1005-00-589-1271	not in file	not in file	D	1.0	State	not in file	not in file	not in file	not in file	1993Q3
DISP_AllStatesAndTerritories_06302020.xlsx[ALL]	SD	DEPT OF GAME FISH AND PARKS	RIFLE,7.62 MILLIMETER	1993-07-01	138.0	1	Each	nat resources	10	05	00	5891271	not in file	1005-00-589-1271	not in file	not in file	D	1.0	State	not in file	not in file	not in file	not in file	1993Q3
DISP_AllStatesAndTerritories_06302020.xlsx[ALL]	SD	DEPT OF GAME FISH AND PARKS	RIFLE,7.62 MILLIMETER	1993-07-01	138.0	1	Each	nat resources	10	05	00	5891271	not in file	1005-00-589-1271	not in file	not in file	D	1.0	State	not in file	not in file	not in file	not in file	1993Q3
DISP_AllStatesAndTerritories_06302020.xlsx[ALL]	SD	DEPT OF GAME FISH AND PARKS	RIFLE,7.62 MILLIMETER	1993-07-01	138.0	1	Each	nat resources	10	05	00	5891271	not in file	1005-00-589-1271	not in file	not in file	D	1.0	State	not in file	not in file	not in file	not in file	1993Q3
DISP_AllStatesAndTerritories_06302020.xlsx[ALL]	SD	DEPT OF GAME FISH AND PARKS	RIFLE,7.62 MILLIMETER	1993-07-01	138.0	1	Each	nat resources	10	05	00	5891271	not in file	1005-00-589-1271	not in file	not in file	D	1.0	State	not in file	not in file	not in file	not in file	1993Q3
DISP_AllStatesAndTerritories_06302020.xlsx[ALL]	SD	DEPT OF GAME FISH AND PARKS	RIFLE,7.62 MILLIMETER	1993-07-01	138.0	1	Each	nat resources	10	05	00	5891271	not in file	1005-00-589-1271	not in file	not in file	D	1.0	State	not in file	not in file	not in file	not in file	1993Q3
DISP_AllStatesAndTerritories_06302020.xlsx[ALL]	SD	DEPT OF GAME FISH AND PARKS	RIFLE,7.62 MILLIMETER	1993-07-01	138.0	1	Each	nat resources	10	05	00	5891271	not in file	1005-00-589-1271	not in file	not in file	D	1.0	State	not in file	not in file	not in file	not in file	1993Q3
DISP_AllStatesAndTerritories_06302020.xlsx[ALL]	SD	DEPT OF GAME FISH AND PARKS	RIFLE,7.62 MILLIMETER	1993-07-01	138.0	1	Each	nat resources	10	05	00	5891271	not in file	1005-00-589-1271	not in file	not in file	D	1.0	State	not in file	not in file	not in file	not in file	1993Q3
DISP_AllStatesAndTerritories_06302020.xlsx[ALL]	SD	DEPT OF GAME FISH AND PARKS	RIFLE,7.62 MILLIMETER	1993-07-01	138.0	1	Each	nat resources	10	05	00	5891271	not in file	1005-00-589-1271	not in file	not in file	D	1.0	State	not in file	not in file	not in file	not in file	1993Q3
DISP_AllStatesAndTerritories_06302020.xlsx[ALL]	SD	DEPT OF GAME FISH AND PARKS	RIFLE,7.62 MILLIMETER	1993-07-01	138.0	1	Each	nat resources	10	05	00	5891271	not in file	1005-00-589-1271	not in file	not in file	D	1.0	State	not in file	not in file	not in file	not in file	1993Q3
DISP_AllStatesAndTerritories_06302020.xlsx[ALL]	SD	DEPT OF GAME FISH AND PARKS	RIFLE,7.62 MILLIMETER	1993-07-01	138.0	1	Each	nat resources	10	05	00	5891271	not in file	1005-00-589-1271	not in file	not in file	D	1.0	State	not in file	not in file	not in file	not in file	1993Q3
DISP_AllStatesAndTerritories_06302020.xlsx[ALL]	SD	DEPT OF GAME FISH AND PARKS	RIFLE,7.62 MILLIMETER	1993-07-01	138.0	1	Each	nat resources	10	05	00	5891271	not in file	1005-00-589-1271	not in file	not in file	D	1.0	State	not in file	not in file	not in file	not in file	1993Q3
DISP_AllStatesAndTerritories_06302020.xlsx[ALL]	SD	DEPT OF GAME FISH AND PARKS	RIFLE,7.62 MILLIMETER	1993-07-01	138.0	1	Each	nat resources	10	05	00	5891271	not in file	1005-00-589-1271	not in file	not in file	D	1.0	State	not in file	not in file	not in file	not in file	1993Q3
DISP_AllStatesAndTerritories_06302020.xlsx[ALL]	SD	DEPT OF GAME FISH AND PARKS	RIFLE,7.62 MILLIMETER	1993-07-01	138.0	1	Each	nat resources	10	05	00	5891271	not in file	1005-00-589-1271	not in file	not in file	D	1.0	State	not in file	not in file	not in file	not in file	1993Q3
DISP_AllStatesAndTerritories_06302020.xlsx[ALL]	SD	DEPT OF GAME FISH AND PARKS	RIFLE,7.62 MILLIMETER	1993-07-01	138.0	1	Each	nat resources	10	05	00	5891271	not in file	1005-00-589-1271	not in file	not in file	D	1.0	State	not in file	not in file	not in file	not in file	1993Q3
DISP_AllStatesAndTerritories_06302020.xlsx[ALL]	SD	DEPT OF GAME FISH AND PARKS	RIFLE,7.62 MILLIMETER	1993-07-01	138.0	1	Each	nat resources	10	05	00	5891271	not in file	1005-00-589-1271	not in file	not in file	D	1.0	State	not in file	not in file	not in file	not in file	1993Q3
DISP_AllStatesAndTerritories_06302020.xlsx[ALL]	SD	DEPT OF GAME FISH AND PARKS	RIFLE,7.62 MILLIMETER	1993-07-01	138.0	1	Each	nat resources	10	05	00	5891271	not in file	1005-00-589-1271	not in file	not in file	D	1.0	State	not in file	not in file	not in file	not in file	1993Q3
DISP_AllStatesAndTerritories_06302020.xlsx[ALL]	SD	DEPT OF GAME FISH AND PARKS	RIFLE,7.62 MILLIMETER	1993-07-01	138.0	1	Each	nat resources	10	05	00	5891271	not in file	1005-00-589-1271	not in file	not in file	D	1.0	State	not in file	not in file	not in file	not in file	1993Q3
DISP_AllStatesAndTerritories_06302020.xlsx[ALL]	SD	DEPT OF GAME FISH AND PARKS	RIFLE,7.62 MILLIMETER	1993-07-01	138.0	1	Each	nat resources	10	05	00	5891271	not in file	1005-00-589-1271	not in file	not in file	D	1.0	State	not in file	not in file	not in file	not in file	1993Q3
DISP_AllStatesAndTerritories_06302020.xlsx[ALL]	SD	DEPT OF GAME FISH AND PARKS	RIFLE,7.62 MILLIMETER	1993-07-01	138.0	1	Each	nat resources	10	05	00	5891271	not in file	1005-00-589-1271	not in file	not in file	D	1.0	State	not in file	not in file	not in file	not in file	1993Q3
DISP_AllStatesAndTerritories_06302020.xlsx[ALL]	SD	DEPT OF GAME FISH AND PARKS	RIFLE,7.62 MILLIMETER	1993-07-01	138.0	1	Each	nat resources	10	05	00	5891271	not in file	1005-00-589-1271	not in file	not in file	D	1.0	State	not in file	not in file	not in file	not in file	1993Q3
DISP_AllStatesAndTerritories_06302020.xlsx[ALL]	SD	DEPT OF GAME FISH AND PARKS	RIFLE,7.62 MILLIMETER	1993-07-01	138.0	1	Each	nat resources	10	05	00	5891271	not in file	1005-00-589-1271	not in file	not in file	D	1.0	State	not in file	not in file	not in file	not in file	1993Q3
DISP_AllStatesAndTerritories_06302020.xlsx[ALL]	SD	DEPT OF GAME FISH AND PARKS	RIFLE,7.62 MILLIMETER	1993-07-01	138.0	1	Each	nat resources	10	05	00	5891271	not in file	1005-00-589-1271	not in file	not in file	D	1.0	State	not in file	not in file	not in file	not in file	1993Q3
DISP_AllStatesAndTerritories_06302020.xlsx[ALL]	SD	DEPT OF GAME FISH AND PARKS	RIFLE,7.62 MILLIMETER	1993-07-01	138.0	1	Each	nat resources	10	05	00	5891271	not in file	1005-00-589-1271	not in file	not in file	D	1.0	State	not in file	not in file	not in file	not in file	1993Q3
DISP_AllStatesAndTerritories_06302020.xlsx[ALL]	SD	DEPT OF GAME FISH AND PARKS	RIFLE,7.62 MILLIMETER	1993-07-01	138.0	1	Each	nat resources	10	05	00	5891271	not in file	1005-00-589-1271	not in file	not in file	D	1.0	State	not in file	not in file	not in file	not in file	1993Q3
DISP_AllStatesAndTerritories_06302020.xlsx[ALL]	SD	DEPT OF GAME FISH AND PARKS	RIFLE,7.62 MILLIMETER	1993-07-01	138.0	1	Each	nat resources	10	05	00	5891271	not in file	1005-00-589-1271	not in file	not in file	D	1.0	State	not in file	not in file	not in file	not in file	1993Q3
DISP_AllStatesAndTerritories_06302020.xlsx[ALL]	SD	DEPT OF GAME FISH AND PARKS	RIFLE,7.62 MILLIMETER	1993-07-01	138.0	1	Each	nat resources	10	05	00	5891271	not in file	1005-00-589-1271	not in file	not in file	D	1.0	State	not in file	not in file	not in file	not in file	1993Q3
DISP_AllStatesAndTerritories_06302020.xlsx[ALL]	SD	DEPT OF GAME FISH AND PARKS	RIFLE,7.62 MILLIMETER	1993-07-01	138.0	1	Each	nat resources	10	05	00	5891271	not in file	1005-00-589-1271	not in file	not in file	D	1.0	State	not in file	not in file	not in file	not in file	1993Q3
DISP_AllStatesAndTerritories_06302020.xlsx[ALL]	SD	DEPT OF GAME FISH AND PARKS	RIFLE,7.62 MILLIMETER	1993-07-01	138.0	1	Each	nat resources	10	05	00	5891271	not in file	1005-00-589-1271	not in file	not in file	D	1.0	State	not in file	not in file	not in file	not in file	1993Q3
DISP_AllStatesAndTerritories_06302020.xlsx[ALL]	SD	DEPT OF GAME FISH AND PARKS	RIFLE,7.62 MILLIMETER	1993-07-01	138.0	1	Each	nat resources	10	05	00	5891271	not in file	1005-00-589-1271	not in file	not in file	D	1.0	State	not in file	not in file	not in file	not in file	1993Q3
DISP_AllStatesAndTerritories_06302020.xlsx[ALL]	SD	DEPT OF GAME FISH AND PARKS	RIFLE,7.62 MILLIMETER	1993-07-01	138.0	1	Each	nat resources	10	05	00	5891271	not in file	1005-00-589-1271	not in file	not in file	D	1.0	State	not in file	not in file	not in file	not in file	1993Q3
DISP_AllStatesAndTerritories_06302020.xlsx[ALL]	SD	DEPT OF GAME FISH AND PARKS	RIFLE,7.62 MILLIMETER	1993-07-01	138.0	1	Each	nat resources	10	05	00	5891271	not in file	1005-00-589-1271	not in file	not in file	D	1.0	State	not in file	not in file	not in file	not in file	1993Q3
DISP_AllStatesAndTerritories_06302020.xlsx[ALL]	SD	DEPT OF GAME FISH AND PARKS	RIFLE,7.62 MILLIMETER	1993-07-01	138.0	1	Each	nat resources	10	05	00	5891271	not in file	1005-00-589-1271	not in file	not in file	D	1.0	State	not in file	not in file	not in file	not in file	1993Q3
DISP_AllStatesAndTerritories_06302020.xlsx[ALL]	SD	DEPT OF GAME FISH AND PARKS	RIFLE,7.62 MILLIMETER	1993-07-01	138.0	1	Each	nat resources	10	05	00	5891271	not in file	1005-00-589-1271	not in file	not in file	D	1.0	State	not in file	not in file	not in file	not in file	1993Q3
DISP_AllStatesAndTerritories_06302020.xlsx[ALL]	SD	DEPT OF GAME FISH AND PARKS	RIFLE,7.62 MILLIMETER	1993-07-01	138.0	1	Each	nat resources	10	05	00	5891271	not in file	1005-00-589-1271	not in file	not in file	D	1.0	State	not in file	not in file	not in file	not in file	1993Q3
DISP_AllStatesAndTerritories_06302020.xlsx[ALL]	SD	DEPT OF GAME FISH AND PARKS	RIFLE,7.62 MILLIMETER	1993-07-01	138.0	1	Each	nat resources	10	05	00	5891271	not in file	1005-00-589-1271	not in file	not in file	D	1.0	State	not in file	not in file	not in file	not in file	1993Q3
DISP_AllStatesAndTerritories_06302020.xlsx[ALL]	SD	DEPT OF GAME FISH AND PARKS	RIFLE,7.62 MILLIMETER	1993-07-01	138.0	1	Each	nat resources	10	05	00	5891271	not in file	1005-00-589-1271	not in file	not in file	D	1.0	State	not in file	not in file	not in file	not in file	1993Q3
DISP_AllStatesAndTerritories_06302020.xlsx[ALL]	SD	DEPT OF GAME FISH AND PARKS	RIFLE,7.62 MILLIMETER	1993-07-01	138.0	1	Each	nat resources	10	05	00	5891271	not in file	1005-00-589-1271	not in file	not in file	D	1.0	State	not in file	not in file	not in file	not in file	1993Q3
DISP_AllStatesAndTerritories_06302020.xlsx[ALL]	SD	DEPT OF GAME FISH AND PARKS	RIFLE,7.62 MILLIMETER	1993-07-01	138.0	1	Each	nat resources	10	05	00	5891271	not in file	1005-00-589-1271	not in file	not in file	D	1.0	State	not in file	not in file	not in file	not in file	1993Q3
DISP_AllStatesAndTerritories_06302020.xlsx[ALL]	SD	DEPT OF GAME FISH AND PARKS	RIFLE,7.62 MILLIMETER	1993-07-01	138.0	1	Each	nat resources	10	05	00	5891271	not in file	1005-00-589-1271	not in file	not in file	D	1.0	State	not in file	not in file	not in file	not in file	1993Q3
DISP_AllStatesAndTerritories_06302020.xlsx[ALL]	SD	DEPT OF GAME FISH AND PARKS	RIFLE,7.62 MILLIMETER	1993-07-01	138.0	1	Each	nat resources	10	05	00	5891271	not in file	1005-00-589-1271	not in file	not in file	D	1.0	State	not in file	not in file	not in file	not in file	1993Q3
DISP_AllStatesAndTerritories_06302020.xlsx[ALL]	SD	DEPT OF GAME FISH AND PARKS	RIFLE,7.62 MILLIMETER	1993-07-01	138.0	1	Each	nat resources	10	05	00	5891271	not in file	1005-00-589-1271	not in file	not in file	D	1.0	State	not in file	not in file	not in file	not in file	1993Q3
DISP_AllStatesAndTerritories_06302020.xlsx[ALL]	SD	DEPT OF GAME FISH AND PARKS	RIFLE,7.62 MILLIMETER	1993-07-01	138.0	1	Each	nat resources	10	05	00	5891271	not in file	1005-00-589-1271	not in file	not in file	D	1.0	State	not in file	not in file	not in file	not in file	1993Q3
DISP_AllStatesAndTerritories_06302020.xlsx[ALL]	SD	DEPT OF GAME FISH AND PARKS	RIFLE,7.62 MILLIMETER	1993-07-01	138.0	1	Each	nat resources	10	05	00	5891271	not in file	1005-00-589-1271	not in file	not in file	D	1.0	State	not in file	not in file	not in file	not in file	1993Q3
DISP_AllStatesAndTerritories_06302020.xlsx[ALL]	SD	DEPT OF GAME FISH AND PARKS	RIFLE,7.62 MILLIMETER	1993-07-01	138.0	1	Each	nat resources	10	05	00	5891271	not in file	1005-00-589-1271	not in file	not in file	D	1.0	State	not in file	not in file	not in file	not in file	1993Q3
DISP_AllStatesAndTerritories_06302020.xlsx[ALL]	SD	DEPT OF GAME FISH AND PARKS	RIFLE,7.62 MILLIMETER	1993-07-01	138.0	1	Each	nat resources	10	05	00	5891271	not in file	1005-00-589-1271	not in file	not in file	D	1.0	State	not in file	not in file	not in file	not in file	1993Q3
DISP_AllStatesAndTerritories_06302020.xlsx[ALL]	SD	DEPT OF GAME FISH AND PARKS	RIFLE,7.62 MILLIMETER	1993-07-01	138.0	1	Each	nat resources	10	05	00	5891271	not in file	1005-00-589-1271	not in file	not in file	D	1.0	State	not in file	not in file	not in file	not in file	1993Q3
DISP_AllStatesAndTerritories_06302020.xlsx[ALL]	SD	DEPT OF GAME FISH AND PARKS	RIFLE,7.62 MILLIMETER	1993-07-01	138.0	1	Each	nat resources	10	05	00	5891271	not in file	1005-00-589-1271	not in file	not in file	D	1.0	State	not in file	not in file	not in file	not in file	1993Q3
DISP_AllStatesAndTerritories_06302020.xlsx[ALL]	SD	DEPT OF GAME FISH AND PARKS	RIFLE,7.62 MILLIMETER	1993-07-01	138.0	1	Each	nat resources	10	05	00	5891271	not in file	1005-00-589-1271	not in file	not in file	D	1.0	State	not in file	not in file	not in file	not in file	1993Q3
DISP_AllStatesAndTerritories_06302020.xlsx[ALL]	SD	DEPT OF GAME FISH AND PARKS	RIFLE,7.62 MILLIMETER	1993-07-01	138.0	1	Each	nat resources	10	05	00	5891271	not in file	1005-00-589-1271	not in file	not in file	D	1.0	State	not in file	not in file	not in file	not in file	1993Q3
DISP_AllStatesAndTerritories_06302020.xlsx[ALL]	SD	DEPT OF GAME FISH AND PARKS	RIFLE,7.62 MILLIMETER	1993-07-01	138.0	1	Each	nat resources	10	05	00	5891271	not in file	1005-00-589-1271	not in file	not in file	D	1.0	State	not in file	not in file	not in file	not in file	1993Q3
DISP_AllStatesAndTerritories_06302020.xlsx[ALL]	SD	DEPT OF GAME FISH AND PARKS	RIFLE,7.62 MILLIMETER	1993-07-01	138.0	1	Each	nat resources	10	05	00	5891271	not in file	1005-00-589-1271	not in file	not in file	D	1.0	State	not in file	not in file	not in file	not in file	1993Q3
DISP_AllStatesAndTerritories_06302020.xlsx[ALL]	SD	DEPT OF GAME FISH AND PARKS	RIFLE,7.62 MILLIMETER	1993-07-01	138.0	1	Each	nat resources	10	05	00	5891271	not in file	1005-00-589-1271	not in file	not in file	D	1.0	State	not in file	not in file	not in file	not in file	1993Q3
DISP_AllStatesAndTerritories_06302020.xlsx[ALL]	SD	DEPT OF GAME FISH AND PARKS	RIFLE,7.62 MILLIMETER	1993-07-01	138.0	1	Each	nat resources	10	05	00	5891271	not in file	1005-00-589-1271	not in file	not in file	D	1.0	State	not in file	not in file	not in file	not in file	1993Q3
DISP_AllStatesAndTerritories_06302020.xlsx[ALL]	SD	DEPT OF GAME FISH AND PARKS	RIFLE,7.62 MILLIMETER	1993-07-01	138.0	1	Each	nat resources	10	05	00	5891271	not in file	1005-00-589-1271	not in file	not in file	D	1.0	State	not in file	not in file	not in file	not in file	1993Q3
DISP_AllStatesAndTerritories_06302020.xlsx[ALL]	SD	DEPT OF GAME FISH AND PARKS	RIFLE,7.62 MILLIMETER	1993-07-01	138.0	1	Each	nat resources	10	05	00	5891271	not in file	1005-00-589-1271	not in file	not in file	D	1.0	State	not in file	not in file	not in file	not in file	1993Q3
DISP_AllStatesAndTerritories_06302020.xlsx[ALL]	SD	DEPT OF GAME FISH AND PARKS	RIFLE,7.62 MILLIMETER	1993-07-01	138.0	1	Each	nat resources	10	05	00	5891271	not in file	1005-00-589-1271	not in file	not in file	D	1.0	State	not in file	not in file	not in file	not in file	1993Q3
DISP_AllStatesAndTerritories_06302020.xlsx[ALL]	SD	DEPT OF GAME FISH AND PARKS	RIFLE,7.62 MILLIMETER	1993-07-01	138.0	1	Each	nat resources	10	05	00	5891271	not in file	1005-00-589-1271	not in file	not in file	D	1.0	State	not in file	not in file	not in file	not in file	1993Q3
DISP_AllStatesAndTerritories_06302020.xlsx[ALL]	SD	DEPT OF GAME FISH AND PARKS	RIFLE,7.62 MILLIMETER	1993-07-01	138.0	1	Each	nat resources	10	05	00	5891271	not in file	1005-00-589-1271	not in file	not in file	D	1.0	State	not in file	not in file	not in file	not in file	1993Q3
DISP_AllStatesAndTerritories_06302020.xlsx[ALL]	TX	SAN JACINTO COUNTY SHERIFF'S OFFICE	RIFLE,7.62 MILLIMETER	1993-07-27	138.0	1	Each	sheriff	10	05	00	5891271	not in file	1005-00-589-1271	not in file	not in file	D	1.0	State	not in file	not in file	not in file	not in file	1993Q3
DISP_AllStatesAndTerritories_06302020.xlsx[ALL]	TX	SAN JACINTO COUNTY SHERIFF'S OFFICE	RIFLE,7.62 MILLIMETER	1993-07-27	138.0	1	Each	sheriff	10	05	00	5891271	not in file	1005-00-589-1271	not in file	not in file	D	1.0	State	not in file	not in file	not in file	not in file	1993Q3
DISP_AllStatesAndTerritories_06302020.xlsx[ALL]	TX	WILLIS POLICE DEPARTMENT	RIFLE,7.62 MILLIMETER	1993-07-12	138.0	1	Each	police	10	05	00	5891271	not in file	1005-00-589-1271	not in file	not in file	D	1.0	State	not in file	not in file	not in file	not in file	1993Q3
DISP_AllStatesAndTerritories_06302020.xlsx[ALL]	TX	WILLIS POLICE DEPARTMENT	RIFLE,7.62 MILLIMETER	1993-07-12	138.0	1	Each	police	10	05	00	5891271	not in file	1005-00-589-1271	not in file	not in file	D	1.0	State	not in file	not in file	not in file	not in file	1993Q3
DISP_AllStatesAndTerritories_06302020.xlsx[ALL]	WY	NIOBRARA COUNTY SHERIFF'S OFFICE	RIFLE,7.62 MILLIMETER	1993-09-01	138.0	1	Each	sheriff	10	05	00	5891271	not in file	1005-00-589-1271	not in file	not in file	D	1.0	State	not in file	not in file	not in file	not in file	1993Q3
DISP_AllStatesAndTerritories_06302020.xlsx[ALL]	WY	NIOBRARA COUNTY SHERIFF'S OFFICE	RIFLE,7.62 MILLIMETER	1993-09-01	138.0	1	Each	sheriff	10	05	00	5891271	not in file	1005-00-589-1271	not in file	not in file	D	1.0	State	not in file	not in file	not in file	not in file	1993Q3
DISP_AllStatesAndTerritories_06302020.xlsx[ALL]	WY	NIOBRARA COUNTY SHERIFF'S OFFICE	RIFLE,7.62 MILLIMETER	1993-09-01	138.0	1	Each	sheriff	10	05	00	5891271	not in file	1005-00-589-1271	not in file	not in file	D	1.0	State	not in file	not in file	not in file	not in file	1993Q3
DISP_AllStatesAndTerritories_06302020.xlsx[ALL]	WY	NIOBRARA COUNTY SHERIFF'S OFFICE	RIFLE,7.62 MILLIMETER	1993-09-01	138.0	1	Each	sheriff	10	05	00	5891271	not in file	1005-00-589-1271	not in file	not in file	D	1.0	State	not in file	not in file	not in file	not in file	1993Q3
DISP_AllStatesAndTerritories_06302020.xlsx[ALL]	WY	NIOBRARA COUNTY SHERIFF'S OFFICE	RIFLE,7.62 MILLIMETER	1993-09-01	138.0	1	Each	sheriff	10	05	00	5891271	not in file	1005-00-589-1271	not in file	not in file	D	1.0	State	not in file	not in file	not in file	not in file	1993Q3
DISP_AllStatesAndTerritories_06302020.xlsx[ALL]	WY	WESTON COUNTY SHERIFF'S OFFICE	RIFLE,7.62 MILLIMETER	1993-09-01	138.0	1	Each	sheriff	10	05	00	5891271	not in file	1005-00-589-1271	not in file	not in file	D	1.0	State	not in file	not in file	not in file	not in file	1993Q3
DISP_AllStatesAndTerritories_06302020.xlsx[ALL]	WY	WESTON COUNTY SHERIFF'S OFFICE	RIFLE,7.62 MILLIMETER	1993-09-01	138.0	1	Each	sheriff	10	05	00	5891271	not in file	1005-00-589-1271	not in file	not in file	D	1.0	State	not in file	not in file	not in file	not in file	1993Q3
DISP_AllStatesAndTerritories_06302020.xlsx[ALL]	WY	WESTON COUNTY SHERIFF'S OFFICE	RIFLE,7.62 MILLIMETER	1993-09-01	138.0	1	Each	sheriff	10	05	00	5891271	not in file	1005-00-589-1271	not in file	not in file	D	1.0	State	not in file	not in file	not in file	not in file	1993Q3
DISP_AllStatesAndTerritories_06302020.xlsx[ALL]	WY	WESTON COUNTY SHERIFF'S OFFICE	RIFLE,7.62 MILLIMETER	1993-09-01	138.0	1	Each	sheriff	10	05	00	5891271	not in file	1005-00-589-1271	not in file	not in file	D	1.0	State	not in file	not in file	not in file	not in file	1993Q3
DISP_AllStatesAndTerritories_06302020.xlsx[ALL]	WY	WESTON COUNTY SHERIFF'S OFFICE	RIFLE,7.62 MILLIMETER	1993-09-01	138.0	1	Each	sheriff	10	05	00	5891271	not in file	1005-00-589-1271	not in file	not in file	D	1.0	State	not in file	not in file	not in file	not in file	1993Q3
DISP_AllStatesAndTerritories_06302020.xlsx[ALL]	WY	WESTON COUNTY SHERIFF'S OFFICE	RIFLE,7.62 MILLIMETER	1993-09-01	138.0	1	Each	sheriff	10	05	00	5891271	not in file	1005-00-589-1271	not in file	not in file	D	1.0	State	not in file	not in file	not in file	not in file	1993Q3
DISP_AllStatesAndTerritories_06302020.xlsx[ALL]	WY	WESTON COUNTY SHERIFF'S OFFICE	RIFLE,7.62 MILLIMETER	1993-09-01	138.0	1	Each	sheriff	10	05	00	5891271	not in file	1005-00-589-1271	not in file	not in file	D	1.0	State	not in file	not in file	not in file	not in file	1993Q3
OriginatingFile	StateAbbreviation	RequestingAgency	ItemDescription	RecordDate	AcquisitionValue	Quantity	UnitIncrement	AgencyType	Item_FSG	Item_FSC	Item_CC	Item_Code	Justification	NSN	FSC	NIIN	DEMILCode	DEMILIC	StationType	RequisitionID	CancelledBy	RTDRef	ReasonCancelled	Quarter
DISP_AllStatesAndTerritories_03312020.xlsx[ALL]	CO	GREELEY POLICE DEPT	RIFLE,7.62 MILLIMETER	1993-08-16	138.0	1	Each	police	10	05	00	5891271	not in file	1005-00-589-1271	not in file	not in file	D	1.0	State	not in file	not in file	not in file	not in file	1993Q3
DISP_AllStatesAndTerritories_03312020.xlsx[ALL]	CO	GREELEY POLICE DEPT	RIFLE,7.62 MILLIMETER	1993-08-16	138.0	1	Each	police	10	05	00	5891271	not in file	1005-00-589-1271	not in file	not in file	D	1.0	State	not in file	not in file	not in file	not in file	1993Q3
DISP_AllStatesAndTerritories_03312020.xlsx[ALL]	CO	GREELEY POLICE DEPT	RIFLE,7.62 MILLIMETER	1993-08-16	138.0	1	Each	police	10	05	00	5891271	not in file	1005-00-589-1271	not in file	not in file	D	1.0	State	not in file	not in file	not in file	not in file	1993Q3
DISP_AllStatesAndTerritories_03312020.xlsx[ALL]	CO	GREELEY POLICE DEPT	RIFLE,7.62 MILLIMETER	1993-08-16	138.0	1	Each	police	10	05	00	5891271	not in file	1005-00-589-1271	not in file	not in file	D	1.0	State	not in file	not in file	not in file	not in file	1993Q3
DISP_AllStatesAndTerritories_03312020.xlsx[ALL]	CO	GREELEY POLICE DEPT	RIFLE,7.62 MILLIMETER	1993-08-16	138.0	1	Each	police	10	05	00	5891271	not in file	1005-00-589-1271	not in file	not in file	D	1.0	State	not in file	not in file	not in file	not in file	1993Q3
DISP_AllStatesAndTerritories_03312020.xlsx[ALL]	CO	GREELEY POLICE DEPT	RIFLE,7.62 MILLIMETER	1993-08-16	138.0	1	Each	police	10	05	00	5891271	not in file	1005-00-589-1271	not in file	not in file	D	1.0	State	not in file	not in file	not in file	not in file	1993Q3
DISP_AllStatesAndTerritories_03312020.xlsx[ALL]	IN	CLINTON COUNTY SHERIFF OFFICE	RIFLE,7.62 MILLIMETER	1993-07-21	138.0	1	Each	sheriff	10	05	00	5891271	not in file	1005-00-589-1271	not in file	not in file	D	1.0	State	not in file	not in file	not in file	not in file	1993Q3
DISP_AllStatesAndTerritories_03312020.xlsx[ALL]	IN	CLINTON COUNTY SHERIFF OFFICE	RIFLE,7.62 MILLIMETER	1993-07-21	138.0	1	Each	sheriff	10	05	00	5891271	not in file	1005-00-589-1271	not in file	not in file	D	1.0	State	not in file	not in file	not in file	not in file	1993Q3
DISP_AllStatesAndTerritories_03312020.xlsx[ALL]	IN	DAVIESS COUNTY SHERIFF DEPT	RIFLE,7.62 MILLIMETER	1993-07-21	138.0	1	Each	sheriff	10	05	00	5891271	not in file	1005-00-589-1271	not in file	not in file	D	1.0	State	not in file	not in file	not in file	not in file	1993Q3
DISP_AllStatesAndTerritories_03312020.xlsx[ALL]	IN	DAVIESS COUNTY SHERIFF DEPT	RIFLE,7.62 MILLIMETER	1993-07-21	138.0	1	Each	sheriff	10	05	00	5891271	not in file	1005-00-589-1271	not in file	not in file	D	1.0	State	not in file	not in file	not in file	not in file	1993Q3
DISP_AllStatesAndTerritories_03312020.xlsx[ALL]	IN	DAVIESS COUNTY SHERIFF DEPT	RIFLE,7.62 MILLIMETER	1993-07-21	138.0	1	Each	sheriff	10	05	00	5891271	not in file	1005-00-589-1271	not in file	not in file	D	1.0	State	not in file	not in file	not in file	not in file	1993Q3
DISP_AllStatesAndTerritories_03312020.xlsx[ALL]	IN	DAVIESS COUNTY SHERIFF DEPT	RIFLE,7.62 MILLIMETER	1993-07-21	138.0	1	Each	sheriff	10	05	00	5891271	not in file	1005-00-589-1271	not in file	not in file	D	1.0	State	not in file	not in file	not in file	not in file	1993Q3
DISP_AllStatesAndTerritories_03312020.xlsx[ALL]	IN	MORGAN COUNTY SHERIFFS OFFICE	RIFLE,7.62 MILLIMETER	1993-07-21	138.0	1	Each	sheriff	10	05	00	5891271	not in file	1005-00-589-1271	not in file	not in file	D	1.0	State	not in file	not in file	not in file	not in file	1993Q3
DISP_AllStatesAndTerritories_03312020.xlsx[ALL]	IN	MORGAN COUNTY SHERIFFS OFFICE	RIFLE,7.62 MILLIMETER	1993-07-21	138.0	1	Each	sheriff	10	05	00	5891271	not in file	1005-00-589-1271	not in file	not in file	D	1.0	State	not in file	not in file	not in file	not in file	1993Q3
DISP_AllStatesAndTerritories_03312020.xlsx[ALL]	IN	MORGAN COUNTY SHERIFFS OFFICE	RIFLE,7.62 MILLIMETER	1993-07-21	138.0	1	Each	sheriff	10	05	00	5891271	not in file	1005-00-589-1271	not in file	not in file	D	1.0	State	not in file	not in file	not in file	not in file	1993Q3
DISP_AllStatesAndTerritories_03312020.xlsx[ALL]	IN	MORGAN COUNTY SHERIFFS OFFICE	RIFLE,7.62 MILLIMETER	1993-07-21	138.0	1	Each	sheriff	10	05	00	5891271	not in file	1005-00-589-1271	not in file	not in file	D	1.0	State	not in file	not in file	not in file	not in file	1993Q3
DISP_AllStatesAndTerritories_03312020.xlsx[ALL]	IN	MORGAN COUNTY SHERIFFS OFFICE	RIFLE,7.62 MILLIMETER	1993-07-21	138.0	1	Each	sheriff	10	05	00	5891271	not in file	1005-00-589-1271	not in file	not in file	D	1.0	State	not in file	not in file	not in file	not in file	1993Q3
DISP_AllStatesAndTerritories_03312020.xlsx[ALL]	IN	RICHMOND POLICE DEPT	RIFLE,7.62 MILLIMETER	1993-07-21	138.0	1	Each	police	10	05	00	5891271	not in file	1005-00-589-1271	not in file	not in file	D	1.0	State	not in file	not in file	not in file	not in file	1993Q3
DISP_AllStatesAndTerritories_03312020.xlsx[ALL]	IN	RICHMOND POLICE DEPT	RIFLE,7.62 MILLIMETER	1993-07-21	138.0	1	Each	police	10	05	00	5891271	not in file	1005-00-589-1271	not in file	not in file	D	1.0	State	not in file	not in file	not in file	not in file	1993Q3
DISP_AllStatesAndTerritories_03312020.xlsx[ALL]	NH	EAST KINGSTON POLICE DEPT	RIFLE,7.62 MILLIMETER	1993-08-16	138.0	1	Each	police	10	05	00	5891271	not in file	1005-00-589-1271	not in file	not in file	D	1.0	State	not in file	not in file	not in file	not in file	1993Q3
DISP_AllStatesAndTerritories_03312020.xlsx[ALL]	NH	EAST KINGSTON POLICE DEPT	RIFLE,7.62 MILLIMETER	1993-08-16	138.0	1	Each	police	10	05	00	5891271	not in file	1005-00-589-1271	not in file	not in file	D	1.0	State	not in file	not in file	not in file	not in file	1993Q3
DISP_AllStatesAndTerritories_03312020.xlsx[ALL]	NH	NASHUA POLICE DEPT	RIFLE,7.62 MILLIMETER	1993-07-13	138.0	1	Each	police	10	05	00	5891271	not in file	1005-00-589-1271	not in file	not in file	D	1.0	State	not in file	not in file	not in file	not in file	1993Q3
DISP_AllStatesAndTerritories_03312020.xlsx[ALL]	NH	NASHUA POLICE DEPT	RIFLE,7.62 MILLIMETER	1993-07-13	138.0	1	Each	police	10	05	00	5891271	not in file	1005-00-589-1271	not in file	not in file	D	1.0	State	not in file	not in file	not in file	not in file	1993Q3
DISP_AllStatesAndTerritories_03312020.xlsx[ALL]	NH	NASHUA POLICE DEPT	RIFLE,7.62 MILLIMETER	1993-07-13	138.0	1	Each	police	10	05	00	5891271	not in file	1005-00-589-1271	not in file	not in file	D	1.0	State	not in file	not in file	not in file	not in file	1993Q3
DISP_AllStatesAndTerritories_03312020.xlsx[ALL]	NH	NASHUA POLICE DEPT	RIFLE,7.62 MILLIMETER	1993-07-13	138.0	1	Each	police	10	05	00	5891271	not in file	1005-00-589-1271	not in file	not in file	D	1.0	State	not in file	not in file	not in file	not in file	1993Q3
DISP_AllStatesAndTerritories_03312020.xlsx[ALL]	NH	NASHUA POLICE DEPT	RIFLE,7.62 MILLIMETER	1993-07-13	138.0	1	Each	police	10	05	00	5891271	not in file	1005-00-589-1271	not in file	not in file	D	1.0	State	not in file	not in file	not in file	not in file	1993Q3
DISP_AllStatesAndTerritories_03312020.xlsx[ALL]	NH	NASHUA POLICE DEPT	RIFLE,7.62 MILLIMETER	1993-07-13	138.0	1	Each	police	10	05	00	5891271	not in file	1005-00-589-1271	not in file	not in file	D	1.0	State	not in file	not in file	not in file	not in file	1993Q3
DISP_AllStatesAndTerritories_03312020.xlsx[ALL]	NH	NASHUA POLICE DEPT	RIFLE,7.62 MILLIMETER	1993-07-13	138.0	1	Each	police	10	05	00	5891271	not in file	1005-00-589-1271	not in file	not in file	D	1.0	State	not in file	not in file	not in file	not in file	1993Q3
DISP_AllStatesAndTerritories_03312020.xlsx[ALL]	NH	NASHUA POLICE DEPT	RIFLE,7.62 MILLIMETER	1993-07-13	138.0	1	Each	police	10	05	00	5891271	not in file	1005-00-589-1271	not in file	not in file	D	1.0	State	not in file	not in file	not in file	not in file	1993Q3
DISP_AllStatesAndTerritories_03312020.xlsx[ALL]	NH	NASHUA POLICE DEPT	RIFLE,7.62 MILLIMETER	1993-07-13	138.0	1	Each	police	10	05	00	5891271	not in file	1005-00-589-1271	not in file	not in file	D	1.0	State	not in file	not in file	not in file	not in file	1993Q3
DISP_AllStatesAndTerritories_03312020.xlsx[ALL]	NH	NASHUA POLICE DEPT	RIFLE,7.62 MILLIMETER	1993-07-13	138.0	1	Each	police	10	05	00	5891271	not in file	1005-00-589-1271	not in file	not in file	D	1.0	State	not in file	not in file	not in file	not in file	1993Q3
DISP_AllStatesAndTerritories_03312020.xlsx[ALL]	NH	NASHUA POLICE DEPT	RIFLE,7.62 MILLIMETER	1993-07-13	138.0	1	Each	police	10	05	00	5891271	not in file	1005-00-589-1271	not in file	not in file	D	1.0	State	not in file	not in file	not in file	not in file	1993Q3
DISP_AllStatesAndTerritories_03312020.xlsx[ALL]	NH	NASHUA POLICE DEPT	RIFLE,7.62 MILLIMETER	1993-07-13	138.0	1	Each	police	10	05	00	5891271	not in file	1005-00-589-1271	not in file	not in file	D	1.0	State	not in file	not in file	not in file	not in file	1993Q3
DISP_AllStatesAndTerritories_03312020.xlsx[ALL]	NH	NASHUA POLICE DEPT	RIFLE,7.62 MILLIMETER	1993-07-13	138.0	1	Each	police	10	05	00	5891271	not in file	1005-00-589-1271	not in file	not in file	D	1.0	State	not in file	not in file	not in file	not in file	1993Q3
DISP_AllStatesAndTerritories_03312020.xlsx[ALL]	NH	NASHUA POLICE DEPT	RIFLE,7.62 MILLIMETER	1993-07-13	138.0	1	Each	police	10	05	00	5891271	not in file	1005-00-589-1271	not in file	not in file	D	1.0	State	not in file	not in file	not in file	not in file	1993Q3
DISP_AllStatesAndTerritories_03312020.xlsx[ALL]	NH	NASHUA POLICE DEPT	RIFLE,7.62 MILLIMETER	1993-07-13	138.0	1	Each	police	10	05	00	5891271	not in file	1005-00-589-1271	not in file	not in file	D	1.0	State	not in file	not in file	not in file	not in file	1993Q3
DISP_AllStatesAndTerritories_03312020.xlsx[ALL]	NH	NASHUA POLICE DEPT	RIFLE,7.62 MILLIMETER	1993-07-13	138.0	1	Each	police	10	05	00	5891271	not in file	1005-00-589-1271	not in file	not in file	D	1.0	State	not in file	not in file	not in file	not in file	1993Q3
DISP_AllStatesAndTerritories_03312020.xlsx[ALL]	NH	NASHUA POLICE DEPT	RIFLE,7.62 MILLIMETER	1993-07-13	138.0	1	Each	police	10	05	00	5891271	not in file	1005-00-589-1271	not in file	not in file	D	1.0	State	not in file	not in file	not in file	not in file	1993Q3
DISP_AllStatesAndTerritories_03312020.xlsx[ALL]	NH	NASHUA POLICE DEPT	RIFLE,7.62 MILLIMETER	1993-07-13	138.0	1	Each	police	10	05	00	5891271	not in file	1005-00-589-1271	not in file	not in file	D	1.0	State	not in file	not in file	not in file	not in file	1993Q3
DISP_AllStatesAndTerritories_03312020.xlsx[ALL]	NH	NASHUA POLICE DEPT	RIFLE,7.62 MILLIMETER	1993-07-13	138.0	1	Each	police	10	05	00	5891271	not in file	1005-00-589-1271	not in file	not in file	D	1.0	State	not in file	not in file	not in file	not in file	1993Q3
DISP_AllStatesAndTerritories_03312020.xlsx[ALL]	NH	NASHUA POLICE DEPT	RIFLE,7.62 MILLIMETER	1993-07-13	138.0	1	Each	police	10	05	00	5891271	not in file	1005-00-589-1271	not in file	not in file	D	1.0	State	not in file	not in file	not in file	not in file	1993Q3
DISP_AllStatesAndTerritories_03312020.xlsx[ALL]	NY	ALLEGANY COUNTY SHERIFFS OFFICE	RIFLE,7.62 MILLIMETER	1993-07-12	138.0	1	Each	sheriff	10	05	00	5891271	not in file	1005-00-589-1271	not in file	not in file	D	1.0	State	not in file	not in file	not in file	not in file	1993Q3
DISP_AllStatesAndTerritories_03312020.xlsx[ALL]	NY	ALLEGANY COUNTY SHERIFFS OFFICE	RIFLE,7.62 MILLIMETER	1993-07-12	138.0	1	Each	sheriff	10	05	00	5891271	not in file	1005-00-589-1271	not in file	not in file	D	1.0	State	not in file	not in file	not in file	not in file	1993Q3
DISP_AllStatesAndTerritories_03312020.xlsx[ALL]	NY	ALLEGANY COUNTY SHERIFFS OFFICE	RIFLE,7.62 MILLIMETER	1993-07-12	138.0	1	Each	sheriff	10	05	00	5891271	not in file	1005-00-589-1271	not in file	not in file	D	1.0	State	not in file	not in file	not in file	not in file	1993Q3
DISP_AllStatesAndTerritories_03312020.xlsx[ALL]	NY	ALLEGANY COUNTY SHERIFFS OFFICE	RIFLE,7.62 MILLIMETER	1993-07-12	138.0	1	Each	sheriff	10	05	00	5891271	not in file	1005-00-589-1271	not in file	not in file	D	1.0	State	not in file	not in file	not in file	not in file	1993Q3
DISP_AllStatesAndTerritories_03312020.xlsx[ALL]	NY	BROOME COUNTY SHERIFF OFFICE	RIFLE,7.62 MILLIMETER	1993-07-12	138.0	1	Each	sheriff	10	05	00	5891271	not in file	1005-00-589-1271	not in file	not in file	D	1.0	State	not in file	not in file	not in file	not in file	1993Q3
DISP_AllStatesAndTerritories_03312020.xlsx[ALL]	NY	BROOME COUNTY SHERIFF OFFICE	RIFLE,7.62 MILLIMETER	1993-07-12	138.0	1	Each	sheriff	10	05	00	5891271	not in file	1005-00-589-1271	not in file	not in file	D	1.0	State	not in file	not in file	not in file	not in file	1993Q3
DISP_AllStatesAndTerritories_03312020.xlsx[ALL]	NY	BROOME COUNTY SHERIFF OFFICE	RIFLE,7.62 MILLIMETER	1993-07-12	138.0	1	Each	sheriff	10	05	00	5891271	not in file	1005-00-589-1271	not in file	not in file	D	1.0	State	not in file	not in file	not in file	not in file	1993Q3
DISP_AllStatesAndTerritories_03312020.xlsx[ALL]	NY	BROOME COUNTY SHERIFF OFFICE	RIFLE,7.62 MILLIMETER	1993-07-12	138.0	1	Each	sheriff	10	05	00	5891271	not in file	1005-00-589-1271	not in file	not in file	D	1.0	State	not in file	not in file	not in file	not in file	1993Q3
DISP_AllStatesAndTerritories_03312020.xlsx[ALL]	NY	BROOME COUNTY SHERIFF OFFICE	RIFLE,7.62 MILLIMETER	1993-07-12	138.0	1	Each	sheriff	10	05	00	5891271	not in file	1005-00-589-1271	not in file	not in file	D	1.0	State	not in file	not in file	not in file	not in file	1993Q3
DISP_AllStatesAndTerritories_03312020.xlsx[ALL]	NY	BROOME COUNTY SHERIFF OFFICE	RIFLE,7.62 MILLIMETER	1993-07-12	138.0	1	Each	sheriff	10	05	00	5891271	not in file	1005-00-589-1271	not in file	not in file	D	1.0	State	not in file	not in file	not in file	not in file	1993Q3
DISP_AllStatesAndTerritories_03312020.xlsx[ALL]	NY	BROOME COUNTY SHERIFF OFFICE	RIFLE,7.62 MILLIMETER	1993-07-12	138.0	1	Each	sheriff	10	05	00	5891271	not in file	1005-00-589-1271	not in file	not in file	D	1.0	State	not in file	not in file	not in file	not in file	1993Q3
DISP_AllStatesAndTerritories_03312020.xlsx[ALL]	NY	BROOME COUNTY SHERIFF OFFICE	RIFLE,7.62 MILLIMETER	1993-07-12	138.0	1	Each	sheriff	10	05	00	5891271	not in file	1005-00-589-1271	not in file	not in file	D	1.0	State	not in file	not in file	not in file	not in file	1993Q3
DISP_AllStatesAndTerritories_03312020.xlsx[ALL]	NY	CLINTON COUNTY SHERIFF DEPT	RIFLE,7.62 MILLIMETER	1993-07-12	138.0	1	Each	sheriff	10	05	00	5891271	not in file	1005-00-589-1271	not in file	not in file	D	1.0	State	not in file	not in file	not in file	not in file	1993Q3
DISP_AllStatesAndTerritories_03312020.xlsx[ALL]	NY	CLINTON COUNTY SHERIFF DEPT	RIFLE,7.62 MILLIMETER	1993-07-12	138.0	1	Each	sheriff	10	05	00	5891271	not in file	1005-00-589-1271	not in file	not in file	D	1.0	State	not in file	not in file	not in file	not in file	1993Q3
DISP_AllStatesAndTerritories_03312020.xlsx[ALL]	NY	CLINTON COUNTY SHERIFF DEPT	RIFLE,7.62 MILLIMETER	1993-07-12	138.0	1	Each	sheriff	10	05	00	5891271	not in file	1005-00-589-1271	not in file	not in file	D	1.0	State	not in file	not in file	not in file	not in file	1993Q3
DISP_AllStatesAndTerritories_03312020.xlsx[ALL]	NY	CLINTON COUNTY SHERIFF DEPT	RIFLE,7.62 MILLIMETER	1993-07-12	138.0	1	Each	sheriff	10	05	00	5891271	not in file	1005-00-589-1271	not in file	not in file	D	1.0	State	not in file	not in file	not in file	not in file	1993Q3
DISP_AllStatesAndTerritories_03312020.xlsx[ALL]	NY	NIAGARA FRONTIER TRANS AUTHORITY PD	RIFLE,7.62 MILLIMETER	1993-07-12	138.0	1	Each	police	10	05	00	5891271	not in file	1005-00-589-1271	not in file	not in file	D	1.0	State	not in file	not in file	not in file	not in file	1993Q3
DISP_AllStatesAndTerritories_03312020.xlsx[ALL]	NY	NIAGARA FRONTIER TRANS AUTHORITY PD	RIFLE,7.62 MILLIMETER	1993-07-12	138.0	1	Each	police	10	05	00	5891271	not in file	1005-00-589-1271	not in file	not in file	D	1.0	State	not in file	not in file	not in file	not in file	1993Q3
DISP_AllStatesAndTerritories_03312020.xlsx[ALL]	NY	NIAGARA FRONTIER TRANS AUTHORITY PD	RIFLE,7.62 MILLIMETER	1993-07-12	138.0	1	Each	police	10	05	00	5891271	not in file	1005-00-589-1271	not in file	not in file	D	1.0	State	not in file	not in file	not in file	not in file	1993Q3
DISP_AllStatesAndTerritories_03312020.xlsx[ALL]	NY	NIAGARA FRONTIER TRANS AUTHORITY PD	RIFLE,7.62 MILLIMETER	1993-07-12	138.0	1	Each	police	10	05	00	5891271	not in file	1005-00-589-1271	not in file	not in file	D	1.0	State	not in file	not in file	not in file	not in file	1993Q3
DISP_AllStatesAndTerritories_03312020.xlsx[ALL]	NY	SCHUYLER COUNTY SHERIFF OFFICE	RIFLE,7.62 MILLIMETER	1993-07-12	138.0	1	Each	sheriff	10	05	00	5891271	not in file	1005-00-589-1271	not in file	not in file	D	1.0	State	not in file	not in file	not in file	not in file	1993Q3
DISP_AllStatesAndTerritories_03312020.xlsx[ALL]	NY	SCHUYLER COUNTY SHERIFF OFFICE	RIFLE,7.62 MILLIMETER	1993-07-12	138.0	1	Each	sheriff	10	05	00	5891271	not in file	1005-00-589-1271	not in file	not in file	D	1.0	State	not in file	not in file	not in file	not in file	1993Q3
DISP_AllStatesAndTerritories_03312020.xlsx[ALL]	NY	SCHUYLER COUNTY SHERIFF OFFICE	RIFLE,7.62 MILLIMETER	1993-07-12	138.0	1	Each	sheriff	10	05	00	5891271	not in file	1005-00-589-1271	not in file	not in file	D	1.0	State	not in file	not in file	not in file	not in file	1993Q3
DISP_AllStatesAndTerritories_03312020.xlsx[ALL]	NY	SCHUYLER COUNTY SHERIFF OFFICE	RIFLE,7.62 MILLIMETER	1993-07-12	138.0	1	Each	sheriff	10	05	00	5891271	not in file	1005-00-589-1271	not in file	not in file	D	1.0	State	not in file	not in file	not in file	not in file	1993Q3
DISP_AllStatesAndTerritories_03312020.xlsx[ALL]	ND	GRAFTON POLICE DEPT	RIFLE,7.62 MILLIMETER	1993-08-23	138.0	1	Each	police	10	05	00	5891271	not in file	1005-00-589-1271	not in file	not in file	D	1.0	State	not in file	not in file	not in file	not in file	1993Q3
DISP_AllStatesAndTerritories_03312020.xlsx[ALL]	ND	GRAFTON POLICE DEPT	RIFLE,7.62 MILLIMETER	1993-08-23	138.0	1	Each	police	10	05	00	5891271	not in file	1005-00-589-1271	not in file	not in file	D	1.0	State	not in file	not in file	not in file	not in file	1993Q3
DISP_AllStatesAndTerritories_03312020.xlsx[ALL]	ND	GRAFTON POLICE DEPT	RIFLE,7.62 MILLIMETER	1993-08-23	138.0	1	Each	police	10	05	00	5891271	not in file	1005-00-589-1271	not in file	not in file	D	1.0	State	not in file	not in file	not in file	not in file	1993Q3
DISP_AllStatesAndTerritories_03312020.xlsx[ALL]	ND	GRAND FORKS COUNTY SHERIFF DEPT	RIFLE,7.62 MILLIMETER	1993-09-01	138.0	1	Each	sheriff	10	05	00	5891271	not in file	1005-00-589-1271	not in file	not in file	D	1.0	State	not in file	not in file	not in file	not in file	1993Q3
DISP_AllStatesAndTerritories_03312020.xlsx[ALL]	ND	GRAND FORKS COUNTY SHERIFF DEPT	RIFLE,7.62 MILLIMETER	1993-09-01	138.0	1	Each	sheriff	10	05	00	5891271	not in file	1005-00-589-1271	not in file	not in file	D	1.0	State	not in file	not in file	not in file	not in file	1993Q3
DISP_AllStatesAndTerritories_03312020.xlsx[ALL]	ND	GRAND FORKS COUNTY SHERIFF DEPT	RIFLE,7.62 MILLIMETER	1993-09-01	138.0	1	Each	sheriff	10	05	00	5891271	not in file	1005-00-589-1271	not in file	not in file	D	1.0	State	not in file	not in file	not in file	not in file	1993Q3
DISP_AllStatesAndTerritories_03312020.xlsx[ALL]	SD	DEPT OF GAME FISH AND PARKS	RIFLE,7.62 MILLIMETER	1993-07-01	138.0	1	Each	nat resources	10	05	00	5891271	not in file	1005-00-589-1271	not in file	not in file	D	1.0	State	not in file	not in file	not in file	not in file	1993Q3
DISP_AllStatesAndTerritories_03312020.xlsx[ALL]	SD	DEPT OF GAME FISH AND PARKS	RIFLE,7.62 MILLIMETER	1993-07-01	138.0	1	Each	nat resources	10	05	00	5891271	not in file	1005-00-589-1271	not in file	not in file	D	1.0	State	not in file	not in file	not in file	not in file	1993Q3
DISP_AllStatesAndTerritories_03312020.xlsx[ALL]	SD	DEPT OF GAME FISH AND PARKS	RIFLE,7.62 MILLIMETER	1993-07-01	138.0	1	Each	nat resources	10	05	00	5891271	not in file	1005-00-589-1271	not in file	not in file	D	1.0	State	not in file	not in file	not in file	not in file	1993Q3
DISP_AllStatesAndTerritories_03312020.xlsx[ALL]	SD	DEPT OF GAME FISH AND PARKS	RIFLE,7.62 MILLIMETER	1993-07-01	138.0	1	Each	nat resources	10	05	00	5891271	not in file	1005-00-589-1271	not in file	not in file	D	1.0	State	not in file	not in file	not in file	not in file	1993Q3
DISP_AllStatesAndTerritories_03312020.xlsx[ALL]	SD	DEPT OF GAME FISH AND PARKS	RIFLE,7.62 MILLIMETER	1993-07-01	138.0	1	Each	nat resources	10	05	00	5891271	not in file	1005-00-589-1271	not in file	not in file	D	1.0	State	not in file	not in file	not in file	not in file	1993Q3
DISP_AllStatesAndTerritories_03312020.xlsx[ALL]	SD	DEPT OF GAME FISH AND PARKS	RIFLE,7.62 MILLIMETER	1993-07-01	138.0	1	Each	nat resources	10	05	00	5891271	not in file	1005-00-589-1271	not in file	not in file	D	1.0	State	not in file	not in file	not in file	not in file	1993Q3
DISP_AllStatesAndTerritories_03312020.xlsx[ALL]	SD	DEPT OF GAME FISH AND PARKS	RIFLE,7.62 MILLIMETER	1993-07-01	138.0	1	Each	nat resources	10	05	00	5891271	not in file	1005-00-589-1271	not in file	not in file	D	1.0	State	not in file	not in file	not in file	not in file	1993Q3
DISP_AllStatesAndTerritories_03312020.xlsx[ALL]	SD	DEPT OF GAME FISH AND PARKS	RIFLE,7.62 MILLIMETER	1993-07-01	138.0	1	Each	nat resources	10	05	00	5891271	not in file	1005-00-589-1271	not in file	not in file	D	1.0	State	not in file	not in file	not in file	not in file	1993Q3
DISP_AllStatesAndTerritories_03312020.xlsx[ALL]	SD	DEPT OF GAME FISH AND PARKS	RIFLE,7.62 MILLIMETER	1993-07-01	138.0	1	Each	nat resources	10	05	00	5891271	not in file	1005-00-589-1271	not in file	not in file	D	1.0	State	not in file	not in file	not in file	not in file	1993Q3
DISP_AllStatesAndTerritories_03312020.xlsx[ALL]	SD	DEPT OF GAME FISH AND PARKS	RIFLE,7.62 MILLIMETER	1993-07-01	138.0	1	Each	nat resources	10	05	00	5891271	not in file	1005-00-589-1271	not in file	not in file	D	1.0	State	not in file	not in file	not in file	not in file	1993Q3
DISP_AllStatesAndTerritories_03312020.xlsx[ALL]	SD	DEPT OF GAME FISH AND PARKS	RIFLE,7.62 MILLIMETER	1993-07-01	138.0	1	Each	nat resources	10	05	00	5891271	not in file	1005-00-589-1271	not in file	not in file	D	1.0	State	not in file	not in file	not in file	not in file	1993Q3
DISP_AllStatesAndTerritories_03312020.xlsx[ALL]	SD	DEPT OF GAME FISH AND PARKS	RIFLE,7.62 MILLIMETER	1993-07-01	138.0	1	Each	nat resources	10	05	00	5891271	not in file	1005-00-589-1271	not in file	not in file	D	1.0	State	not in file	not in file	not in file	not in file	1993Q3
DISP_AllStatesAndTerritories_03312020.xlsx[ALL]	SD	DEPT OF GAME FISH AND PARKS	RIFLE,7.62 MILLIMETER	1993-07-01	138.0	1	Each	nat resources	10	05	00	5891271	not in file	1005-00-589-1271	not in file	not in file	D	1.0	State	not in file	not in file	not in file	not in file	1993Q3
DISP_AllStatesAndTerritories_03312020.xlsx[ALL]	SD	DEPT OF GAME FISH AND PARKS	RIFLE,7.62 MILLIMETER	1993-07-01	138.0	1	Each	nat resources	10	05	00	5891271	not in file	1005-00-589-1271	not in file	not in file	D	1.0	State	not in file	not in file	not in file	not in file	1993Q3
DISP_AllStatesAndTerritories_03312020.xlsx[ALL]	SD	DEPT OF GAME FISH AND PARKS	RIFLE,7.62 MILLIMETER	1993-07-01	138.0	1	Each	nat resources	10	05	00	5891271	not in file	1005-00-589-1271	not in file	not in file	D	1.0	State	not in file	not in file	not in file	not in file	1993Q3
DISP_AllStatesAndTerritories_03312020.xlsx[ALL]	SD	DEPT OF GAME FISH AND PARKS	RIFLE,7.62 MILLIMETER	1993-07-01	138.0	1	Each	nat resources	10	05	00	5891271	not in file	1005-00-589-1271	not in file	not in file	D	1.0	State	not in file	not in file	not in file	not in file	1993Q3
DISP_AllStatesAndTerritories_03312020.xlsx[ALL]	SD	DEPT OF GAME FISH AND PARKS	RIFLE,7.62 MILLIMETER	1993-07-01	138.0	1	Each	nat resources	10	05	00	5891271	not in file	1005-00-589-1271	not in file	not in file	D	1.0	State	not in file	not in file	not in file	not in file	1993Q3
DISP_AllStatesAndTerritories_03312020.xlsx[ALL]	SD	DEPT OF GAME FISH AND PARKS	RIFLE,7.62 MILLIMETER	1993-07-01	138.0	1	Each	nat resources	10	05	00	5891271	not in file	1005-00-589-1271	not in file	not in file	D	1.0	State	not in file	not in file	not in file	not in file	1993Q3
DISP_AllStatesAndTerritories_03312020.xlsx[ALL]	SD	DEPT OF GAME FISH AND PARKS	RIFLE,7.62 MILLIMETER	1993-07-01	138.0	1	Each	nat resources	10	05	00	5891271	not in file	1005-00-589-1271	not in file	not in file	D	1.0	State	not in file	not in file	not in file	not in file	1993Q3
DISP_AllStatesAndTerritories_03312020.xlsx[ALL]	SD	DEPT OF GAME FISH AND PARKS	RIFLE,7.62 MILLIMETER	1993-07-01	138.0	1	Each	nat resources	10	05	00	5891271	not in file	1005-00-589-1271	not in file	not in file	D	1.0	State	not in file	not in file	not in file	not in file	1993Q3
DISP_AllStatesAndTerritories_03312020.xlsx[ALL]	SD	DEPT OF GAME FISH AND PARKS	RIFLE,7.62 MILLIMETER	1993-07-01	138.0	1	Each	nat resources	10	05	00	5891271	not in file	1005-00-589-1271	not in file	not in file	D	1.0	State	not in file	not in file	not in file	not in file	1993Q3
DISP_AllStatesAndTerritories_03312020.xlsx[ALL]	SD	DEPT OF GAME FISH AND PARKS	RIFLE,7.62 MILLIMETER	1993-07-01	138.0	1	Each	nat resources	10	05	00	5891271	not in file	1005-00-589-1271	not in file	not in file	D	1.0	State	not in file	not in file	not in file	not in file	1993Q3
DISP_AllStatesAndTerritories_03312020.xlsx[ALL]	SD	DEPT OF GAME FISH AND PARKS	RIFLE,7.62 MILLIMETER	1993-07-01	138.0	1	Each	nat resources	10	05	00	5891271	not in file	1005-00-589-1271	not in file	not in file	D	1.0	State	not in file	not in file	not in file	not in file	1993Q3
DISP_AllStatesAndTerritories_03312020.xlsx[ALL]	SD	DEPT OF GAME FISH AND PARKS	RIFLE,7.62 MILLIMETER	1993-07-01	138.0	1	Each	nat resources	10	05	00	5891271	not in file	1005-00-589-1271	not in file	not in file	D	1.0	State	not in file	not in file	not in file	not in file	1993Q3
DISP_AllStatesAndTerritories_03312020.xlsx[ALL]	SD	DEPT OF GAME FISH AND PARKS	RIFLE,7.62 MILLIMETER	1993-07-01	138.0	1	Each	nat resources	10	05	00	5891271	not in file	1005-00-589-1271	not in file	not in file	D	1.0	State	not in file	not in file	not in file	not in file	1993Q3
DISP_AllStatesAndTerritories_03312020.xlsx[ALL]	SD	DEPT OF GAME FISH AND PARKS	RIFLE,7.62 MILLIMETER	1993-07-01	138.0	1	Each	nat resources	10	05	00	5891271	not in file	1005-00-589-1271	not in file	not in file	D	1.0	State	not in file	not in file	not in file	not in file	1993Q3
DISP_AllStatesAndTerritories_03312020.xlsx[ALL]	SD	DEPT OF GAME FISH AND PARKS	RIFLE,7.62 MILLIMETER	1993-07-01	138.0	1	Each	nat resources	10	05	00	5891271	not in file	1005-00-589-1271	not in file	not in file	D	1.0	State	not in file	not in file	not in file	not in file	1993Q3
DISP_AllStatesAndTerritories_03312020.xlsx[ALL]	SD	DEPT OF GAME FISH AND PARKS	RIFLE,7.62 MILLIMETER	1993-07-01	138.0	1	Each	nat resources	10	05	00	5891271	not in file	1005-00-589-1271	not in file	not in file	D	1.0	State	not in file	not in file	not in file	not in file	1993Q3
DISP_AllStatesAndTerritories_03312020.xlsx[ALL]	SD	DEPT OF GAME FISH AND PARKS	RIFLE,7.62 MILLIMETER	1993-07-01	138.0	1	Each	nat resources	10	05	00	5891271	not in file	1005-00-589-1271	not in file	not in file	D	1.0	State	not in file	not in file	not in file	not in file	1993Q3
DISP_AllStatesAndTerritories_03312020.xlsx[ALL]	SD	DEPT OF GAME FISH AND PARKS	RIFLE,7.62 MILLIMETER	1993-07-01	138.0	1	Each	nat resources	10	05	00	5891271	not in file	1005-00-589-1271	not in file	not in file	D	1.0	State	not in file	not in file	not in file	not in file	1993Q3
DISP_AllStatesAndTerritories_03312020.xlsx[ALL]	SD	DEPT OF GAME FISH AND PARKS	RIFLE,7.62 MILLIMETER	1993-07-01	138.0	1	Each	nat resources	10	05	00	5891271	not in file	1005-00-589-1271	not in file	not in file	D	1.0	State	not in file	not in file	not in file	not in file	1993Q3
DISP_AllStatesAndTerritories_03312020.xlsx[ALL]	SD	DEPT OF GAME FISH AND PARKS	RIFLE,7.62 MILLIMETER	1993-07-01	138.0	1	Each	nat resources	10	05	00	5891271	not in file	1005-00-589-1271	not in file	not in file	D	1.0	State	not in file	not in file	not in file	not in file	1993Q3
DISP_AllStatesAndTerritories_03312020.xlsx[ALL]	SD	DEPT OF GAME FISH AND PARKS	RIFLE,7.62 MILLIMETER	1993-07-01	138.0	1	Each	nat resources	10	05	00	5891271	not in file	1005-00-589-1271	not in file	not in file	D	1.0	State	not in file	not in file	not in file	not in file	1993Q3
DISP_AllStatesAndTerritories_03312020.xlsx[ALL]	SD	DEPT OF GAME FISH AND PARKS	RIFLE,7.62 MILLIMETER	1993-07-01	138.0	1	Each	nat resources	10	05	00	5891271	not in file	1005-00-589-1271	not in file	not in file	D	1.0	State	not in file	not in file	not in file	not in file	1993Q3
DISP_AllStatesAndTerritories_03312020.xlsx[ALL]	SD	DEPT OF GAME FISH AND PARKS	RIFLE,7.62 MILLIMETER	1993-07-01	138.0	1	Each	nat resources	10	05	00	5891271	not in file	1005-00-589-1271	not in file	not in file	D	1.0	State	not in file	not in file	not in file	not in file	1993Q3
DISP_AllStatesAndTerritories_03312020.xlsx[ALL]	SD	DEPT OF GAME FISH AND PARKS	RIFLE,7.62 MILLIMETER	1993-07-01	138.0	1	Each	nat resources	10	05	00	5891271	not in file	1005-00-589-1271	not in file	not in file	D	1.0	State	not in file	not in file	not in file	not in file	1993Q3
DISP_AllStatesAndTerritories_03312020.xlsx[ALL]	SD	DEPT OF GAME FISH AND PARKS	RIFLE,7.62 MILLIMETER	1993-07-01	138.0	1	Each	nat resources	10	05	00	5891271	not in file	1005-00-589-1271	not in file	not in file	D	1.0	State	not in file	not in file	not in file	not in file	1993Q3
DISP_AllStatesAndTerritories_03312020.xlsx[ALL]	SD	DEPT OF GAME FISH AND PARKS	RIFLE,7.62 MILLIMETER	1993-07-01	138.0	1	Each	nat resources	10	05	00	5891271	not in file	1005-00-589-1271	not in file	not in file	D	1.0	State	not in file	not in file	not in file	not in file	1993Q3
DISP_AllStatesAndTerritories_03312020.xlsx[ALL]	SD	DEPT OF GAME FISH AND PARKS	RIFLE,7.62 MILLIMETER	1993-07-01	138.0	1	Each	nat resources	10	05	00	5891271	not in file	1005-00-589-1271	not in file	not in file	D	1.0	State	not in file	not in file	not in file	not in file	1993Q3
DISP_AllStatesAndTerritories_03312020.xlsx[ALL]	SD	DEPT OF GAME FISH AND PARKS	RIFLE,7.62 MILLIMETER	1993-07-01	138.0	1	Each	nat resources	10	05	00	5891271	not in file	1005-00-589-1271	not in file	not in file	D	1.0	State	not in file	not in file	not in file	not in file	1993Q3
DISP_AllStatesAndTerritories_03312020.xlsx[ALL]	SD	DEPT OF GAME FISH AND PARKS	RIFLE,7.62 MILLIMETER	1993-07-01	138.0	1	Each	nat resources	10	05	00	5891271	not in file	1005-00-589-1271	not in file	not in file	D	1.0	State	not in file	not in file	not in file	not in file	1993Q3
DISP_AllStatesAndTerritories_03312020.xlsx[ALL]	SD	DEPT OF GAME FISH AND PARKS	RIFLE,7.62 MILLIMETER	1993-07-01	138.0	1	Each	nat resources	10	05	00	5891271	not in file	1005-00-589-1271	not in file	not in file	D	1.0	State	not in file	not in file	not in file	not in file	1993Q3
DISP_AllStatesAndTerritories_03312020.xlsx[ALL]	SD	DEPT OF GAME FISH AND PARKS	RIFLE,7.62 MILLIMETER	1993-07-01	138.0	1	Each	nat resources	10	05	00	5891271	not in file	1005-00-589-1271	not in file	not in file	D	1.0	State	not in file	not in file	not in file	not in file	1993Q3
DISP_AllStatesAndTerritories_03312020.xlsx[ALL]	SD	DEPT OF GAME FISH AND PARKS	RIFLE,7.62 MILLIMETER	1993-07-01	138.0	1	Each	nat resources	10	05	00	5891271	not in file	1005-00-589-1271	not in file	not in file	D	1.0	State	not in file	not in file	not in file	not in file	1993Q3
DISP_AllStatesAndTerritories_03312020.xlsx[ALL]	SD	DEPT OF GAME FISH AND PARKS	RIFLE,7.62 MILLIMETER	1993-07-01	138.0	1	Each	nat resources	10	05	00	5891271	not in file	1005-00-589-1271	not in file	not in file	D	1.0	State	not in file	not in file	not in file	not in file	1993Q3
DISP_AllStatesAndTerritories_03312020.xlsx[ALL]	SD	DEPT OF GAME FISH AND PARKS	RIFLE,7.62 MILLIMETER	1993-07-01	138.0	1	Each	nat resources	10	05	00	5891271	not in file	1005-00-589-1271	not in file	not in file	D	1.0	State	not in file	not in file	not in file	not in file	1993Q3
DISP_AllStatesAndTerritories_03312020.xlsx[ALL]	SD	DEPT OF GAME FISH AND PARKS	RIFLE,7.62 MILLIMETER	1993-07-01	138.0	1	Each	nat resources	10	05	00	5891271	not in file	1005-00-589-1271	not in file	not in file	D	1.0	State	not in file	not in file	not in file	not in file	1993Q3
DISP_AllStatesAndTerritories_03312020.xlsx[ALL]	SD	DEPT OF GAME FISH AND PARKS	RIFLE,7.62 MILLIMETER	1993-07-01	138.0	1	Each	nat resources	10	05	00	5891271	not in file	1005-00-589-1271	not in file	not in file	D	1.0	State	not in file	not in file	not in file	not in file	1993Q3
DISP_AllStatesAndTerritories_03312020.xlsx[ALL]	SD	DEPT OF GAME FISH AND PARKS	RIFLE,7.62 MILLIMETER	1993-07-01	138.0	1	Each	nat resources	10	05	00	5891271	not in file	1005-00-589-1271	not in file	not in file	D	1.0	State	not in file	not in file	not in file	not in file	1993Q3
DISP_AllStatesAndTerritories_03312020.xlsx[ALL]	SD	DEPT OF GAME FISH AND PARKS	RIFLE,7.62 MILLIMETER	1993-07-01	138.0	1	Each	nat resources	10	05	00	5891271	not in file	1005-00-589-1271	not in file	not in file	D	1.0	State	not in file	not in file	not in file	not in file	1993Q3
DISP_AllStatesAndTerritories_03312020.xlsx[ALL]	SD	DEPT OF GAME FISH AND PARKS	RIFLE,7.62 MILLIMETER	1993-07-01	138.0	1	Each	nat resources	10	05	00	5891271	not in file	1005-00-589-1271	not in file	not in file	D	1.0	State	not in file	not in file	not in file	not in file	1993Q3
DISP_AllStatesAndTerritories_03312020.xlsx[ALL]	SD	DEPT OF GAME FISH AND PARKS	RIFLE,7.62 MILLIMETER	1993-07-01	138.0	1	Each	nat resources	10	05	00	5891271	not in file	1005-00-589-1271	not in file	not in file	D	1.0	State	not in file	not in file	not in file	not in file	1993Q3
DISP_AllStatesAndTerritories_03312020.xlsx[ALL]	SD	DEPT OF GAME FISH AND PARKS	RIFLE,7.62 MILLIMETER	1993-07-01	138.0	1	Each	nat resources	10	05	00	5891271	not in file	1005-00-589-1271	not in file	not in file	D	1.0	State	not in file	not in file	not in file	not in file	1993Q3
DISP_AllStatesAndTerritories_03312020.xlsx[ALL]	SD	DEPT OF GAME FISH AND PARKS	RIFLE,7.62 MILLIMETER	1993-07-01	138.0	1	Each	nat resources	10	05	00	5891271	not in file	1005-00-589-1271	not in file	not in file	D	1.0	State	not in file	not in file	not in file	not in file	1993Q3
DISP_AllStatesAndTerritories_03312020.xlsx[ALL]	SD	DEPT OF GAME FISH AND PARKS	RIFLE,7.62 MILLIMETER	1993-07-01	138.0	1	Each	nat resources	10	05	00	5891271	not in file	1005-00-589-1271	not in file	not in file	D	1.0	State	not in file	not in file	not in file	not in file	1993Q3
DISP_AllStatesAndTerritories_03312020.xlsx[ALL]	SD	DEPT OF GAME FISH AND PARKS	RIFLE,7.62 MILLIMETER	1993-07-01	138.0	1	Each	nat resources	10	05	00	5891271	not in file	1005-00-589-1271	not in file	not in file	D	1.0	State	not in file	not in file	not in file	not in file	1993Q3
DISP_AllStatesAndTerritories_03312020.xlsx[ALL]	SD	DEPT OF GAME FISH AND PARKS	RIFLE,7.62 MILLIMETER	1993-07-01	138.0	1	Each	nat resources	10	05	00	5891271	not in file	1005-00-589-1271	not in file	not in file	D	1.0	State	not in file	not in file	not in file	not in file	1993Q3
DISP_AllStatesAndTerritories_03312020.xlsx[ALL]	SD	DEPT OF GAME FISH AND PARKS	RIFLE,7.62 MILLIMETER	1993-07-01	138.0	1	Each	nat resources	10	05	00	5891271	not in file	1005-00-589-1271	not in file	not in file	D	1.0	State	not in file	not in file	not in file	not in file	1993Q3
DISP_AllStatesAndTerritories_03312020.xlsx[ALL]	SD	DEPT OF GAME FISH AND PARKS	RIFLE,7.62 MILLIMETER	1993-07-01	138.0	1	Each	nat resources	10	05	00	5891271	not in file	1005-00-589-1271	not in file	not in file	D	1.0	State	not in file	not in file	not in file	not in file	1993Q3
DISP_AllStatesAndTerritories_03312020.xlsx[ALL]	SD	DEPT OF GAME FISH AND PARKS	RIFLE,7.62 MILLIMETER	1993-07-01	138.0	1	Each	nat resources	10	05	00	5891271	not in file	1005-00-589-1271	not in file	not in file	D	1.0	State	not in file	not in file	not in file	not in file	1993Q3
DISP_AllStatesAndTerritories_03312020.xlsx[ALL]	SD	DEPT OF GAME FISH AND PARKS	RIFLE,7.62 MILLIMETER	1993-07-01	138.0	1	Each	nat resources	10	05	00	5891271	not in file	1005-00-589-1271	not in file	not in file	D	1.0	State	not in file	not in file	not in file	not in file	1993Q3
DISP_AllStatesAndTerritories_03312020.xlsx[ALL]	SD	DEPT OF GAME FISH AND PARKS	RIFLE,7.62 MILLIMETER	1993-07-01	138.0	1	Each	nat resources	10	05	00	5891271	not in file	1005-00-589-1271	not in file	not in file	D	1.0	State	not in file	not in file	not in file	not in file	1993Q3
DISP_AllStatesAndTerritories_03312020.xlsx[ALL]	SD	DEPT OF GAME FISH AND PARKS	RIFLE,7.62 MILLIMETER	1993-07-01	138.0	1	Each	nat resources	10	05	00	5891271	not in file	1005-00-589-1271	not in file	not in file	D	1.0	State	not in file	not in file	not in file	not in file	1993Q3
DISP_AllStatesAndTerritories_03312020.xlsx[ALL]	SD	DEPT OF GAME FISH AND PARKS	RIFLE,7.62 MILLIMETER	1993-07-01	138.0	1	Each	nat resources	10	05	00	5891271	not in file	1005-00-589-1271	not in file	not in file	D	1.0	State	not in file	not in file	not in file	not in file	1993Q3
DISP_AllStatesAndTerritories_03312020.xlsx[ALL]	SD	DEPT OF GAME FISH AND PARKS	RIFLE,7.62 MILLIMETER	1993-07-01	138.0	1	Each	nat resources	10	05	00	5891271	not in file	1005-00-589-1271	not in file	not in file	D	1.0	State	not in file	not in file	not in file	not in file	1993Q3
DISP_AllStatesAndTerritories_03312020.xlsx[ALL]	SD	DEPT OF GAME FISH AND PARKS	RIFLE,7.62 MILLIMETER	1993-07-01	138.0	1	Each	nat resources	10	05	00	5891271	not in file	1005-00-589-1271	not in file	not in file	D	1.0	State	not in file	not in file	not in file	not in file	1993Q3
DISP_AllStatesAndTerritories_03312020.xlsx[ALL]	SD	DEPT OF GAME FISH AND PARKS	RIFLE,7.62 MILLIMETER	1993-07-01	138.0	1	Each	nat resources	10	05	00	5891271	not in file	1005-00-589-1271	not in file	not in file	D	1.0	State	not in file	not in file	not in file	not in file	1993Q3
DISP_AllStatesAndTerritories_03312020.xlsx[ALL]	SD	DEPT OF GAME FISH AND PARKS	RIFLE,7.62 MILLIMETER	1993-07-01	138.0	1	Each	nat resources	10	05	00	5891271	not in file	1005-00-589-1271	not in file	not in file	D	1.0	State	not in file	not in file	not in file	not in file	1993Q3
DISP_AllStatesAndTerritories_03312020.xlsx[ALL]	SD	DEPT OF GAME FISH AND PARKS	RIFLE,7.62 MILLIMETER	1993-07-01	138.0	1	Each	nat resources	10	05	00	5891271	not in file	1005-00-589-1271	not in file	not in file	D	1.0	State	not in file	not in file	not in file	not in file	1993Q3
DISP_AllStatesAndTerritories_03312020.xlsx[ALL]	SD	DEPT OF GAME FISH AND PARKS	RIFLE,7.62 MILLIMETER	1993-07-01	138.0	1	Each	nat resources	10	05	00	5891271	not in file	1005-00-589-1271	not in file	not in file	D	1.0	State	not in file	not in file	not in file	not in file	1993Q3
DISP_AllStatesAndTerritories_03312020.xlsx[ALL]	SD	DEPT OF GAME FISH AND PARKS	RIFLE,7.62 MILLIMETER	1993-07-01	138.0	1	Each	nat resources	10	05	00	5891271	not in file	1005-00-589-1271	not in file	not in file	D	1.0	State	not in file	not in file	not in file	not in file	1993Q3
DISP_AllStatesAndTerritories_03312020.xlsx[ALL]	SD	DEPT OF GAME FISH AND PARKS	RIFLE,7.62 MILLIMETER	1993-07-01	138.0	1	Each	nat resources	10	05	00	5891271	not in file	1005-00-589-1271	not in file	not in file	D	1.0	State	not in file	not in file	not in file	not in file	1993Q3
DISP_AllStatesAndTerritories_03312020.xlsx[ALL]	SD	DEPT OF GAME FISH AND PARKS	RIFLE,7.62 MILLIMETER	1993-07-01	138.0	1	Each	nat resources	10	05	00	5891271	not in file	1005-00-589-1271	not in file	not in file	D	1.0	State	not in file	not in file	not in file	not in file	1993Q3
DISP_AllStatesAndTerritories_03312020.xlsx[ALL]	SD	DEPT OF GAME FISH AND PARKS	RIFLE,7.62 MILLIMETER	1993-07-01	138.0	1	Each	nat resources	10	05	00	5891271	not in file	1005-00-589-1271	not in file	not in file	D	1.0	State	not in file	not in file	not in file	not in file	1993Q3
DISP_AllStatesAndTerritories_03312020.xlsx[ALL]	SD	DEPT OF GAME FISH AND PARKS	RIFLE,7.62 MILLIMETER	1993-07-01	138.0	1	Each	nat resources	10	05	00	5891271	not in file	1005-00-589-1271	not in file	not in file	D	1.0	State	not in file	not in file	not in file	not in file	1993Q3
DISP_AllStatesAndTerritories_03312020.xlsx[ALL]	SD	DEPT OF GAME FISH AND PARKS	RIFLE,7.62 MILLIMETER	1993-07-01	138.0	1	Each	nat resources	10	05	00	5891271	not in file	1005-00-589-1271	not in file	not in file	D	1.0	State	not in file	not in file	not in file	not in file	1993Q3
DISP_AllStatesAndTerritories_03312020.xlsx[ALL]	SD	DEPT OF GAME FISH AND PARKS	RIFLE,7.62 MILLIMETER	1993-07-01	138.0	1	Each	nat resources	10	05	00	5891271	not in file	1005-00-589-1271	not in file	not in file	D	1.0	State	not in file	not in file	not in file	not in file	1993Q3
DISP_AllStatesAndTerritories_03312020.xlsx[ALL]	SD	DEPT OF GAME FISH AND PARKS	RIFLE,7.62 MILLIMETER	1993-07-01	138.0	1	Each	nat resources	10	05	00	5891271	not in file	1005-00-589-1271	not in file	not in file	D	1.0	State	not in file	not in file	not in file	not in file	1993Q3
DISP_AllStatesAndTerritories_03312020.xlsx[ALL]	SD	DEPT OF GAME FISH AND PARKS	RIFLE,7.62 MILLIMETER	1993-07-01	138.0	1	Each	nat resources	10	05	00	5891271	not in file	1005-00-589-1271	not in file	not in file	D	1.0	State	not in file	not in file	not in file	not in file	1993Q3
DISP_AllStatesAndTerritories_03312020.xlsx[ALL]	SD	DEPT OF GAME FISH AND PARKS	RIFLE,7.62 MILLIMETER	1993-07-01	138.0	1	Each	nat resources	10	05	00	5891271	not in file	1005-00-589-1271	not in file	not in file	D	1.0	State	not in file	not in file	not in file	not in file	1993Q3
DISP_AllStatesAndTerritories_03312020.xlsx[ALL]	TX	SAN JACINTO COUNTY SHERIFF'S OFFICE	RIFLE,7.62 MILLIMETER	1993-07-27	138.0	1	Each	sheriff	10	05	00	5891271	not in file	1005-00-589-1271	not in file	not in file	D	1.0	State	not in file	not in file	not in file	not in file	1993Q3
DISP_AllStatesAndTerritories_03312020.xlsx[ALL]	TX	SAN JACINTO COUNTY SHERIFF'S OFFICE	RIFLE,7.62 MILLIMETER	1993-07-27	138.0	1	Each	sheriff	10	05	00	5891271	not in file	1005-00-589-1271	not in file	not in file	D	1.0	State	not in file	not in file	not in file	not in file	1993Q3
DISP_AllStatesAndTerritories_03312020.xlsx[ALL]	TX	WILLIS POLICE DEPARTMENT	RIFLE,7.62 MILLIMETER	1993-07-12	138.0	1	Each	police	10	05	00	5891271	not in file	1005-00-589-1271	not in file	not in file	D	1.0	State	not in file	not in file	not in file	not in file	1993Q3
DISP_AllStatesAndTerritories_03312020.xlsx[ALL]	TX	WILLIS POLICE DEPARTMENT	RIFLE,7.62 MILLIMETER	1993-07-12	138.0	1	Each	police	10	05	00	5891271	not in file	1005-00-589-1271	not in file	not in file	D	1.0	State	not in file	not in file	not in file	not in file	1993Q3
DISP_AllStatesAndTerritories_03312020.xlsx[ALL]	WY	NIOBRARA COUNTY SHERIFF'S OFFICE	RIFLE,7.62 MILLIMETER	1993-09-01	138.0	1	Each	sheriff	10	05	00	5891271	not in file	1005-00-589-1271	not in file	not in file	D	1.0	State	not in file	not in file	not in file	not in file	1993Q3
DISP_AllStatesAndTerritories_03312020.xlsx[ALL]	WY	NIOBRARA COUNTY SHERIFF'S OFFICE	RIFLE,7.62 MILLIMETER	1993-09-01	138.0	1	Each	sheriff	10	05	00	5891271	not in file	1005-00-589-1271	not in file	not in file	D	1.0	State	not in file	not in file	not in file	not in file	1993Q3
DISP_AllStatesAndTerritories_03312020.xlsx[ALL]	WY	NIOBRARA COUNTY SHERIFF'S OFFICE	RIFLE,7.62 MILLIMETER	1993-09-01	138.0	1	Each	sheriff	10	05	00	5891271	not in file	1005-00-589-1271	not in file	not in file	D	1.0	State	not in file	not in file	not in file	not in file	1993Q3
DISP_AllStatesAndTerritories_03312020.xlsx[ALL]	WY	NIOBRARA COUNTY SHERIFF'S OFFICE	RIFLE,7.62 MILLIMETER	1993-09-01	138.0	1	Each	sheriff	10	05	00	5891271	not in file	1005-00-589-1271	not in file	not in file	D	1.0	State	not in file	not in file	not in file	not in file	1993Q3
DISP_AllStatesAndTerritories_03312020.xlsx[ALL]	WY	NIOBRARA COUNTY SHERIFF'S OFFICE	RIFLE,7.62 MILLIMETER	1993-09-01	138.0	1	Each	sheriff	10	05	00	5891271	not in file	1005-00-589-1271	not in file	not in file	D	1.0	State	not in file	not in file	not in file	not in file	1993Q3
DISP_AllStatesAndTerritories_03312020.xlsx[ALL]	WY	WESTON COUNTY SHERIFF'S OFFICE	RIFLE,7.62 MILLIMETER	1993-09-01	138.0	1	Each	sheriff	10	05	00	5891271	not in file	1005-00-589-1271	not in file	not in file	D	1.0	State	not in file	not in file	not in file	not in file	1993Q3
DISP_AllStatesAndTerritories_03312020.xlsx[ALL]	WY	WESTON COUNTY SHERIFF'S OFFICE	RIFLE,7.62 MILLIMETER	1993-09-01	138.0	1	Each	sheriff	10	05	00	5891271	not in file	1005-00-589-1271	not in file	not in file	D	1.0	State	not in file	not in file	not in file	not in file	1993Q3
DISP_AllStatesAndTerritories_03312020.xlsx[ALL]	WY	WESTON COUNTY SHERIFF'S OFFICE	RIFLE,7.62 MILLIMETER	1993-09-01	138.0	1	Each	sheriff	10	05	00	5891271	not in file	1005-00-589-1271	not in file	not in file	D	1.0	State	not in file	not in file	not in file	not in file	1993Q3
DISP_AllStatesAndTerritories_03312020.xlsx[ALL]	WY	WESTON COUNTY SHERIFF'S OFFICE	RIFLE,7.62 MILLIMETER	1993-09-01	138.0	1	Each	sheriff	10	05	00	5891271	not in file	1005-00-589-1271	not in file	not in file	D	1.0	State	not in file	not in file	not in file	not in file	1993Q3
DISP_AllStatesAndTerritories_03312020.xlsx[ALL]	WY	WESTON COUNTY SHERIFF'S OFFICE	RIFLE,7.62 MILLIMETER	1993-09-01	138.0	1	Each	sheriff	10	05	00	5891271	not in file	1005-00-589-1271	not in file	not in file	D	1.0	State	not in file	not in file	not in file	not in file	1993Q3
DISP_AllStatesAndTerritories_03312020.xlsx[ALL]	WY	WESTON COUNTY SHERIFF'S OFFICE	RIFLE,7.62 MILLIMETER	1993-09-01	138.0	1	Each	sheriff	10	05	00	5891271	not in file	1005-00-589-1271	not in file	not in file	D	1.0	State	not in file	not in file	not in file	not in file	1993Q3
DISP_AllStatesAndTerritories_03312020.xlsx[ALL]	WY	WESTON COUNTY SHERIFF'S OFFICE	RIFLE,7.62 MILLIMETER	1993-09-01	138.0	1	Each	sheriff	10	05	00	5891271	not in file	1005-00-589-1271	not in file	not in file	D	1.0	State	not in file	not in file	not in file	not in file	1993Q3
