OriginatingFile	StateAbbreviation	RequestingAgency	ItemDescription	RecordDate	AcquisitionValue	Quantity	UnitIncrement	AgencyType	Item_FSG	Item_FSC	Item_CC	Item_Code	Justification	NSN	FSC	NIIN	DEMILCode	DEMILIC	StationType	RequisitionID	CancelledBy	RTDRef	ReasonCancelled	Quarter
DISP_AllStatesAndTerritories_06302020.xlsx[ALL]	AL	SHELBY COUNTY SHERIFF DEPT	HELICOPTER,OBSERVATION	2007-01-24	92290.0	1	Each	sheriff	15	20	00	1697137	not in file	1520-00-169-7137	not in file	not in file	C	1.0	State	not in file	not in file	not in file	not in file	2007Q1
DISP_AllStatesAndTerritories_06302020.xlsx[ALL]	CA	CONTRA COSTA COUNTY SHERIFF OFFICE	INFRARED EQUIPMENT,SUBASSEMBLY	2007-02-22	503.0	12	Each	sheriff	58	55	01	3984315	not in file	5855-01-398-4315	not in file	not in file	D	1.0	State	not in file	not in file	not in file	not in file	2007Q1
DISP_AllStatesAndTerritories_06302020.xlsx[ALL]	CA	RIPON POLICE DEPT	TRUCK,ARMORED	2007-03-20	65070.0	1	Each	police	23	20	01	0747642	not in file	2320-01-074-7642	not in file	not in file	C	1.0	State	not in file	not in file	not in file	not in file	2007Q1
DISP_AllStatesAndTerritories_06302020.xlsx[ALL]	CA	SACRAMENTO POLICE DEPT	HELICOPTER,OBSERVATION	2007-03-14	92290.0	1	Each	police	15	20	00	1697137	not in file	1520-00-169-7137	not in file	not in file	C	1.0	State	not in file	not in file	not in file	not in file	2007Q1
DISP_AllStatesAndTerritories_06302020.xlsx[ALL]	CA	SACRAMENTO POLICE DEPT	HELICOPTER,OBSERVATION	2007-03-14	92290.0	1	Each	police	15	20	00	1697137	not in file	1520-00-169-7137	not in file	not in file	C	1.0	State	not in file	not in file	not in file	not in file	2007Q1
DISP_AllStatesAndTerritories_06302020.xlsx[ALL]	CA	SISKIYOU COUNTY SHERIFF OFFICE	RIFLE,7.62 MILLIMETER	2007-02-13	138.0	1	Each	sheriff	10	05	00	5891271	not in file	1005-00-589-1271	not in file	not in file	D	1.0	State	not in file	not in file	not in file	not in file	2007Q1
DISP_AllStatesAndTerritories_06302020.xlsx[ALL]	FL	BAY COUNTY SHERIFF'S OFFICE	ONLY COMPLETE COMBAT/ASSAULT/TACTICAL WHEELED VEHICLES	2007-03-19	150000.0	1	Each	sheriff	23	55	DS	COMBTV2	not in file	2355-DS-COM-BTV2	not in file	not in file	D		State	not in file	not in file	not in file	not in file	2007Q1
DISP_AllStatesAndTerritories_06302020.xlsx[ALL]	IL	MEREDOSIA POLICE DEPT	NIGHT VISION SIGHT	2007-01-04	4379.62	1	Each	police	58	55	01	0202211	not in file	5855-01-020-2211	not in file	not in file	F	1.0	State	not in file	not in file	not in file	not in file	2007Q1
DISP_AllStatesAndTerritories_06302020.xlsx[ALL]	IN	INDIANA DNR LAW ENFORCEMENT DIV	SCOPE,NIGHT VISION	2007-01-18	5087.38	1	Each	law enforcement	58	55	01	4526715	not in file	5855-01-452-6715	not in file	not in file	C	1.0	State	not in file	not in file	not in file	not in file	2007Q1
DISP_AllStatesAndTerritories_06302020.xlsx[ALL]	IN	INDIANA DNR LAW ENFORCEMENT DIV	SCOPE,NIGHT VISION	2007-01-18	5087.38	1	Each	law enforcement	58	55	01	4526715	not in file	5855-01-452-6715	not in file	not in file	C	1.0	State	not in file	not in file	not in file	not in file	2007Q1
DISP_AllStatesAndTerritories_06302020.xlsx[ALL]	IN	WALKERTON POLICE DEPT	THERMAL IMAGINING EQUIPMENT	2007-01-11	24193.0	1	Each	police	58	55	DS	THRMIMG	not in file	5855-DS-THR-MIMG	not in file	not in file	D		State	not in file	not in file	not in file	not in file	2007Q1
DISP_AllStatesAndTerritories_06302020.xlsx[ALL]	IN	WALKERTON POLICE DEPT	THERMAL CAMERA	2007-01-11	5995.0	1	Each	police	58	55	DS	THRMCAM	not in file	5855-DS-THR-MCAM	not in file	not in file	D		State	not in file	not in file	not in file	not in file	2007Q1
DISP_AllStatesAndTerritories_06302020.xlsx[ALL]	IN	WALKERTON POLICE DEPT	THERMAL CAMERA	2007-01-11	5995.0	1	Each	police	58	55	DS	THRMCAM	not in file	5855-DS-THR-MCAM	not in file	not in file	D		State	not in file	not in file	not in file	not in file	2007Q1
DISP_AllStatesAndTerritories_06302020.xlsx[ALL]	IN	WALKERTON POLICE DEPT	THERMAL CAMERA	2007-01-11	5995.0	1	Each	police	58	55	DS	THRMCAM	not in file	5855-DS-THR-MCAM	not in file	not in file	D		State	not in file	not in file	not in file	not in file	2007Q1
DISP_AllStatesAndTerritories_06302020.xlsx[ALL]	IN	WALKERTON POLICE DEPT	THERMAL CAMERA	2007-01-11	5995.0	1	Each	police	58	55	DS	THRMCAM	not in file	5855-DS-THR-MCAM	not in file	not in file	D		State	not in file	not in file	not in file	not in file	2007Q1
DISP_AllStatesAndTerritories_06302020.xlsx[ALL]	IN	WALKERTON POLICE DEPT	THERMAL IMAGINING EQUIPMENT	2007-01-11	24193.0	1	Each	police	58	55	DS	THRMIMG	not in file	5855-DS-THR-MIMG	not in file	not in file	D		State	not in file	not in file	not in file	not in file	2007Q1
DISP_AllStatesAndTerritories_06302020.xlsx[ALL]	IN	WALKERTON POLICE DEPT	THERMAL IMAGINING EQUIPMENT	2007-01-11	24193.0	1	Each	police	58	55	DS	THRMIMG	not in file	5855-DS-THR-MIMG	not in file	not in file	D		State	not in file	not in file	not in file	not in file	2007Q1
DISP_AllStatesAndTerritories_06302020.xlsx[ALL]	IN	WALKERTON POLICE DEPT	THERMAL IMAGINING EQUIPMENT	2007-01-11	24193.0	1	Each	police	58	55	DS	THRMIMG	not in file	5855-DS-THR-MIMG	not in file	not in file	D		State	not in file	not in file	not in file	not in file	2007Q1
DISP_AllStatesAndTerritories_06302020.xlsx[ALL]	IN	WALKERTON POLICE DEPT	THERMAL IMAGINING EQUIPMENT	2007-01-11	24193.0	1	Each	police	58	55	DS	THRMIMG	not in file	5855-DS-THR-MIMG	not in file	not in file	D		State	not in file	not in file	not in file	not in file	2007Q1
DISP_AllStatesAndTerritories_06302020.xlsx[ALL]	IN	WALKERTON POLICE DEPT	THERMAL IMAGINING EQUIPMENT	2007-01-11	24193.0	1	Each	police	58	55	DS	THRMIMG	not in file	5855-DS-THR-MIMG	not in file	not in file	D		State	not in file	not in file	not in file	not in file	2007Q1
DISP_AllStatesAndTerritories_06302020.xlsx[ALL]	IN	WALKERTON POLICE DEPT	THERMAL IMAGINING EQUIPMENT	2007-01-11	24193.0	1	Each	police	58	55	DS	THRMIMG	not in file	5855-DS-THR-MIMG	not in file	not in file	D		State	not in file	not in file	not in file	not in file	2007Q1
DISP_AllStatesAndTerritories_06302020.xlsx[ALL]	OH	ADAMS CTY SHERIFF DEPT	TRUCK,ARMORED	2007-03-09	65070.0	1	Each	sheriff	23	20	01	0747642	not in file	2320-01-074-7642	not in file	not in file	C	1.0	State	not in file	not in file	not in file	not in file	2007Q1
DISP_AllStatesAndTerritories_06302020.xlsx[ALL]	OH	MIDVALE POLICE DEPT	NIGHT VISION EQUIP, EMIT, REFLECTED RAD	2007-02-26	4960.0	1	Each	police	58	55	DS	NIGHTVI	not in file	5855-DS-NIG-HTVI	not in file	not in file	D		State	not in file	not in file	not in file	not in file	2007Q1
DISP_AllStatesAndTerritories_06302020.xlsx[ALL]	OH	MIDVALE POLICE DEPT	NIGHT VISION EQUIP, EMIT, REFLECTED RAD	2007-02-26	4960.0	1	Each	police	58	55	DS	NIGHTVI	not in file	5855-DS-NIG-HTVI	not in file	not in file	D		State	not in file	not in file	not in file	not in file	2007Q1
DISP_AllStatesAndTerritories_06302020.xlsx[ALL]	OH	UHRICHSVILLE POLICE DEPT	THERMAL SIGHTS	2007-02-26	29474.0	1	Each	police	58	55	DS	THRMSIG	not in file	5855-DS-THR-MSIG	not in file	not in file	D		State	not in file	not in file	not in file	not in file	2007Q1
DISP_AllStatesAndTerritories_06302020.xlsx[ALL]	OR	BAKER CTY SHERIFF DEPT	VIEWER,NIGHT VISION	2007-02-28	10427.1	5	Each	sheriff	58	55	01	5019529	not in file	5855-01-501-9529	not in file	not in file	C	1.0	State	not in file	not in file	not in file	not in file	2007Q1
DISP_AllStatesAndTerritories_06302020.xlsx[ALL]	RI	CRANSTON POLICE DEPT	NIGHT VISION SIGHT	2007-03-14	2208.0	1	Each	police	58	55	00	4848638	not in file	5855-00-484-8638	not in file	not in file	F	1.0	State	not in file	not in file	not in file	not in file	2007Q1
DISP_AllStatesAndTerritories_06302020.xlsx[ALL]	RI	CRANSTON POLICE DEPT	NIGHT VISION SIGHT	2007-03-14	2208.0	1	Each	police	58	55	00	4848638	not in file	5855-00-484-8638	not in file	not in file	F	1.0	State	not in file	not in file	not in file	not in file	2007Q1
DISP_AllStatesAndTerritories_06302020.xlsx[ALL]	RI	CRANSTON POLICE DEPT	NIGHT VISION SIGHT	2007-03-14	825.58	1	Each	police	58	55	00	4090915	not in file	5855-00-409-0915	not in file	not in file	F	1.0	State	not in file	not in file	not in file	not in file	2007Q1
DISP_AllStatesAndTerritories_06302020.xlsx[ALL]	RI	CRANSTON POLICE DEPT	NIGHT VISION SIGHT	2007-03-14	2208.0	1	Each	police	58	55	00	4848638	not in file	5855-00-484-8638	not in file	not in file	F	1.0	State	not in file	not in file	not in file	not in file	2007Q1
DISP_AllStatesAndTerritories_06302020.xlsx[ALL]	TX	AUSTIN POLICE DEPT	IMAGE INTENSIFIER,NIGHT VISION	2007-01-16	6624.96	2	Each	police	58	55	01	3867136	not in file	5855-01-386-7136	not in file	not in file	C		State	not in file	not in file	not in file	not in file	2007Q1
DISP_AllStatesAndTerritories_06302020.xlsx[ALL]	WI	ELLSWORTH POLICE DEPT	NIGHT VISION EQUIP, EMIT, REFLECTED RAD	2007-02-06	24193.0	1	Each	police	58	55	DS	NIGHTVI	not in file	5855-DS-NIG-HTVI	not in file	not in file	D		State	not in file	not in file	not in file	not in file	2007Q1
DISP_AllStatesAndTerritories_06302020.xlsx[ALL]	WI	ELLSWORTH POLICE DEPT	NIGHT VISION EQUIP, EMIT, REFLECTED RAD	2007-02-06	24193.0	1	Each	police	58	55	DS	NIGHTVI	not in file	5855-DS-NIG-HTVI	not in file	not in file	D		State	not in file	not in file	not in file	not in file	2007Q1
DISP_AllStatesAndTerritories_06302020.xlsx[ALL]	WI	ELROY POLICE DEPT	THERMAL IMAGINING EQUIPMENT	2007-01-16	24193.0	1	Each	police	58	55	DS	THRMIMG	not in file	5855-DS-THR-MIMG	not in file	not in file	D		State	not in file	not in file	not in file	not in file	2007Q1
OriginatingFile	StateAbbreviation	RequestingAgency	ItemDescription	RecordDate	AcquisitionValue	Quantity	UnitIncrement	AgencyType	Item_FSG	Item_FSC	Item_CC	Item_Code	Justification	NSN	FSC	NIIN	DEMILCode	DEMILIC	StationType	RequisitionID	CancelledBy	RTDRef	ReasonCancelled	Quarter
DISP_AllStatesAndTerritories_03312020.xlsx[ALL]	AL	SHELBY COUNTY SHERIFF DEPT	HELICOPTER,OBSERVATION	2007-01-24	92290.0	1	Each	sheriff	15	20	00	1697137	not in file	1520-00-169-7137	not in file	not in file	C	1.0	State	not in file	not in file	not in file	not in file	2007Q1
DISP_AllStatesAndTerritories_03312020.xlsx[ALL]	CA	CONTRA COSTA COUNTY SHERIFF OFFICE	INFRARED EQUIPMENT,SUBASSEMBLY	2007-02-22	503.0	12	Each	sheriff	58	55	01	3984315	not in file	5855-01-398-4315	not in file	not in file	D	1.0	State	not in file	not in file	not in file	not in file	2007Q1
DISP_AllStatesAndTerritories_03312020.xlsx[ALL]	CA	RIPON POLICE DEPT	TRUCK,ARMORED	2007-03-20	65070.0	1	Each	police	23	20	01	0747642	not in file	2320-01-074-7642	not in file	not in file	C	1.0	State	not in file	not in file	not in file	not in file	2007Q1
DISP_AllStatesAndTerritories_03312020.xlsx[ALL]	CA	SACRAMENTO POLICE DEPT	HELICOPTER,OBSERVATION	2007-03-14	92290.0	1	Each	police	15	20	00	1697137	not in file	1520-00-169-7137	not in file	not in file	C	1.0	State	not in file	not in file	not in file	not in file	2007Q1
DISP_AllStatesAndTerritories_03312020.xlsx[ALL]	CA	SACRAMENTO POLICE DEPT	HELICOPTER,OBSERVATION	2007-03-14	92290.0	1	Each	police	15	20	00	1697137	not in file	1520-00-169-7137	not in file	not in file	C	1.0	State	not in file	not in file	not in file	not in file	2007Q1
DISP_AllStatesAndTerritories_03312020.xlsx[ALL]	CA	SISKIYOU COUNTY SHERIFF OFFICE	RIFLE,7.62 MILLIMETER	2007-02-13	138.0	1	Each	sheriff	10	05	00	5891271	not in file	1005-00-589-1271	not in file	not in file	D	1.0	State	not in file	not in file	not in file	not in file	2007Q1
DISP_AllStatesAndTerritories_03312020.xlsx[ALL]	FL	BAY COUNTY SHERIFF'S OFFICE	ONLY COMPLETE COMBAT/ASSAULT/TACTICAL WHEELED VEHICLES	2007-03-19	150000.0	1	Each	sheriff	23	55	DS	COMBTV2	not in file	2355-DS-COM-BTV2	not in file	not in file	D		State	not in file	not in file	not in file	not in file	2007Q1
DISP_AllStatesAndTerritories_03312020.xlsx[ALL]	IL	MEREDOSIA POLICE DEPT	NIGHT VISION SIGHT	2007-01-04	4379.62	1	Each	police	58	55	01	0202211	not in file	5855-01-020-2211	not in file	not in file	F	1.0	State	not in file	not in file	not in file	not in file	2007Q1
DISP_AllStatesAndTerritories_03312020.xlsx[ALL]	IN	INDIANA DNR LAW ENFORCEMENT DIV	SCOPE,NIGHT VISION	2007-01-18	5087.38	1	Each	law enforcement	58	55	01	4526715	not in file	5855-01-452-6715	not in file	not in file	C	1.0	State	not in file	not in file	not in file	not in file	2007Q1
DISP_AllStatesAndTerritories_03312020.xlsx[ALL]	IN	INDIANA DNR LAW ENFORCEMENT DIV	SCOPE,NIGHT VISION	2007-01-18	5087.38	1	Each	law enforcement	58	55	01	4526715	not in file	5855-01-452-6715	not in file	not in file	C	1.0	State	not in file	not in file	not in file	not in file	2007Q1
DISP_AllStatesAndTerritories_03312020.xlsx[ALL]	IN	WALKERTON POLICE DEPT	THERMAL IMAGINING EQUIPMENT	2007-01-11	24193.0	1	Each	police	58	55	DS	THRMIMG	not in file	5855-DS-THR-MIMG	not in file	not in file	D		State	not in file	not in file	not in file	not in file	2007Q1
DISP_AllStatesAndTerritories_03312020.xlsx[ALL]	IN	WALKERTON POLICE DEPT	THERMAL CAMERA	2007-01-11	5995.0	1	Each	police	58	55	DS	THRMCAM	not in file	5855-DS-THR-MCAM	not in file	not in file	D		State	not in file	not in file	not in file	not in file	2007Q1
DISP_AllStatesAndTerritories_03312020.xlsx[ALL]	IN	WALKERTON POLICE DEPT	THERMAL IMAGINING EQUIPMENT	2007-01-11	24193.0	1	Each	police	58	55	DS	THRMIMG	not in file	5855-DS-THR-MIMG	not in file	not in file	D		State	not in file	not in file	not in file	not in file	2007Q1
DISP_AllStatesAndTerritories_03312020.xlsx[ALL]	IN	WALKERTON POLICE DEPT	THERMAL CAMERA	2007-01-11	5995.0	1	Each	police	58	55	DS	THRMCAM	not in file	5855-DS-THR-MCAM	not in file	not in file	D		State	not in file	not in file	not in file	not in file	2007Q1
DISP_AllStatesAndTerritories_03312020.xlsx[ALL]	IN	WALKERTON POLICE DEPT	THERMAL CAMERA	2007-01-11	5995.0	1	Each	police	58	55	DS	THRMCAM	not in file	5855-DS-THR-MCAM	not in file	not in file	D		State	not in file	not in file	not in file	not in file	2007Q1
DISP_AllStatesAndTerritories_03312020.xlsx[ALL]	IN	WALKERTON POLICE DEPT	THERMAL CAMERA	2007-01-11	5995.0	1	Each	police	58	55	DS	THRMCAM	not in file	5855-DS-THR-MCAM	not in file	not in file	D		State	not in file	not in file	not in file	not in file	2007Q1
DISP_AllStatesAndTerritories_03312020.xlsx[ALL]	IN	WALKERTON POLICE DEPT	THERMAL IMAGINING EQUIPMENT	2007-01-11	24193.0	1	Each	police	58	55	DS	THRMIMG	not in file	5855-DS-THR-MIMG	not in file	not in file	D		State	not in file	not in file	not in file	not in file	2007Q1
DISP_AllStatesAndTerritories_03312020.xlsx[ALL]	IN	WALKERTON POLICE DEPT	THERMAL IMAGINING EQUIPMENT	2007-01-11	24193.0	1	Each	police	58	55	DS	THRMIMG	not in file	5855-DS-THR-MIMG	not in file	not in file	D		State	not in file	not in file	not in file	not in file	2007Q1
DISP_AllStatesAndTerritories_03312020.xlsx[ALL]	IN	WALKERTON POLICE DEPT	THERMAL IMAGINING EQUIPMENT	2007-01-11	24193.0	1	Each	police	58	55	DS	THRMIMG	not in file	5855-DS-THR-MIMG	not in file	not in file	D		State	not in file	not in file	not in file	not in file	2007Q1
DISP_AllStatesAndTerritories_03312020.xlsx[ALL]	IN	WALKERTON POLICE DEPT	THERMAL IMAGINING EQUIPMENT	2007-01-11	24193.0	1	Each	police	58	55	DS	THRMIMG	not in file	5855-DS-THR-MIMG	not in file	not in file	D		State	not in file	not in file	not in file	not in file	2007Q1
DISP_AllStatesAndTerritories_03312020.xlsx[ALL]	IN	WALKERTON POLICE DEPT	THERMAL IMAGINING EQUIPMENT	2007-01-11	24193.0	1	Each	police	58	55	DS	THRMIMG	not in file	5855-DS-THR-MIMG	not in file	not in file	D		State	not in file	not in file	not in file	not in file	2007Q1
DISP_AllStatesAndTerritories_03312020.xlsx[ALL]	OH	ADAMS CTY SHERIFF DEPT	TRUCK,ARMORED	2007-03-09	65070.0	1	Each	sheriff	23	20	01	0747642	not in file	2320-01-074-7642	not in file	not in file	C	1.0	State	not in file	not in file	not in file	not in file	2007Q1
DISP_AllStatesAndTerritories_03312020.xlsx[ALL]	OH	MIDVALE POLICE DEPT	NIGHT VISION EQUIP, EMIT, REFLECTED RAD	2007-02-26	4960.0	1	Each	police	58	55	DS	NIGHTVI	not in file	5855-DS-NIG-HTVI	not in file	not in file	D		State	not in file	not in file	not in file	not in file	2007Q1
DISP_AllStatesAndTerritories_03312020.xlsx[ALL]	OH	MIDVALE POLICE DEPT	NIGHT VISION EQUIP, EMIT, REFLECTED RAD	2007-02-26	4960.0	1	Each	police	58	55	DS	NIGHTVI	not in file	5855-DS-NIG-HTVI	not in file	not in file	D		State	not in file	not in file	not in file	not in file	2007Q1
DISP_AllStatesAndTerritories_03312020.xlsx[ALL]	OH	UHRICHSVILLE POLICE DEPT	THERMAL SIGHTS	2007-02-26	29474.0	1	Each	police	58	55	DS	THRMSIG	not in file	5855-DS-THR-MSIG	not in file	not in file	D		State	not in file	not in file	not in file	not in file	2007Q1
DISP_AllStatesAndTerritories_03312020.xlsx[ALL]	OR	BAKER CTY SHERIFF DEPT	VIEWER,NIGHT VISION	2007-02-28	10427.1	5	Each	sheriff	58	55	01	5019529	not in file	5855-01-501-9529	not in file	not in file	C	1.0	State	not in file	not in file	not in file	not in file	2007Q1
DISP_AllStatesAndTerritories_03312020.xlsx[ALL]	RI	CRANSTON POLICE DEPT	NIGHT VISION SIGHT	2007-03-14	825.58	1	Each	police	58	55	00	4090915	not in file	5855-00-409-0915	not in file	not in file	F	1.0	State	not in file	not in file	not in file	not in file	2007Q1
DISP_AllStatesAndTerritories_03312020.xlsx[ALL]	RI	CRANSTON POLICE DEPT	NIGHT VISION SIGHT	2007-03-14	2208.0	1	Each	police	58	55	00	4848638	not in file	5855-00-484-8638	not in file	not in file	F	1.0	State	not in file	not in file	not in file	not in file	2007Q1
DISP_AllStatesAndTerritories_03312020.xlsx[ALL]	RI	CRANSTON POLICE DEPT	NIGHT VISION SIGHT	2007-03-14	2208.0	1	Each	police	58	55	00	4848638	not in file	5855-00-484-8638	not in file	not in file	F	1.0	State	not in file	not in file	not in file	not in file	2007Q1
DISP_AllStatesAndTerritories_03312020.xlsx[ALL]	RI	CRANSTON POLICE DEPT	NIGHT VISION SIGHT	2007-03-14	2208.0	1	Each	police	58	55	00	4848638	not in file	5855-00-484-8638	not in file	not in file	F	1.0	State	not in file	not in file	not in file	not in file	2007Q1
DISP_AllStatesAndTerritories_03312020.xlsx[ALL]	TX	AUSTIN POLICE DEPT	IMAGE INTENSIFIER,NIGHT VISION	2007-01-16	6624.96	2	Each	police	58	55	01	3867136	not in file	5855-01-386-7136	not in file	not in file	C		State	not in file	not in file	not in file	not in file	2007Q1
DISP_AllStatesAndTerritories_03312020.xlsx[ALL]	WI	ELLSWORTH POLICE DEPT	NIGHT VISION EQUIP, EMIT, REFLECTED RAD	2007-02-06	24193.0	1	Each	police	58	55	DS	NIGHTVI	not in file	5855-DS-NIG-HTVI	not in file	not in file	D		State	not in file	not in file	not in file	not in file	2007Q1
DISP_AllStatesAndTerritories_03312020.xlsx[ALL]	WI	ELLSWORTH POLICE DEPT	NIGHT VISION EQUIP, EMIT, REFLECTED RAD	2007-02-06	24193.0	1	Each	police	58	55	DS	NIGHTVI	not in file	5855-DS-NIG-HTVI	not in file	not in file	D		State	not in file	not in file	not in file	not in file	2007Q1
DISP_AllStatesAndTerritories_03312020.xlsx[ALL]	WI	ELROY POLICE DEPT	THERMAL IMAGINING EQUIPMENT	2007-01-16	24193.0	1	Each	police	58	55	DS	THRMIMG	not in file	5855-DS-THR-MIMG	not in file	not in file	D		State	not in file	not in file	not in file	not in file	2007Q1
