OriginatingFile	StateAbbreviation	RequestingAgency	ItemDescription	RecordDate	AcquisitionValue	Quantity	UnitIncrement	AgencyType	Item_FSG	Item_FSC	Item_CC	Item_Code	Justification	NSN	FSC	NIIN	DEMILCode	DEMILIC	StationType	RequisitionID	CancelledBy	RTDRef	ReasonCancelled	Quarter
DISP_AllStatesAndTerritories_06302020.xlsx[ALL]	AL	COFFEE COUNTY SHERIFF OFFICE	HELICOPTER,OBSERVATION	2006-10-04	190817.0	1	Each	sheriff	15	20	01	0204216	not in file	1520-01-020-4216	not in file	not in file	C	1.0	State	not in file	not in file	not in file	not in file	2006Q4
DISP_AllStatesAndTerritories_06302020.xlsx[ALL]	AR	BAXTER COUNTY SHERIFFS OFFICE	HELICOPTER,OBSERVATION	2006-12-08	92290.0	1	Each	sheriff	15	20	00	1697137	not in file	1520-00-169-7137	not in file	not in file	C	1.0	State	not in file	not in file	not in file	not in file	2006Q4
DISP_AllStatesAndTerritories_06302020.xlsx[ALL]	AR	BENTON COUNTY SHERIFF'S OFFICE	HELICOPTER,OBSERVATION	2006-10-16	190817.0	1	Each	sheriff	15	20	01	0204216	not in file	1520-01-020-4216	not in file	not in file	C	1.0	State	not in file	not in file	not in file	not in file	2006Q4
DISP_AllStatesAndTerritories_06302020.xlsx[ALL]	AR	BENTON COUNTY SHERIFF'S OFFICE	HELICOPTER,OBSERVATION	2006-11-30	92290.0	1	Each	sheriff	15	20	00	1697137	not in file	1520-00-169-7137	not in file	not in file	C	1.0	State	not in file	not in file	not in file	not in file	2006Q4
DISP_AllStatesAndTerritories_06302020.xlsx[ALL]	AR	MISSISSIPPI COUNTY SHERIFF DEPT	HELICOPTER,OBSERVATION	2006-12-08	190817.0	1	Each	sheriff	15	20	01	0204216	not in file	1520-01-020-4216	not in file	not in file	C	1.0	State	not in file	not in file	not in file	not in file	2006Q4
DISP_AllStatesAndTerritories_06302020.xlsx[ALL]	AR	PULASKI COUNTY SHERIFFS OFFICE	RIFLE,7.62 MILLIMETER	2006-10-16	1278.0	1	Each	sheriff	10	05	00	1790300	not in file	1005-00-179-0300	not in file	not in file	D	1.0	State	not in file	not in file	not in file	not in file	2006Q4
DISP_AllStatesAndTerritories_06302020.xlsx[ALL]	CO	MONTE VISTA POLICE DEPARTMENT	RIFLE,7.62 MILLIMETER	2006-11-09	206.0	1	Each	police	10	05	00	0725011	not in file	1005-00-072-5011	not in file	not in file	D	1.0	State	not in file	not in file	not in file	not in file	2006Q4
DISP_AllStatesAndTerritories_06302020.xlsx[ALL]	CO	MONTE VISTA POLICE DEPARTMENT	RIFLE,7.62 MILLIMETER	2006-11-09	206.0	1	Each	police	10	05	00	0725011	not in file	1005-00-072-5011	not in file	not in file	D	1.0	State	not in file	not in file	not in file	not in file	2006Q4
DISP_AllStatesAndTerritories_06302020.xlsx[ALL]	CO	MONTE VISTA POLICE DEPARTMENT	RIFLE,7.62 MILLIMETER	2006-11-09	206.0	1	Each	police	10	05	00	0725011	not in file	1005-00-072-5011	not in file	not in file	D	1.0	State	not in file	not in file	not in file	not in file	2006Q4
DISP_AllStatesAndTerritories_06302020.xlsx[ALL]	CO	MONTE VISTA POLICE DEPARTMENT	RIFLE,7.62 MILLIMETER	2006-11-09	206.0	1	Each	police	10	05	00	0725011	not in file	1005-00-072-5011	not in file	not in file	D	1.0	State	not in file	not in file	not in file	not in file	2006Q4
DISP_AllStatesAndTerritories_06302020.xlsx[ALL]	CO	MONTE VISTA POLICE DEPARTMENT	RIFLE,7.62 MILLIMETER	2006-11-09	206.0	1	Each	police	10	05	00	0725011	not in file	1005-00-072-5011	not in file	not in file	D	1.0	State	not in file	not in file	not in file	not in file	2006Q4
DISP_AllStatesAndTerritories_06302020.xlsx[ALL]	CO	MONTE VISTA POLICE DEPARTMENT	RIFLE,7.62 MILLIMETER	2006-11-09	206.0	1	Each	police	10	05	00	0725011	not in file	1005-00-072-5011	not in file	not in file	D	1.0	State	not in file	not in file	not in file	not in file	2006Q4
DISP_AllStatesAndTerritories_06302020.xlsx[ALL]	FL	FISH AND WILDLIFE LAW ENF	HELICOPTER,OBSERVATION	2006-11-17	190817.0	1	Each	law enforcement	15	20	01	0204216	not in file	1520-01-020-4216	not in file	not in file	C	1.0	State	not in file	not in file	not in file	not in file	2006Q4
DISP_AllStatesAndTerritories_06302020.xlsx[ALL]	FL	PUTNAM COUNTY SHERIFFS OFFICE	RIFLE,5.56 MILLIMETER	2006-12-27	499.0	1	Each	sheriff	10	05	00	0739421	not in file	1005-00-073-9421	not in file	not in file	D	1.0	State	not in file	not in file	not in file	not in file	2006Q4
DISP_AllStatesAndTerritories_06302020.xlsx[ALL]	GA	COLUMBUS POLICE DEPARTMENT	HELICOPTER,OBSERVATION	2006-11-08	190817.0	1	Each	police	15	20	01	0204216	not in file	1520-01-020-4216	not in file	not in file	C	1.0	State	not in file	not in file	not in file	not in file	2006Q4
DISP_AllStatesAndTerritories_06302020.xlsx[ALL]	IL	LEBANON POLICE DEPT	PISTOL,CALIBER .45,AUTOMATIC	2006-10-31	58.71	1	Each	police	10	05	00	7265655	not in file	1005-00-726-5655	not in file	not in file	D	1.0	State	not in file	not in file	not in file	not in file	2006Q4
DISP_AllStatesAndTerritories_06302020.xlsx[ALL]	IL	LEBANON POLICE DEPT	PISTOL,CALIBER .45,AUTOMATIC	2006-10-31	58.71	1	Each	police	10	05	00	7265655	not in file	1005-00-726-5655	not in file	not in file	D	1.0	State	not in file	not in file	not in file	not in file	2006Q4
DISP_AllStatesAndTerritories_06302020.xlsx[ALL]	IL	LEBANON POLICE DEPT	RIFLE,7.62 MILLIMETER	2006-10-31	138.0	1	Each	police	10	05	00	5891271	not in file	1005-00-589-1271	not in file	not in file	D	1.0	State	not in file	not in file	not in file	not in file	2006Q4
DISP_AllStatesAndTerritories_06302020.xlsx[ALL]	IL	LEBANON POLICE DEPT	PISTOL,CALIBER .45,AUTOMATIC	2006-10-31	58.71	1	Each	police	10	05	00	7265655	not in file	1005-00-726-5655	not in file	not in file	D	1.0	State	not in file	not in file	not in file	not in file	2006Q4
DISP_AllStatesAndTerritories_06302020.xlsx[ALL]	IL	LEBANON POLICE DEPT	PISTOL,CALIBER .45,AUTOMATIC	2006-10-31	58.71	1	Each	police	10	05	00	7265655	not in file	1005-00-726-5655	not in file	not in file	D	1.0	State	not in file	not in file	not in file	not in file	2006Q4
DISP_AllStatesAndTerritories_06302020.xlsx[ALL]	IL	LEBANON POLICE DEPT	PISTOL,CALIBER .45,AUTOMATIC	2006-10-31	58.71	1	Each	police	10	05	00	7265655	not in file	1005-00-726-5655	not in file	not in file	D	1.0	State	not in file	not in file	not in file	not in file	2006Q4
DISP_AllStatesAndTerritories_06302020.xlsx[ALL]	IL	LEBANON POLICE DEPT	PISTOL,CALIBER .45,AUTOMATIC	2006-10-31	58.71	1	Each	police	10	05	00	7265655	not in file	1005-00-726-5655	not in file	not in file	D	1.0	State	not in file	not in file	not in file	not in file	2006Q4
DISP_AllStatesAndTerritories_06302020.xlsx[ALL]	IL	LEBANON POLICE DEPT	RIFLE,5.56 MILLIMETER	2006-10-31	499.0	1	Each	police	10	05	00	0739421	not in file	1005-00-073-9421	not in file	not in file	D	1.0	State	not in file	not in file	not in file	not in file	2006Q4
DISP_AllStatesAndTerritories_06302020.xlsx[ALL]	IL	LEBANON POLICE DEPT	PISTOL,CALIBER .45,AUTOMATIC	2006-10-31	58.71	1	Each	police	10	05	00	7265655	not in file	1005-00-726-5655	not in file	not in file	D	1.0	State	not in file	not in file	not in file	not in file	2006Q4
DISP_AllStatesAndTerritories_06302020.xlsx[ALL]	IL	LEBANON POLICE DEPT	PISTOL,CALIBER .45,AUTOMATIC	2006-10-31	58.71	1	Each	police	10	05	00	7265655	not in file	1005-00-726-5655	not in file	not in file	D	1.0	State	not in file	not in file	not in file	not in file	2006Q4
DISP_AllStatesAndTerritories_06302020.xlsx[ALL]	IL	LEBANON POLICE DEPT	RIFLE,5.56 MILLIMETER	2006-10-31	499.0	1	Each	police	10	05	00	0739421	not in file	1005-00-073-9421	not in file	not in file	D	1.0	State	not in file	not in file	not in file	not in file	2006Q4
DISP_AllStatesAndTerritories_06302020.xlsx[ALL]	IL	LEBANON POLICE DEPT	PISTOL,CALIBER .45,AUTOMATIC	2006-10-31	58.71	1	Each	police	10	05	00	7265655	not in file	1005-00-726-5655	not in file	not in file	D	1.0	State	not in file	not in file	not in file	not in file	2006Q4
DISP_AllStatesAndTerritories_06302020.xlsx[ALL]	IL	LEBANON POLICE DEPT	PISTOL,CALIBER .45,AUTOMATIC	2006-10-31	58.71	1	Each	police	10	05	00	7265655	not in file	1005-00-726-5655	not in file	not in file	D	1.0	State	not in file	not in file	not in file	not in file	2006Q4
DISP_AllStatesAndTerritories_06302020.xlsx[ALL]	IL	LEBANON POLICE DEPT	RIFLE,7.62 MILLIMETER	2006-10-31	138.0	1	Each	police	10	05	00	5891271	not in file	1005-00-589-1271	not in file	not in file	D	1.0	State	not in file	not in file	not in file	not in file	2006Q4
DISP_AllStatesAndTerritories_06302020.xlsx[ALL]	IL	TAZEWELL COUNTY SHERIFF OFFICE	VIEWER,NIGHT VISION	2006-11-28	2244.07	1	Each	sheriff	58	55	01	5253638	not in file	5855-01-525-3638	not in file	not in file	C	1.0	State	not in file	not in file	not in file	not in file	2006Q4
DISP_AllStatesAndTerritories_06302020.xlsx[ALL]	IL	TAZEWELL COUNTY SHERIFF OFFICE	VIEWER,NIGHT VISION	2006-11-28	2244.07	1	Each	sheriff	58	55	01	5253638	not in file	5855-01-525-3638	not in file	not in file	C	1.0	State	not in file	not in file	not in file	not in file	2006Q4
DISP_AllStatesAndTerritories_06302020.xlsx[ALL]	IL	TAZEWELL COUNTY SHERIFF OFFICE	VIEWER,NIGHT VISION	2006-11-28	2244.07	1	Each	sheriff	58	55	01	5253638	not in file	5855-01-525-3638	not in file	not in file	C	1.0	State	not in file	not in file	not in file	not in file	2006Q4
DISP_AllStatesAndTerritories_06302020.xlsx[ALL]	IL	TAZEWELL COUNTY SHERIFF OFFICE	VIEWER,NIGHT VISION	2006-11-28	2244.07	1	Each	sheriff	58	55	01	5253638	not in file	5855-01-525-3638	not in file	not in file	C	1.0	State	not in file	not in file	not in file	not in file	2006Q4
DISP_AllStatesAndTerritories_06302020.xlsx[ALL]	IL	TAZEWELL COUNTY SHERIFF OFFICE	VIEWER,NIGHT VISION	2006-11-28	2244.07	1	Each	sheriff	58	55	01	5253638	not in file	5855-01-525-3638	not in file	not in file	C	1.0	State	not in file	not in file	not in file	not in file	2006Q4
DISP_AllStatesAndTerritories_06302020.xlsx[ALL]	IL	TAZEWELL COUNTY SHERIFF OFFICE	VIEWER,NIGHT VISION	2006-11-28	2244.07	1	Each	sheriff	58	55	01	5253638	not in file	5855-01-525-3638	not in file	not in file	C	1.0	State	not in file	not in file	not in file	not in file	2006Q4
DISP_AllStatesAndTerritories_06302020.xlsx[ALL]	IL	WASHINGTON COUNTY SHERIFF OFFICE	NIGHT VISION SIGHT	2006-10-05	3489.0	1	Each	sheriff	58	55	00	0873144	not in file	5855-00-087-3144	not in file	not in file	F	1.0	State	not in file	not in file	not in file	not in file	2006Q4
DISP_AllStatesAndTerritories_06302020.xlsx[ALL]	IL	WASHINGTON COUNTY SHERIFF OFFICE	NIGHT VISION SIGHT	2006-10-05	3489.0	1	Each	sheriff	58	55	00	0873144	not in file	5855-00-087-3144	not in file	not in file	F	1.0	State	not in file	not in file	not in file	not in file	2006Q4
DISP_AllStatesAndTerritories_06302020.xlsx[ALL]	IL	WASHINGTON COUNTY SHERIFF OFFICE	NIGHT VISION SIGHT	2006-10-05	3489.0	1	Each	sheriff	58	55	00	0873144	not in file	5855-00-087-3144	not in file	not in file	F	1.0	State	not in file	not in file	not in file	not in file	2006Q4
DISP_AllStatesAndTerritories_06302020.xlsx[ALL]	IN	ANDERSON POLICE DEPT	RIFLE,5.56 MILLIMETER	2006-11-27	499.0	1	Each	police	10	05	00	0739421	not in file	1005-00-073-9421	not in file	not in file	D	1.0	State	not in file	not in file	not in file	not in file	2006Q4
DISP_AllStatesAndTerritories_06302020.xlsx[ALL]	IN	CLARK COUNTY SHERIFF OFFICE	NIGHT VISION EQUIP, EMIT, REFLECTED RAD	2006-12-12	4960.0	1	Each	sheriff	58	55	DS	NIGHTVI	not in file	5855-DS-NIG-HTVI	not in file	not in file	D		State	not in file	not in file	not in file	not in file	2006Q4
DISP_AllStatesAndTerritories_06302020.xlsx[ALL]	IN	CLARK COUNTY SHERIFF OFFICE	NIGHT VISION EQUIP, EMIT, REFLECTED RAD	2006-12-12	4960.0	1	Each	sheriff	58	55	DS	NIGHTVI	not in file	5855-DS-NIG-HTVI	not in file	not in file	D		State	not in file	not in file	not in file	not in file	2006Q4
DISP_AllStatesAndTerritories_06302020.xlsx[ALL]	IN	CLARK COUNTY SHERIFF OFFICE	HELICOPTER,OBSERVATION	2006-11-17	190817.0	1	Each	sheriff	15	20	01	0204216	not in file	1520-01-020-4216	not in file	not in file	C	1.0	State	not in file	not in file	not in file	not in file	2006Q4
DISP_AllStatesAndTerritories_06302020.xlsx[ALL]	IN	CLARK COUNTY SHERIFF OFFICE	HELICOPTER,OBSERVATION	2006-11-09	190817.0	1	Each	sheriff	15	20	01	0204216	not in file	1520-01-020-4216	not in file	not in file	C	1.0	State	not in file	not in file	not in file	not in file	2006Q4
DISP_AllStatesAndTerritories_06302020.xlsx[ALL]	KY	BOONE COUNTY SHERIFF DEPT	IMAGE INTENSIFIER,NIGHT VISION	2006-10-26	6624.96	6	Each	sheriff	58	55	01	3867136	not in file	5855-01-386-7136	not in file	not in file	C		State	not in file	not in file	not in file	not in file	2006Q4
DISP_AllStatesAndTerritories_06302020.xlsx[ALL]	KY	STATE POLICE	HELICOPTER,UTILITY	2006-10-16	922704.0	1	Each	police	15	20	00	0877637	not in file	1520-00-087-7637	not in file	not in file	C	1.0	State	not in file	not in file	not in file	not in file	2006Q4
DISP_AllStatesAndTerritories_06302020.xlsx[ALL]	MD	ANNAPOLIS POLICE DEPT	RIFLE,5.56 MILLIMETER	2006-10-02	499.0	1	Each	police	10	05	00	0739421	not in file	1005-00-073-9421	not in file	not in file	D	1.0	State	not in file	not in file	not in file	not in file	2006Q4
DISP_AllStatesAndTerritories_06302020.xlsx[ALL]	MD	ANNAPOLIS POLICE DEPT	RIFLE,5.56 MILLIMETER	2006-10-02	499.0	1	Each	police	10	05	00	0739421	not in file	1005-00-073-9421	not in file	not in file	D	1.0	State	not in file	not in file	not in file	not in file	2006Q4
DISP_AllStatesAndTerritories_06302020.xlsx[ALL]	MD	ANNAPOLIS POLICE DEPT	RIFLE,5.56 MILLIMETER	2006-10-02	499.0	1	Each	police	10	05	00	0739421	not in file	1005-00-073-9421	not in file	not in file	D	1.0	State	not in file	not in file	not in file	not in file	2006Q4
DISP_AllStatesAndTerritories_06302020.xlsx[ALL]	MD	ANNAPOLIS POLICE DEPT	RIFLE,5.56 MILLIMETER	2006-10-03	499.0	1	Each	police	10	05	00	0739421	not in file	1005-00-073-9421	not in file	not in file	D	1.0	State	not in file	not in file	not in file	not in file	2006Q4
DISP_AllStatesAndTerritories_06302020.xlsx[ALL]	MD	PRINCESS ANNE POLICE DEPT	NIGHT VISION SIGHT ASSEMBLY	2006-12-22	3207.0	1	Each	police	58	55	01	0177366	not in file	5855-01-017-7366	not in file	not in file	F	1.0	State	not in file	not in file	not in file	not in file	2006Q4
DISP_AllStatesAndTerritories_06302020.xlsx[ALL]	MI	GRAND LEDGE POLICE DEPARTMENT	PISTOL,CALIBER .45,AUTOMATIC	2006-10-31	58.71	1	Each	police	10	05	00	7265655	not in file	1005-00-726-5655	not in file	not in file	D	1.0	State	not in file	not in file	not in file	not in file	2006Q4
DISP_AllStatesAndTerritories_06302020.xlsx[ALL]	MI	GRAND LEDGE POLICE DEPARTMENT	PISTOL,CALIBER .45,AUTOMATIC	2006-10-31	58.71	1	Each	police	10	05	00	7265655	not in file	1005-00-726-5655	not in file	not in file	D	1.0	State	not in file	not in file	not in file	not in file	2006Q4
DISP_AllStatesAndTerritories_06302020.xlsx[ALL]	MI	GRAND LEDGE POLICE DEPARTMENT	PISTOL,CALIBER .45,AUTOMATIC	2006-10-31	58.71	1	Each	police	10	05	00	7265655	not in file	1005-00-726-5655	not in file	not in file	D	1.0	State	not in file	not in file	not in file	not in file	2006Q4
DISP_AllStatesAndTerritories_06302020.xlsx[ALL]	MI	GRAND LEDGE POLICE DEPARTMENT	PISTOL,CALIBER .45,AUTOMATIC	2006-10-31	58.71	1	Each	police	10	05	00	7265655	not in file	1005-00-726-5655	not in file	not in file	D	1.0	State	not in file	not in file	not in file	not in file	2006Q4
DISP_AllStatesAndTerritories_06302020.xlsx[ALL]	MI	GRAND LEDGE POLICE DEPARTMENT	PISTOL,CALIBER .45,AUTOMATIC	2006-10-31	58.71	1	Each	police	10	05	00	7265655	not in file	1005-00-726-5655	not in file	not in file	D	1.0	State	not in file	not in file	not in file	not in file	2006Q4
DISP_AllStatesAndTerritories_06302020.xlsx[ALL]	MI	GRAND LEDGE POLICE DEPARTMENT	PISTOL,CALIBER .45,AUTOMATIC	2006-10-31	58.71	1	Each	police	10	05	00	7265655	not in file	1005-00-726-5655	not in file	not in file	D	1.0	State	not in file	not in file	not in file	not in file	2006Q4
DISP_AllStatesAndTerritories_06302020.xlsx[ALL]	MI	GRAND LEDGE POLICE DEPARTMENT	PISTOL,CALIBER .45,AUTOMATIC	2006-10-31	58.71	1	Each	police	10	05	00	7265655	not in file	1005-00-726-5655	not in file	not in file	D	1.0	State	not in file	not in file	not in file	not in file	2006Q4
DISP_AllStatesAndTerritories_06302020.xlsx[ALL]	MI	GRAND LEDGE POLICE DEPARTMENT	PISTOL,CALIBER .45,AUTOMATIC	2006-10-31	58.71	1	Each	police	10	05	00	7265655	not in file	1005-00-726-5655	not in file	not in file	D	1.0	State	not in file	not in file	not in file	not in file	2006Q4
DISP_AllStatesAndTerritories_06302020.xlsx[ALL]	MI	GRAND LEDGE POLICE DEPARTMENT	PISTOL,CALIBER .45,AUTOMATIC	2006-10-31	58.71	1	Each	police	10	05	00	7265655	not in file	1005-00-726-5655	not in file	not in file	D	1.0	State	not in file	not in file	not in file	not in file	2006Q4
DISP_AllStatesAndTerritories_06302020.xlsx[ALL]	MI	GRAND LEDGE POLICE DEPARTMENT	PISTOL,CALIBER .45,AUTOMATIC	2006-10-31	58.71	1	Each	police	10	05	00	7265655	not in file	1005-00-726-5655	not in file	not in file	D	1.0	State	not in file	not in file	not in file	not in file	2006Q4
DISP_AllStatesAndTerritories_06302020.xlsx[ALL]	MI	GRAND LEDGE POLICE DEPARTMENT	PISTOL,CALIBER .45,AUTOMATIC	2006-10-31	58.71	1	Each	police	10	05	00	7265655	not in file	1005-00-726-5655	not in file	not in file	D	1.0	State	not in file	not in file	not in file	not in file	2006Q4
DISP_AllStatesAndTerritories_06302020.xlsx[ALL]	MI	GRAND LEDGE POLICE DEPARTMENT	PISTOL,CALIBER .45,AUTOMATIC	2006-10-31	58.71	1	Each	police	10	05	00	7265655	not in file	1005-00-726-5655	not in file	not in file	D	1.0	State	not in file	not in file	not in file	not in file	2006Q4
DISP_AllStatesAndTerritories_06302020.xlsx[ALL]	MI	GRAND LEDGE POLICE DEPARTMENT	PISTOL,CALIBER .45,AUTOMATIC	2006-10-31	58.71	1	Each	police	10	05	00	7265655	not in file	1005-00-726-5655	not in file	not in file	D	1.0	State	not in file	not in file	not in file	not in file	2006Q4
DISP_AllStatesAndTerritories_06302020.xlsx[ALL]	MI	GRAND LEDGE POLICE DEPARTMENT	PISTOL,CALIBER .45,AUTOMATIC	2006-10-31	58.71	1	Each	police	10	05	00	7265655	not in file	1005-00-726-5655	not in file	not in file	D	1.0	State	not in file	not in file	not in file	not in file	2006Q4
DISP_AllStatesAndTerritories_06302020.xlsx[ALL]	MI	GRAND LEDGE POLICE DEPARTMENT	PISTOL,CALIBER .45,AUTOMATIC	2006-10-31	58.71	1	Each	police	10	05	00	7265655	not in file	1005-00-726-5655	not in file	not in file	D	1.0	State	not in file	not in file	not in file	not in file	2006Q4
DISP_AllStatesAndTerritories_06302020.xlsx[ALL]	NE	SOUTH SIOUX CITY POLICE DEPT	ILLUMINATOR,INFRARED	2006-11-17	735.4	1	Each	police	58	55	01	4684169	not in file	5855-01-468-4169	not in file	not in file	D	1.0	State	not in file	not in file	not in file	not in file	2006Q4
DISP_AllStatesAndTerritories_06302020.xlsx[ALL]	NE	SOUTH SIOUX CITY POLICE DEPT	ILLUMINATOR,INFRARED	2006-11-17	735.4	1	Each	police	58	55	01	4684169	not in file	5855-01-468-4169	not in file	not in file	D	1.0	State	not in file	not in file	not in file	not in file	2006Q4
DISP_AllStatesAndTerritories_06302020.xlsx[ALL]	NE	SOUTH SIOUX CITY POLICE DEPT	ILLUMINATOR,INFRARED	2006-11-17	735.4	1	Each	police	58	55	01	4684169	not in file	5855-01-468-4169	not in file	not in file	D	1.0	State	not in file	not in file	not in file	not in file	2006Q4
DISP_AllStatesAndTerritories_06302020.xlsx[ALL]	NE	SOUTH SIOUX CITY POLICE DEPT	ILLUMINATOR,INFRARED	2006-11-17	735.4	1	Each	police	58	55	01	4684169	not in file	5855-01-468-4169	not in file	not in file	D	1.0	State	not in file	not in file	not in file	not in file	2006Q4
DISP_AllStatesAndTerritories_06302020.xlsx[ALL]	NE	SOUTH SIOUX CITY POLICE DEPT	ILLUMINATOR,INFRARED	2006-11-17	735.4	1	Each	police	58	55	01	4684169	not in file	5855-01-468-4169	not in file	not in file	D	1.0	State	not in file	not in file	not in file	not in file	2006Q4
DISP_AllStatesAndTerritories_06302020.xlsx[ALL]	NE	SOUTH SIOUX CITY POLICE DEPT	ILLUMINATOR,INFRARED	2006-11-17	735.4	1	Each	police	58	55	01	4684169	not in file	5855-01-468-4169	not in file	not in file	D	1.0	State	not in file	not in file	not in file	not in file	2006Q4
DISP_AllStatesAndTerritories_06302020.xlsx[ALL]	NE	SOUTH SIOUX CITY POLICE DEPT	ILLUMINATOR,INFRARED	2006-11-17	735.4	1	Each	police	58	55	01	4684169	not in file	5855-01-468-4169	not in file	not in file	D	1.0	State	not in file	not in file	not in file	not in file	2006Q4
DISP_AllStatesAndTerritories_06302020.xlsx[ALL]	NE	SOUTH SIOUX CITY POLICE DEPT	ILLUMINATOR,INFRARED	2006-11-17	735.4	1	Each	police	58	55	01	4684169	not in file	5855-01-468-4169	not in file	not in file	D	1.0	State	not in file	not in file	not in file	not in file	2006Q4
DISP_AllStatesAndTerritories_06302020.xlsx[ALL]	NE	SOUTH SIOUX CITY POLICE DEPT	ILLUMINATOR,INFRARED	2006-11-17	735.4	1	Each	police	58	55	01	4684169	not in file	5855-01-468-4169	not in file	not in file	D	1.0	State	not in file	not in file	not in file	not in file	2006Q4
DISP_AllStatesAndTerritories_06302020.xlsx[ALL]	NE	SOUTH SIOUX CITY POLICE DEPT	ILLUMINATOR,INFRARED	2006-11-17	735.4	1	Each	police	58	55	01	4684169	not in file	5855-01-468-4169	not in file	not in file	D	1.0	State	not in file	not in file	not in file	not in file	2006Q4
DISP_AllStatesAndTerritories_06302020.xlsx[ALL]	NE	SOUTH SIOUX CITY POLICE DEPT	ILLUMINATOR,INFRARED	2006-11-17	735.4	1	Each	police	58	55	01	4684169	not in file	5855-01-468-4169	not in file	not in file	D	1.0	State	not in file	not in file	not in file	not in file	2006Q4
DISP_AllStatesAndTerritories_06302020.xlsx[ALL]	NE	SOUTH SIOUX CITY POLICE DEPT	ILLUMINATOR,INFRARED	2006-11-17	735.4	1	Each	police	58	55	01	4684169	not in file	5855-01-468-4169	not in file	not in file	D	1.0	State	not in file	not in file	not in file	not in file	2006Q4
DISP_AllStatesAndTerritories_06302020.xlsx[ALL]	NC	BLADEN COUNTY SHERIFF'S OFFICE	HELICOPTER,OBSERVATION	2006-12-04	190817.0	1	Each	sheriff	15	20	01	0204216	not in file	1520-01-020-4216	not in file	not in file	C	1.0	State	not in file	not in file	not in file	not in file	2006Q4
DISP_AllStatesAndTerritories_06302020.xlsx[ALL]	NC	WAYNE COUNTY SHERIFF OFFICE	HELICOPTER,OBSERVATION	2006-10-31	92290.0	1	Each	sheriff	15	20	00	1697137	not in file	1520-00-169-7137	not in file	not in file	C	1.0	State	not in file	not in file	not in file	not in file	2006Q4
DISP_AllStatesAndTerritories_06302020.xlsx[ALL]	NC	WAYNE COUNTY SHERIFF OFFICE	HELICOPTER,OBSERVATION	2006-11-03	190817.0	1	Each	sheriff	15	20	01	0204216	not in file	1520-01-020-4216	not in file	not in file	C	1.0	State	not in file	not in file	not in file	not in file	2006Q4
DISP_AllStatesAndTerritories_06302020.xlsx[ALL]	NC	WILMINGTON POLICE DEPT	HELICOPTER,OBSERVATION	2006-10-18	190817.0	1	Each	police	15	20	01	0204216	not in file	1520-01-020-4216	not in file	not in file	C	1.0	State	not in file	not in file	not in file	not in file	2006Q4
DISP_AllStatesAndTerritories_06302020.xlsx[ALL]	OH	WATERVILLE POLICE DEPT	IMAGER,OPTICAL	2006-12-10	2303.0	1	Each	police	58	55	01	2014857	not in file	5855-01-201-4857	not in file	not in file	F	1.0	State	not in file	not in file	not in file	not in file	2006Q4
DISP_AllStatesAndTerritories_06302020.xlsx[ALL]	RI	COVENTRY POLICE DEPT	IMAGE INTENSIFIER TUBE,NIGHT VISION	2006-11-04	2259.0	1	Each	police	58	55	01	5044589	not in file	5855-01-504-4589	not in file	not in file	F	1.0	State	not in file	not in file	not in file	not in file	2006Q4
DISP_AllStatesAndTerritories_06302020.xlsx[ALL]	WI	ELLSWORTH POLICE DEPT	NIGHT VISION EQUIP, EMIT, REFLECTED RAD	2006-11-01	24193.0	1	Each	police	58	55	DS	NIGHTVI	not in file	5855-DS-NIG-HTVI	not in file	not in file	D		State	not in file	not in file	not in file	not in file	2006Q4
DISP_AllStatesAndTerritories_06302020.xlsx[ALL]	WI	ELLSWORTH POLICE DEPT	NIGHT VISION EQUIP, EMIT, REFLECTED RAD	2006-11-01	24193.0	1	Each	police	58	55	DS	NIGHTVI	not in file	5855-DS-NIG-HTVI	not in file	not in file	D		State	not in file	not in file	not in file	not in file	2006Q4
DISP_AllStatesAndTerritories_06302020.xlsx[ALL]	WI	ELLSWORTH POLICE DEPT	NIGHT VISION EQUIP, EMIT, REFLECTED RAD	2006-11-01	24193.0	1	Each	police	58	55	DS	NIGHTVI	not in file	5855-DS-NIG-HTVI	not in file	not in file	D		State	not in file	not in file	not in file	not in file	2006Q4
DISP_AllStatesAndTerritories_06302020.xlsx[ALL]	WI	GREEN BAY POLICE DEPT	RIFLE,7.62 MILLIMETER	2006-11-17	138.0	1	Each	police	10	05	00	5891271	not in file	1005-00-589-1271	not in file	not in file	D	1.0	State	not in file	not in file	not in file	not in file	2006Q4
DISP_AllStatesAndTerritories_06302020.xlsx[ALL]	WI	GREEN BAY POLICE DEPT	RIFLE,7.62 MILLIMETER	2006-11-17	138.0	1	Each	police	10	05	00	5891271	not in file	1005-00-589-1271	not in file	not in file	D	1.0	State	not in file	not in file	not in file	not in file	2006Q4
DISP_AllStatesAndTerritories_06302020.xlsx[ALL]	WI	GREEN BAY POLICE DEPT	RIFLE,7.62 MILLIMETER	2006-11-17	138.0	1	Each	police	10	05	00	5891271	not in file	1005-00-589-1271	not in file	not in file	D	1.0	State	not in file	not in file	not in file	not in file	2006Q4
DISP_AllStatesAndTerritories_06302020.xlsx[ALL]	WI	GREEN BAY POLICE DEPT	RIFLE,7.62 MILLIMETER	2006-11-17	138.0	1	Each	police	10	05	00	5891271	not in file	1005-00-589-1271	not in file	not in file	D	1.0	State	not in file	not in file	not in file	not in file	2006Q4
DISP_AllStatesAndTerritories_06302020.xlsx[ALL]	WI	GREEN BAY POLICE DEPT	RIFLE,7.62 MILLIMETER	2006-11-17	138.0	1	Each	police	10	05	00	5891271	not in file	1005-00-589-1271	not in file	not in file	D	1.0	State	not in file	not in file	not in file	not in file	2006Q4
OriginatingFile	StateAbbreviation	RequestingAgency	ItemDescription	RecordDate	AcquisitionValue	Quantity	UnitIncrement	AgencyType	Item_FSG	Item_FSC	Item_CC	Item_Code	Justification	NSN	FSC	NIIN	DEMILCode	DEMILIC	StationType	RequisitionID	CancelledBy	RTDRef	ReasonCancelled	Quarter
DISP_AllStatesAndTerritories_03312020.xlsx[ALL]	AL	COFFEE COUNTY SHERIFF OFFICE	HELICOPTER,OBSERVATION	2006-10-04	190817.0	1	Each	sheriff	15	20	01	0204216	not in file	1520-01-020-4216	not in file	not in file	C	1.0	State	not in file	not in file	not in file	not in file	2006Q4
DISP_AllStatesAndTerritories_03312020.xlsx[ALL]	AR	BAXTER COUNTY SHERIFFS OFFICE	HELICOPTER,OBSERVATION	2006-12-08	92290.0	1	Each	sheriff	15	20	00	1697137	not in file	1520-00-169-7137	not in file	not in file	C	1.0	State	not in file	not in file	not in file	not in file	2006Q4
DISP_AllStatesAndTerritories_03312020.xlsx[ALL]	AR	BENTON COUNTY SHERIFF'S OFFICE	HELICOPTER,OBSERVATION	2006-10-16	190817.0	1	Each	sheriff	15	20	01	0204216	not in file	1520-01-020-4216	not in file	not in file	C	1.0	State	not in file	not in file	not in file	not in file	2006Q4
DISP_AllStatesAndTerritories_03312020.xlsx[ALL]	AR	BENTON COUNTY SHERIFF'S OFFICE	HELICOPTER,OBSERVATION	2006-11-30	92290.0	1	Each	sheriff	15	20	00	1697137	not in file	1520-00-169-7137	not in file	not in file	C	1.0	State	not in file	not in file	not in file	not in file	2006Q4
DISP_AllStatesAndTerritories_03312020.xlsx[ALL]	AR	MISSISSIPPI COUNTY SHERIFF DEPT	HELICOPTER,OBSERVATION	2006-12-08	190817.0	1	Each	sheriff	15	20	01	0204216	not in file	1520-01-020-4216	not in file	not in file	C	1.0	State	not in file	not in file	not in file	not in file	2006Q4
DISP_AllStatesAndTerritories_03312020.xlsx[ALL]	AR	PULASKI COUNTY SHERIFFS OFFICE	RIFLE,7.62 MILLIMETER	2006-10-16	1278.0	1	Each	sheriff	10	05	00	1790300	not in file	1005-00-179-0300	not in file	not in file	D	1.0	State	not in file	not in file	not in file	not in file	2006Q4
DISP_AllStatesAndTerritories_03312020.xlsx[ALL]	CO	MONTE VISTA POLICE DEPARTMENT	RIFLE,7.62 MILLIMETER	2006-11-09	206.0	1	Each	police	10	05	00	0725011	not in file	1005-00-072-5011	not in file	not in file	D	1.0	State	not in file	not in file	not in file	not in file	2006Q4
DISP_AllStatesAndTerritories_03312020.xlsx[ALL]	CO	MONTE VISTA POLICE DEPARTMENT	RIFLE,7.62 MILLIMETER	2006-11-09	206.0	1	Each	police	10	05	00	0725011	not in file	1005-00-072-5011	not in file	not in file	D	1.0	State	not in file	not in file	not in file	not in file	2006Q4
DISP_AllStatesAndTerritories_03312020.xlsx[ALL]	CO	MONTE VISTA POLICE DEPARTMENT	RIFLE,7.62 MILLIMETER	2006-11-09	206.0	1	Each	police	10	05	00	0725011	not in file	1005-00-072-5011	not in file	not in file	D	1.0	State	not in file	not in file	not in file	not in file	2006Q4
DISP_AllStatesAndTerritories_03312020.xlsx[ALL]	CO	MONTE VISTA POLICE DEPARTMENT	RIFLE,7.62 MILLIMETER	2006-11-09	206.0	1	Each	police	10	05	00	0725011	not in file	1005-00-072-5011	not in file	not in file	D	1.0	State	not in file	not in file	not in file	not in file	2006Q4
DISP_AllStatesAndTerritories_03312020.xlsx[ALL]	CO	MONTE VISTA POLICE DEPARTMENT	RIFLE,7.62 MILLIMETER	2006-11-09	206.0	1	Each	police	10	05	00	0725011	not in file	1005-00-072-5011	not in file	not in file	D	1.0	State	not in file	not in file	not in file	not in file	2006Q4
DISP_AllStatesAndTerritories_03312020.xlsx[ALL]	CO	MONTE VISTA POLICE DEPARTMENT	RIFLE,7.62 MILLIMETER	2006-11-09	206.0	1	Each	police	10	05	00	0725011	not in file	1005-00-072-5011	not in file	not in file	D	1.0	State	not in file	not in file	not in file	not in file	2006Q4
DISP_AllStatesAndTerritories_03312020.xlsx[ALL]	FL	FISH AND WILDLIFE LAW ENF	HELICOPTER,OBSERVATION	2006-11-17	190817.0	1	Each	law enforcement	15	20	01	0204216	not in file	1520-01-020-4216	not in file	not in file	C	1.0	State	not in file	not in file	not in file	not in file	2006Q4
DISP_AllStatesAndTerritories_03312020.xlsx[ALL]	FL	PUTNAM COUNTY SHERIFFS OFFICE	RIFLE,5.56 MILLIMETER	2006-12-27	499.0	1	Each	sheriff	10	05	00	0739421	not in file	1005-00-073-9421	not in file	not in file	D	1.0	State	not in file	not in file	not in file	not in file	2006Q4
DISP_AllStatesAndTerritories_03312020.xlsx[ALL]	GA	COLUMBUS POLICE DEPARTMENT	HELICOPTER,OBSERVATION	2006-11-08	190817.0	1	Each	police	15	20	01	0204216	not in file	1520-01-020-4216	not in file	not in file	C	1.0	State	not in file	not in file	not in file	not in file	2006Q4
DISP_AllStatesAndTerritories_03312020.xlsx[ALL]	IL	BRAIDWOOD POLICE DEPT	HELICOPTER,OBSERVATION	2006-11-09	190817.0	1	Each	police	15	20	01	0204216	not in file	1520-01-020-4216	not in file	not in file	C	1.0	State	not in file	not in file	not in file	not in file	2006Q4
DISP_AllStatesAndTerritories_03312020.xlsx[ALL]	IL	BRAIDWOOD POLICE DEPT	HELICOPTER,OBSERVATION	2006-11-17	190817.0	1	Each	police	15	20	01	0204216	not in file	1520-01-020-4216	not in file	not in file	C	1.0	State	not in file	not in file	not in file	not in file	2006Q4
DISP_AllStatesAndTerritories_03312020.xlsx[ALL]	IL	LEBANON POLICE DEPT	PISTOL,CALIBER .45,AUTOMATIC	2006-10-31	58.71	1	Each	police	10	05	00	7265655	not in file	1005-00-726-5655	not in file	not in file	D	1.0	State	not in file	not in file	not in file	not in file	2006Q4
DISP_AllStatesAndTerritories_03312020.xlsx[ALL]	IL	LEBANON POLICE DEPT	PISTOL,CALIBER .45,AUTOMATIC	2006-10-31	58.71	1	Each	police	10	05	00	7265655	not in file	1005-00-726-5655	not in file	not in file	D	1.0	State	not in file	not in file	not in file	not in file	2006Q4
DISP_AllStatesAndTerritories_03312020.xlsx[ALL]	IL	LEBANON POLICE DEPT	PISTOL,CALIBER .45,AUTOMATIC	2006-10-31	58.71	1	Each	police	10	05	00	7265655	not in file	1005-00-726-5655	not in file	not in file	D	1.0	State	not in file	not in file	not in file	not in file	2006Q4
DISP_AllStatesAndTerritories_03312020.xlsx[ALL]	IL	LEBANON POLICE DEPT	PISTOL,CALIBER .45,AUTOMATIC	2006-10-31	58.71	1	Each	police	10	05	00	7265655	not in file	1005-00-726-5655	not in file	not in file	D	1.0	State	not in file	not in file	not in file	not in file	2006Q4
DISP_AllStatesAndTerritories_03312020.xlsx[ALL]	IL	LEBANON POLICE DEPT	PISTOL,CALIBER .45,AUTOMATIC	2006-10-31	58.71	1	Each	police	10	05	00	7265655	not in file	1005-00-726-5655	not in file	not in file	D	1.0	State	not in file	not in file	not in file	not in file	2006Q4
DISP_AllStatesAndTerritories_03312020.xlsx[ALL]	IL	LEBANON POLICE DEPT	RIFLE,7.62 MILLIMETER	2006-10-31	138.0	1	Each	police	10	05	00	5891271	not in file	1005-00-589-1271	not in file	not in file	D	1.0	State	not in file	not in file	not in file	not in file	2006Q4
DISP_AllStatesAndTerritories_03312020.xlsx[ALL]	IL	LEBANON POLICE DEPT	PISTOL,CALIBER .45,AUTOMATIC	2006-10-31	58.71	1	Each	police	10	05	00	7265655	not in file	1005-00-726-5655	not in file	not in file	D	1.0	State	not in file	not in file	not in file	not in file	2006Q4
DISP_AllStatesAndTerritories_03312020.xlsx[ALL]	IL	LEBANON POLICE DEPT	RIFLE,7.62 MILLIMETER	2006-10-31	138.0	1	Each	police	10	05	00	5891271	not in file	1005-00-589-1271	not in file	not in file	D	1.0	State	not in file	not in file	not in file	not in file	2006Q4
DISP_AllStatesAndTerritories_03312020.xlsx[ALL]	IL	LEBANON POLICE DEPT	PISTOL,CALIBER .45,AUTOMATIC	2006-10-31	58.71	1	Each	police	10	05	00	7265655	not in file	1005-00-726-5655	not in file	not in file	D	1.0	State	not in file	not in file	not in file	not in file	2006Q4
DISP_AllStatesAndTerritories_03312020.xlsx[ALL]	IL	LEBANON POLICE DEPT	PISTOL,CALIBER .45,AUTOMATIC	2006-10-31	58.71	1	Each	police	10	05	00	7265655	not in file	1005-00-726-5655	not in file	not in file	D	1.0	State	not in file	not in file	not in file	not in file	2006Q4
DISP_AllStatesAndTerritories_03312020.xlsx[ALL]	IL	LEBANON POLICE DEPT	PISTOL,CALIBER .45,AUTOMATIC	2006-10-31	58.71	1	Each	police	10	05	00	7265655	not in file	1005-00-726-5655	not in file	not in file	D	1.0	State	not in file	not in file	not in file	not in file	2006Q4
DISP_AllStatesAndTerritories_03312020.xlsx[ALL]	IL	LEBANON POLICE DEPT	RIFLE,5.56 MILLIMETER	2006-10-31	499.0	1	Each	police	10	05	00	0739421	not in file	1005-00-073-9421	not in file	not in file	D	1.0	State	not in file	not in file	not in file	not in file	2006Q4
DISP_AllStatesAndTerritories_03312020.xlsx[ALL]	IL	LEBANON POLICE DEPT	PISTOL,CALIBER .45,AUTOMATIC	2006-10-31	58.71	1	Each	police	10	05	00	7265655	not in file	1005-00-726-5655	not in file	not in file	D	1.0	State	not in file	not in file	not in file	not in file	2006Q4
DISP_AllStatesAndTerritories_03312020.xlsx[ALL]	IL	LEBANON POLICE DEPT	RIFLE,5.56 MILLIMETER	2006-10-31	499.0	1	Each	police	10	05	00	0739421	not in file	1005-00-073-9421	not in file	not in file	D	1.0	State	not in file	not in file	not in file	not in file	2006Q4
DISP_AllStatesAndTerritories_03312020.xlsx[ALL]	IL	TAZEWELL COUNTY SHERIFF OFFICE	VIEWER,NIGHT VISION	2006-11-28	2064.73	1	Each	sheriff	58	55	01	5253638	not in file	5855-01-525-3638	not in file	not in file	C	1.0	State	not in file	not in file	not in file	not in file	2006Q4
DISP_AllStatesAndTerritories_03312020.xlsx[ALL]	IL	TAZEWELL COUNTY SHERIFF OFFICE	VIEWER,NIGHT VISION	2006-11-28	2064.73	1	Each	sheriff	58	55	01	5253638	not in file	5855-01-525-3638	not in file	not in file	C	1.0	State	not in file	not in file	not in file	not in file	2006Q4
DISP_AllStatesAndTerritories_03312020.xlsx[ALL]	IL	TAZEWELL COUNTY SHERIFF OFFICE	VIEWER,NIGHT VISION	2006-11-28	2064.73	1	Each	sheriff	58	55	01	5253638	not in file	5855-01-525-3638	not in file	not in file	C	1.0	State	not in file	not in file	not in file	not in file	2006Q4
DISP_AllStatesAndTerritories_03312020.xlsx[ALL]	IL	TAZEWELL COUNTY SHERIFF OFFICE	VIEWER,NIGHT VISION	2006-11-28	2064.73	1	Each	sheriff	58	55	01	5253638	not in file	5855-01-525-3638	not in file	not in file	C	1.0	State	not in file	not in file	not in file	not in file	2006Q4
DISP_AllStatesAndTerritories_03312020.xlsx[ALL]	IL	TAZEWELL COUNTY SHERIFF OFFICE	VIEWER,NIGHT VISION	2006-11-28	2064.73	1	Each	sheriff	58	55	01	5253638	not in file	5855-01-525-3638	not in file	not in file	C	1.0	State	not in file	not in file	not in file	not in file	2006Q4
DISP_AllStatesAndTerritories_03312020.xlsx[ALL]	IL	TAZEWELL COUNTY SHERIFF OFFICE	VIEWER,NIGHT VISION	2006-11-28	2064.73	1	Each	sheriff	58	55	01	5253638	not in file	5855-01-525-3638	not in file	not in file	C	1.0	State	not in file	not in file	not in file	not in file	2006Q4
DISP_AllStatesAndTerritories_03312020.xlsx[ALL]	IL	WASHINGTON COUNTY SHERIFF OFFICE	NIGHT VISION SIGHT	2006-10-05	3489.0	1	Each	sheriff	58	55	00	0873144	not in file	5855-00-087-3144	not in file	not in file	F	1.0	State	not in file	not in file	not in file	not in file	2006Q4
DISP_AllStatesAndTerritories_03312020.xlsx[ALL]	IL	WASHINGTON COUNTY SHERIFF OFFICE	NIGHT VISION SIGHT	2006-10-05	3489.0	1	Each	sheriff	58	55	00	0873144	not in file	5855-00-087-3144	not in file	not in file	F	1.0	State	not in file	not in file	not in file	not in file	2006Q4
DISP_AllStatesAndTerritories_03312020.xlsx[ALL]	IL	WASHINGTON COUNTY SHERIFF OFFICE	NIGHT VISION SIGHT	2006-10-05	3489.0	1	Each	sheriff	58	55	00	0873144	not in file	5855-00-087-3144	not in file	not in file	F	1.0	State	not in file	not in file	not in file	not in file	2006Q4
DISP_AllStatesAndTerritories_03312020.xlsx[ALL]	IL	WINTHROP HARBOR POLICE DEPT	HELICOPTER,OBSERVATION	2006-11-15	190817.0	1	Each	police	15	20	01	0204216	not in file	1520-01-020-4216	not in file	not in file	C	1.0	State	not in file	not in file	not in file	not in file	2006Q4
DISP_AllStatesAndTerritories_03312020.xlsx[ALL]	IN	ANDERSON POLICE DEPT	RIFLE,5.56 MILLIMETER	2006-11-27	499.0	1	Each	police	10	05	00	0739421	not in file	1005-00-073-9421	not in file	not in file	D	1.0	State	not in file	not in file	not in file	not in file	2006Q4
DISP_AllStatesAndTerritories_03312020.xlsx[ALL]	IN	CLARK COUNTY SHERIFF OFFICE	NIGHT VISION EQUIP, EMIT, REFLECTED RAD	2006-12-12	4960.0	1	Each	sheriff	58	55	DS	NIGHTVI	not in file	5855-DS-NIG-HTVI	not in file	not in file	D		State	not in file	not in file	not in file	not in file	2006Q4
DISP_AllStatesAndTerritories_03312020.xlsx[ALL]	IN	CLARK COUNTY SHERIFF OFFICE	NIGHT VISION EQUIP, EMIT, REFLECTED RAD	2006-12-12	4960.0	1	Each	sheriff	58	55	DS	NIGHTVI	not in file	5855-DS-NIG-HTVI	not in file	not in file	D		State	not in file	not in file	not in file	not in file	2006Q4
DISP_AllStatesAndTerritories_03312020.xlsx[ALL]	KY	BOONE COUNTY SHERIFF DEPT	IMAGE INTENSIFIER,NIGHT VISION	2006-10-26	6624.96	6	Each	sheriff	58	55	01	3867136	not in file	5855-01-386-7136	not in file	not in file	C		State	not in file	not in file	not in file	not in file	2006Q4
DISP_AllStatesAndTerritories_03312020.xlsx[ALL]	KY	STATE POLICE	HELICOPTER,UTILITY	2006-10-16	922704.0	1	Each	police	15	20	00	0877637	not in file	1520-00-087-7637	not in file	not in file	C	1.0	State	not in file	not in file	not in file	not in file	2006Q4
DISP_AllStatesAndTerritories_03312020.xlsx[ALL]	MD	ANNAPOLIS POLICE DEPT	RIFLE,5.56 MILLIMETER	2006-10-02	499.0	1	Each	police	10	05	00	0739421	not in file	1005-00-073-9421	not in file	not in file	D	1.0	State	not in file	not in file	not in file	not in file	2006Q4
DISP_AllStatesAndTerritories_03312020.xlsx[ALL]	MD	ANNAPOLIS POLICE DEPT	RIFLE,5.56 MILLIMETER	2006-10-03	499.0	1	Each	police	10	05	00	0739421	not in file	1005-00-073-9421	not in file	not in file	D	1.0	State	not in file	not in file	not in file	not in file	2006Q4
DISP_AllStatesAndTerritories_03312020.xlsx[ALL]	MD	ANNAPOLIS POLICE DEPT	RIFLE,5.56 MILLIMETER	2006-10-02	499.0	1	Each	police	10	05	00	0739421	not in file	1005-00-073-9421	not in file	not in file	D	1.0	State	not in file	not in file	not in file	not in file	2006Q4
DISP_AllStatesAndTerritories_03312020.xlsx[ALL]	MD	ANNAPOLIS POLICE DEPT	RIFLE,5.56 MILLIMETER	2006-10-02	499.0	1	Each	police	10	05	00	0739421	not in file	1005-00-073-9421	not in file	not in file	D	1.0	State	not in file	not in file	not in file	not in file	2006Q4
DISP_AllStatesAndTerritories_03312020.xlsx[ALL]	MD	PRINCESS ANNE POLICE DEPT	NIGHT VISION SIGHT ASSEMBLY	2006-12-22	3207.0	1	Each	police	58	55	01	0177366	not in file	5855-01-017-7366	not in file	not in file	F	1.0	State	not in file	not in file	not in file	not in file	2006Q4
DISP_AllStatesAndTerritories_03312020.xlsx[ALL]	MI	GRAND LEDGE POLICE DEPARTMENT	PISTOL,CALIBER .45,AUTOMATIC	2006-10-31	58.71	1	Each	police	10	05	00	7265655	not in file	1005-00-726-5655	not in file	not in file	D	1.0	State	not in file	not in file	not in file	not in file	2006Q4
DISP_AllStatesAndTerritories_03312020.xlsx[ALL]	MI	GRAND LEDGE POLICE DEPARTMENT	PISTOL,CALIBER .45,AUTOMATIC	2006-10-31	58.71	1	Each	police	10	05	00	7265655	not in file	1005-00-726-5655	not in file	not in file	D	1.0	State	not in file	not in file	not in file	not in file	2006Q4
DISP_AllStatesAndTerritories_03312020.xlsx[ALL]	MI	GRAND LEDGE POLICE DEPARTMENT	PISTOL,CALIBER .45,AUTOMATIC	2006-10-31	58.71	1	Each	police	10	05	00	7265655	not in file	1005-00-726-5655	not in file	not in file	D	1.0	State	not in file	not in file	not in file	not in file	2006Q4
DISP_AllStatesAndTerritories_03312020.xlsx[ALL]	MI	GRAND LEDGE POLICE DEPARTMENT	PISTOL,CALIBER .45,AUTOMATIC	2006-10-31	58.71	1	Each	police	10	05	00	7265655	not in file	1005-00-726-5655	not in file	not in file	D	1.0	State	not in file	not in file	not in file	not in file	2006Q4
DISP_AllStatesAndTerritories_03312020.xlsx[ALL]	MI	GRAND LEDGE POLICE DEPARTMENT	PISTOL,CALIBER .45,AUTOMATIC	2006-10-31	58.71	1	Each	police	10	05	00	7265655	not in file	1005-00-726-5655	not in file	not in file	D	1.0	State	not in file	not in file	not in file	not in file	2006Q4
DISP_AllStatesAndTerritories_03312020.xlsx[ALL]	MI	GRAND LEDGE POLICE DEPARTMENT	PISTOL,CALIBER .45,AUTOMATIC	2006-10-31	58.71	1	Each	police	10	05	00	7265655	not in file	1005-00-726-5655	not in file	not in file	D	1.0	State	not in file	not in file	not in file	not in file	2006Q4
DISP_AllStatesAndTerritories_03312020.xlsx[ALL]	MI	GRAND LEDGE POLICE DEPARTMENT	PISTOL,CALIBER .45,AUTOMATIC	2006-10-31	58.71	1	Each	police	10	05	00	7265655	not in file	1005-00-726-5655	not in file	not in file	D	1.0	State	not in file	not in file	not in file	not in file	2006Q4
DISP_AllStatesAndTerritories_03312020.xlsx[ALL]	MI	GRAND LEDGE POLICE DEPARTMENT	PISTOL,CALIBER .45,AUTOMATIC	2006-10-31	58.71	1	Each	police	10	05	00	7265655	not in file	1005-00-726-5655	not in file	not in file	D	1.0	State	not in file	not in file	not in file	not in file	2006Q4
DISP_AllStatesAndTerritories_03312020.xlsx[ALL]	MI	GRAND LEDGE POLICE DEPARTMENT	PISTOL,CALIBER .45,AUTOMATIC	2006-10-31	58.71	1	Each	police	10	05	00	7265655	not in file	1005-00-726-5655	not in file	not in file	D	1.0	State	not in file	not in file	not in file	not in file	2006Q4
DISP_AllStatesAndTerritories_03312020.xlsx[ALL]	MI	GRAND LEDGE POLICE DEPARTMENT	PISTOL,CALIBER .45,AUTOMATIC	2006-10-31	58.71	1	Each	police	10	05	00	7265655	not in file	1005-00-726-5655	not in file	not in file	D	1.0	State	not in file	not in file	not in file	not in file	2006Q4
DISP_AllStatesAndTerritories_03312020.xlsx[ALL]	MI	GRAND LEDGE POLICE DEPARTMENT	PISTOL,CALIBER .45,AUTOMATIC	2006-10-31	58.71	1	Each	police	10	05	00	7265655	not in file	1005-00-726-5655	not in file	not in file	D	1.0	State	not in file	not in file	not in file	not in file	2006Q4
DISP_AllStatesAndTerritories_03312020.xlsx[ALL]	MI	GRAND LEDGE POLICE DEPARTMENT	PISTOL,CALIBER .45,AUTOMATIC	2006-10-31	58.71	1	Each	police	10	05	00	7265655	not in file	1005-00-726-5655	not in file	not in file	D	1.0	State	not in file	not in file	not in file	not in file	2006Q4
DISP_AllStatesAndTerritories_03312020.xlsx[ALL]	MI	GRAND LEDGE POLICE DEPARTMENT	PISTOL,CALIBER .45,AUTOMATIC	2006-10-31	58.71	1	Each	police	10	05	00	7265655	not in file	1005-00-726-5655	not in file	not in file	D	1.0	State	not in file	not in file	not in file	not in file	2006Q4
DISP_AllStatesAndTerritories_03312020.xlsx[ALL]	MI	GRAND LEDGE POLICE DEPARTMENT	PISTOL,CALIBER .45,AUTOMATIC	2006-10-31	58.71	1	Each	police	10	05	00	7265655	not in file	1005-00-726-5655	not in file	not in file	D	1.0	State	not in file	not in file	not in file	not in file	2006Q4
DISP_AllStatesAndTerritories_03312020.xlsx[ALL]	MI	GRAND LEDGE POLICE DEPARTMENT	PISTOL,CALIBER .45,AUTOMATIC	2006-10-31	58.71	1	Each	police	10	05	00	7265655	not in file	1005-00-726-5655	not in file	not in file	D	1.0	State	not in file	not in file	not in file	not in file	2006Q4
DISP_AllStatesAndTerritories_03312020.xlsx[ALL]	NE	SOUTH SIOUX CITY POLICE DEPT	ILLUMINATOR,INFRARED	2006-11-17	735.4	1	Each	police	58	55	01	4684169	not in file	5855-01-468-4169	not in file	not in file	D	1.0	State	not in file	not in file	not in file	not in file	2006Q4
DISP_AllStatesAndTerritories_03312020.xlsx[ALL]	NE	SOUTH SIOUX CITY POLICE DEPT	ILLUMINATOR,INFRARED	2006-11-17	735.4	1	Each	police	58	55	01	4684169	not in file	5855-01-468-4169	not in file	not in file	D	1.0	State	not in file	not in file	not in file	not in file	2006Q4
DISP_AllStatesAndTerritories_03312020.xlsx[ALL]	NE	SOUTH SIOUX CITY POLICE DEPT	ILLUMINATOR,INFRARED	2006-11-17	735.4	1	Each	police	58	55	01	4684169	not in file	5855-01-468-4169	not in file	not in file	D	1.0	State	not in file	not in file	not in file	not in file	2006Q4
DISP_AllStatesAndTerritories_03312020.xlsx[ALL]	NE	SOUTH SIOUX CITY POLICE DEPT	ILLUMINATOR,INFRARED	2006-11-17	735.4	1	Each	police	58	55	01	4684169	not in file	5855-01-468-4169	not in file	not in file	D	1.0	State	not in file	not in file	not in file	not in file	2006Q4
DISP_AllStatesAndTerritories_03312020.xlsx[ALL]	NE	SOUTH SIOUX CITY POLICE DEPT	ILLUMINATOR,INFRARED	2006-11-17	735.4	1	Each	police	58	55	01	4684169	not in file	5855-01-468-4169	not in file	not in file	D	1.0	State	not in file	not in file	not in file	not in file	2006Q4
DISP_AllStatesAndTerritories_03312020.xlsx[ALL]	NE	SOUTH SIOUX CITY POLICE DEPT	ILLUMINATOR,INFRARED	2006-11-17	735.4	1	Each	police	58	55	01	4684169	not in file	5855-01-468-4169	not in file	not in file	D	1.0	State	not in file	not in file	not in file	not in file	2006Q4
DISP_AllStatesAndTerritories_03312020.xlsx[ALL]	NE	SOUTH SIOUX CITY POLICE DEPT	ILLUMINATOR,INFRARED	2006-11-17	735.4	1	Each	police	58	55	01	4684169	not in file	5855-01-468-4169	not in file	not in file	D	1.0	State	not in file	not in file	not in file	not in file	2006Q4
DISP_AllStatesAndTerritories_03312020.xlsx[ALL]	NE	SOUTH SIOUX CITY POLICE DEPT	ILLUMINATOR,INFRARED	2006-11-17	735.4	1	Each	police	58	55	01	4684169	not in file	5855-01-468-4169	not in file	not in file	D	1.0	State	not in file	not in file	not in file	not in file	2006Q4
DISP_AllStatesAndTerritories_03312020.xlsx[ALL]	NE	SOUTH SIOUX CITY POLICE DEPT	ILLUMINATOR,INFRARED	2006-11-17	735.4	1	Each	police	58	55	01	4684169	not in file	5855-01-468-4169	not in file	not in file	D	1.0	State	not in file	not in file	not in file	not in file	2006Q4
DISP_AllStatesAndTerritories_03312020.xlsx[ALL]	NE	SOUTH SIOUX CITY POLICE DEPT	ILLUMINATOR,INFRARED	2006-11-17	735.4	1	Each	police	58	55	01	4684169	not in file	5855-01-468-4169	not in file	not in file	D	1.0	State	not in file	not in file	not in file	not in file	2006Q4
DISP_AllStatesAndTerritories_03312020.xlsx[ALL]	NE	SOUTH SIOUX CITY POLICE DEPT	ILLUMINATOR,INFRARED	2006-11-17	735.4	1	Each	police	58	55	01	4684169	not in file	5855-01-468-4169	not in file	not in file	D	1.0	State	not in file	not in file	not in file	not in file	2006Q4
DISP_AllStatesAndTerritories_03312020.xlsx[ALL]	NE	SOUTH SIOUX CITY POLICE DEPT	ILLUMINATOR,INFRARED	2006-11-17	735.4	1	Each	police	58	55	01	4684169	not in file	5855-01-468-4169	not in file	not in file	D	1.0	State	not in file	not in file	not in file	not in file	2006Q4
DISP_AllStatesAndTerritories_03312020.xlsx[ALL]	NC	BLADEN COUNTY SHERIFF'S OFFICE	HELICOPTER,OBSERVATION	2006-12-04	190817.0	1	Each	sheriff	15	20	01	0204216	not in file	1520-01-020-4216	not in file	not in file	C	1.0	State	not in file	not in file	not in file	not in file	2006Q4
DISP_AllStatesAndTerritories_03312020.xlsx[ALL]	NC	WAYNE COUNTY SHERIFF OFFICE	HELICOPTER,OBSERVATION	2006-10-31	92290.0	1	Each	sheriff	15	20	00	1697137	not in file	1520-00-169-7137	not in file	not in file	C	1.0	State	not in file	not in file	not in file	not in file	2006Q4
DISP_AllStatesAndTerritories_03312020.xlsx[ALL]	NC	WAYNE COUNTY SHERIFF OFFICE	HELICOPTER,OBSERVATION	2006-11-03	190817.0	1	Each	sheriff	15	20	01	0204216	not in file	1520-01-020-4216	not in file	not in file	C	1.0	State	not in file	not in file	not in file	not in file	2006Q4
DISP_AllStatesAndTerritories_03312020.xlsx[ALL]	NC	WILMINGTON POLICE DEPT	HELICOPTER,OBSERVATION	2006-10-18	190817.0	1	Each	police	15	20	01	0204216	not in file	1520-01-020-4216	not in file	not in file	C	1.0	State	not in file	not in file	not in file	not in file	2006Q4
DISP_AllStatesAndTerritories_03312020.xlsx[ALL]	OH	WATERVILLE POLICE DEPT	IMAGER,OPTICAL	2006-12-10	2303.0	1	Each	police	58	55	01	2014857	not in file	5855-01-201-4857	not in file	not in file	F	1.0	State	not in file	not in file	not in file	not in file	2006Q4
DISP_AllStatesAndTerritories_03312020.xlsx[ALL]	RI	COVENTRY POLICE DEPT	IMAGE INTENSIFIER TUBE,NIGHT VISION	2006-11-04	2259.0	1	Each	police	58	55	01	5044589	not in file	5855-01-504-4589	not in file	not in file	F	1.0	State	not in file	not in file	not in file	not in file	2006Q4
DISP_AllStatesAndTerritories_03312020.xlsx[ALL]	WI	ELLSWORTH POLICE DEPT	NIGHT VISION EQUIP, EMIT, REFLECTED RAD	2006-11-01	24193.0	1	Each	police	58	55	DS	NIGHTVI	not in file	5855-DS-NIG-HTVI	not in file	not in file	D		State	not in file	not in file	not in file	not in file	2006Q4
DISP_AllStatesAndTerritories_03312020.xlsx[ALL]	WI	ELLSWORTH POLICE DEPT	NIGHT VISION EQUIP, EMIT, REFLECTED RAD	2006-11-01	24193.0	1	Each	police	58	55	DS	NIGHTVI	not in file	5855-DS-NIG-HTVI	not in file	not in file	D		State	not in file	not in file	not in file	not in file	2006Q4
DISP_AllStatesAndTerritories_03312020.xlsx[ALL]	WI	ELLSWORTH POLICE DEPT	NIGHT VISION EQUIP, EMIT, REFLECTED RAD	2006-11-01	24193.0	1	Each	police	58	55	DS	NIGHTVI	not in file	5855-DS-NIG-HTVI	not in file	not in file	D		State	not in file	not in file	not in file	not in file	2006Q4
DISP_AllStatesAndTerritories_03312020.xlsx[ALL]	WI	GREEN BAY POLICE DEPT	RIFLE,7.62 MILLIMETER	2006-11-17	138.0	1	Each	police	10	05	00	5891271	not in file	1005-00-589-1271	not in file	not in file	D	1.0	State	not in file	not in file	not in file	not in file	2006Q4
DISP_AllStatesAndTerritories_03312020.xlsx[ALL]	WI	GREEN BAY POLICE DEPT	RIFLE,7.62 MILLIMETER	2006-11-17	138.0	1	Each	police	10	05	00	5891271	not in file	1005-00-589-1271	not in file	not in file	D	1.0	State	not in file	not in file	not in file	not in file	2006Q4
DISP_AllStatesAndTerritories_03312020.xlsx[ALL]	WI	GREEN BAY POLICE DEPT	RIFLE,7.62 MILLIMETER	2006-11-17	138.0	1	Each	police	10	05	00	5891271	not in file	1005-00-589-1271	not in file	not in file	D	1.0	State	not in file	not in file	not in file	not in file	2006Q4
DISP_AllStatesAndTerritories_03312020.xlsx[ALL]	WI	GREEN BAY POLICE DEPT	RIFLE,7.62 MILLIMETER	2006-11-17	138.0	1	Each	police	10	05	00	5891271	not in file	1005-00-589-1271	not in file	not in file	D	1.0	State	not in file	not in file	not in file	not in file	2006Q4
DISP_AllStatesAndTerritories_03312020.xlsx[ALL]	WI	GREEN BAY POLICE DEPT	RIFLE,7.62 MILLIMETER	2006-11-17	138.0	1	Each	police	10	05	00	5891271	not in file	1005-00-589-1271	not in file	not in file	D	1.0	State	not in file	not in file	not in file	not in file	2006Q4
