OriginatingFile	StateAbbreviation	RequestingAgency	ItemDescription	RecordDate	AcquisitionValue	Quantity	UnitIncrement	AgencyType	Item_FSG	Item_FSC	Item_CC	Item_Code	Justification	NSN	FSC	NIIN	DEMILCode	DEMILIC	StationType	RequisitionID	CancelledBy	RTDRef	ReasonCancelled	Quarter
DISP_AllStatesAndTerritories_06302020.xlsx[ALL]	ME	LIMESTONE POLICE DEPT	RIFLE,7.62 MILLIMETER	1993-01-04	138.0	1	Each	police	10	05	00	5891271	not in file	1005-00-589-1271	not in file	not in file	D	1.0	State	not in file	not in file	not in file	not in file	1993Q1
DISP_AllStatesAndTerritories_06302020.xlsx[ALL]	ME	LIMESTONE POLICE DEPT	RIFLE,7.62 MILLIMETER	1993-01-04	138.0	1	Each	police	10	05	00	5891271	not in file	1005-00-589-1271	not in file	not in file	D	1.0	State	not in file	not in file	not in file	not in file	1993Q1
OriginatingFile	StateAbbreviation	RequestingAgency	ItemDescription	RecordDate	AcquisitionValue	Quantity	UnitIncrement	AgencyType	Item_FSG	Item_FSC	Item_CC	Item_Code	Justification	NSN	FSC	NIIN	DEMILCode	DEMILIC	StationType	RequisitionID	CancelledBy	RTDRef	ReasonCancelled	Quarter
DISP_AllStatesAndTerritories_03312020.xlsx[ALL]	ME	LIMESTONE POLICE DEPT	RIFLE,7.62 MILLIMETER	1993-01-04	138.0	1	Each	police	10	05	00	5891271	not in file	1005-00-589-1271	not in file	not in file	D	1.0	State	not in file	not in file	not in file	not in file	1993Q1
DISP_AllStatesAndTerritories_03312020.xlsx[ALL]	ME	LIMESTONE POLICE DEPT	RIFLE,7.62 MILLIMETER	1993-01-04	138.0	1	Each	police	10	05	00	5891271	not in file	1005-00-589-1271	not in file	not in file	D	1.0	State	not in file	not in file	not in file	not in file	1993Q1
